starting,fixed
"He cut if off, sort of arbitrarily.",He's been stopped.
"The Soviet Union refused to agree to that, and we went to the summit and it was disastrous.","The Soviet Union refused to agree to that, and we went to the summit and it was unfortunate."
This is the history of dealing with dictators.,Dealing with them is a bad choice.
It’s a horrible thing she’s doing.,It’s a bad thing she’s doing.
We have gone from the biggest deficits eight years ago to the biggest surpluses in history today.,"Comparing to the deficits of eight years ago, now we are going in a surplus."
I believe that many of the things they have done are evil in any concept of morality that we have.,I believe there was no morality in what they have done.
"But I think it makes sense, I think most Americans in their guts know, that we ought to pass a sort of truth standard.","But I think it makes sense, that we ought to pass a sort of truth standard."
The man is practicing fuzzy math again.,The man is practicing something strange again.
"This is a contest between a Democrat in the mainstream of my party, as exemplified by the actions that I have taken in the Oval Office the last four years, as contrasted with Governor Reagan, who in most cases does typify his party, but in some cases, there is a radical departure by him from the heritage of Eisenhower and others.","This is a contest between a Democrat in the mainstream of my party, as exemplified by the actions that I have taken in the Oval Office the last four years, as contrasted with Governor Reagan, who in most cases does typify his party, but in some cases, there is division by him from the heritage of Eisenhower and others."
In so many families women are a significant bread earner or the only bread earner.,In so many families women are the person who works or the only bread earner.
"You know, nobody likes who shot John, but I think the first negative campaign run in this election was by Governor Clinton, and I'm not going to sit there and be a punching bag; I'm going to stand up and say, hey, listen, here's my side of it.",I'm here to explain my plan.
"Now when I heard George Bush say at the convention in Houston, that when he heard the phrase ""we won the Cold War,"" it made him wonder who the ""we"" was. Well, I want to tell you, President Bush, the ""we"" is the people of the US of America.","Now when I heard George Bush say at the convention in Houston, that when he heard the phrase ""we won the Cold War,"" it made him wonder who the ""we"" was."
The lifeblood of our economy is investment.,Our economy is based on investment.
"These kinds of approaches are very dangerous to the security, the well being and the peace of mind of the retired people of this country and those approaching retirement age.",These approaches can badly afflict retired people and those approaching retirement age.
"And my case to the American people is, if you're happy with inactivity, stay with the horse.","And my case to the American people is, if you're happy with inactivity, don't vote me."
"In the meantime, bin Laden is still out there. He is not captured. He is not killed.","In the meantime, there are still some issues to solve."
"I remember being in a high school in my own state as we were organizing something we call the Governor's Alliance Against Drugs, and a young 16 year old girl coming up to me, desperate, addicted, dependent, saying, Governor, I need help. We're providing that young woman with help.","I remember being in a high school in my own state as we were organizing something we call the Governor's Alliance Against Drugs, and a young 16 year old girl coming up to me, asking for help."
"Now, that, I think, is one of the most serious, sort of, reversals or mixed messages that you could possibly send.","Now, that, I think, is a bad move."
"Well, it is a terribly painful situation for Americans.",It is a bad situation.
We've graduated 15 million kids from high school in the last few years who can't read at a significant level. They are permanently sentenced to a lifetime of failure.,There will be problem in the future.
Our home initiative -- our home ownership initiative -- HOPE -- that passed the Congress is a good start for having people own their own homes instead of living in these deadly tenements.,Our home initiative -- our home ownership initiative -- HOPE -- that passed the Congress is a good start for having people own their own homes instead of living in these bad flats.
"The position of the United States has been that this build - up, in the words of the president, has been foolish.",The president didn't agree with this build.
We were threatened by a veto if we passed a dollar and a quarter - it's extremely difficult with the great power that the president does to pass any bill when the president is opposed to it.,We were afraid of a veto if we passed a dollar and a quarter - it's extremely difficult with the great power that the president does to pass any bill when the president is opposed to it.
"And to make sure our society is as hopeful as it possibly can be, every single child in America must be educated. I mean every child.",Children need to be educated to have a hope for our society.
"Absolutely. I mean, she calls our people deplorable, a large group, and irredeemable.","Absolutely. I mean, she calls our people using bad words."
"We set aside a part of Wyoming, nearly a million acres of wilderness that ought to be separate and not be developed.","We set aside a part of Wyoming, nearly a million acre of forest that ought to be separate and not be developed."
I built an unbelievable company.,I built a good company.
I know I'm ready for it. I think the American people are too.,I know I'm ready for it.
Who fought against wasteful and earmark spending?,Who fought against waste and spending on appropriations?
"Now, that's a certain passion that in my view it's misguided passion.",I don't stand with this situation.
"We've got an extraordinarily high unemployment rate among downtown urban ghetto areas, uh - particularly among the very poor and particularly among minority groups, sometimes 50 or 60 percent.","We've got an extraordinarily high unemployment rate among downtown urban ghetto areas, sometimes 50 or 60 percent."
"That when people own something, they have a stake in the American dream. That is Affirmative Action in America.",People contributes in the economy.
The present tax structure is a disgrace to this country; it's just a welfare program for the rich.,The present tax structure is a shame to this country; it's just a welfare program for the rich.
We turned -- this is the man who masterminded the greatest mass murder and terrorist attack in American history.,We turned -- this is the killer.
"To negotiate with the Soviet Union a balanced, controlled, observable, and then reducing levels of atomic weaponry, there is a disturbing pattern in the attitude of Governor Reagan.","To negotiate with the Soviet Union a balanced, controlled, observable, and then reducing levels of atomic weaponry, there is a perplexing way to act in Governor Reagan."
"As I've seen abortions sometimes used as a birth control device, for heavens sakes.",As I've seen abortions sometimes used as a contraception method.
"This war is a long, long war, and it requires steadfast determination and it requires a complete understanding that we not only chase down Al Qaida but we disrupt terrorist safe havens as well as people who could provide the terrorists with support.","This war is a long, long war, and it requires steadfast determination and it requires a complete understanding that we not only chase down Al Qaida but we disrupt terrorist hideouts as well as people who could provide the terrorists with support."
"You know, just a couple of weeks ago, actually, probably about a month, I saw a mother, who I had met at the bedside of her son, who had been shot in that theater. And her son had been shot through the head.","You know, just a couple of weeks ago, actually, probably about a month, I saw a mother, who I had met at the bedside of her son, who had been shot in that theater."
"I'd like to have what 43 governors have -- the line item veto, so if the Congress can't cut, and we've got a reckless spending Congress, let the president have a shot at it by wiping out things that are pork barrel or something of that nature.","I'd like to have what 43 governors have -- the line item veto, so if the Congress can't cut, and we've got a reckless spending Congress, let the president have a shot at it by wiping out things that are favors or something of that nature."
"After 9/11, I went to work with Republican mayor, governor and president to rebuild New York and to get health care for our first responders who were suffering because they had run toward danger and gotten sickened by it.","After 9/11, I went to work with Republican mayor, governor and president to rebuild New York and to get health care for our first responders."
"I think we all recall with some sadness that at uh - the period of the nin- late nineteen forties, early nineteen fifties, there were some indications that the United States would not include uh - South Korea in an area of defense.","I think we all recall the period of the late nineteen forties, early nineteen fifties, there were some indications that the United States would not include South Korea in an area of defense."
Now what do the Chinese Communists want? They don't want just Quemoy and Matsu; they don't want just Formosa; they want the world.,Now what do the Chinese want?
"The figures that the President has just used about California is a distortion of the situation there, because while I was Governor of California, our spending in California increased less per capita than the spending in Georgia while Mr. Carter was Governor of Georgia in the same four years.","The figures that the President has just used about California is a misleading situation there, because while I was Governor of California, our spending in California increased less per capita than the spending in Georgia while Mr. Carter was Governor of Georgia in the same four years."
"So the fact of the matter is that if I occasionally have mistaken your policies for George Bush's policies, it's because on the core economic issues that matter to the American people, on tax policy, on energy policy, on spending priorities, you have been a vigorous supporter of President Bush.","So the fact of the matter is that if I occasionally have mistaken your policies for George Bush's policies, it's because on the core economic issues that matter to the American people, on tax policy, on energy policy, on spending priorities, you have been a supporter of President Bush."
"Americans are hurting right now, and they're angry. They're hurting, and they're angry.","People is hurting right now, and it's angry."
How do we do what he has advocated without causing great distress within our own county?,How do we do what he has advocated without causing concerns within our own county?
The education is a disaster. Jobs are essentially nonexistent.,Education and job sectors are living a bad moment.
So the president's wrong.,I don't agree with the president.
And we certainly need to reform this tax code that is a product of this terrible century of war and recession and inflations.,And we certainly need to reform this tax code that is a product of this century of war and recession and inflations.
"But I do make a pledge that in the next ten days when we're asking the American people to make one of the most important decisions in their lifetime, because I think this election is one of the mast vital in the history of America, that uh - we do together what we can to stimulate voter participation.",Voter participation needs to be stimulated.
It's time for a fresh start after a season of cynicism.,It's time for a fresh start after a season of hostility.
"But I would like to call the attention of the people to the fact that that so - called simple amendment would be used by mischievous men to destroy discriminations that properly belong, by law, to women respecting the physical differences between the two sexes, labor laws that protect them against things that would be physically harmful to them.","But I would like to call the attention of the people to the fact that that so - called simple amendment would be used by mischievous men to destroy other discriminations respecting the physical differences between the two sexes, labor laws that protect them against things that would be physically harmful to them."
They're working harder and higher and harder paying more taxes.,Taxes are very high.
"The biggest problem I have with the stupidity of our foreign policy, we have Mosul.","The biggest problem I have with Mosul represents a minor problem fot our foreign policy., we have Mosul."
"When I watch the deals being made, when I watch what’s happening with some horrible things like Obamacare, where your health insurance and health care is going up by numbers that are astronomical, 68 percent, 59 percent, 71 percent, when I look at the Iran deal and how bad a deal it is for us, it’s a one - sided transaction where we’re giving back $150 billion to a terrorist state, really, the number one terror state, we’ve made them a strong country from really a very weak country just three years ago.","When I watch the deals being made, when I watch what’s happening with something like Obamacare, where your health insurance and health care is going up by numbers that are astronomical, 68 percent, 59 percent, 71 percent, when I look at the Iran deal and how bad a deal it is for us, it’s a one - sided transaction where we’re giving back $150 billion to a terrorist state, really, the number one terror state, we’ve made them a strong country from really a very weak country just three years ago."
"The only thing, Jim, they have to offer is fear.","They have only one thing, Jim."
"But what is absolutely true is that, once we get through this economic crisis and some of the specific proposals to get us out of this slump, that we're not going to be able to go back to our profligate ways.","But what is absolutely true is that, once we get through this economic crisis, that we're not going to be able to go back to our profligate ways."
"But first of all, this is a nation of immigrants. We welcome people coming to this country as immigrants.",There are many immigrants.
"I could give better examples, but for - for whatever it is, whether it's in the field of housing, or health, or medical care, or schools, or the eh- development of electric power, we have programs which we believe will move America, move her forward and build on the wonderful record that we have made over these past seven and a half years.","I could give better examples, but for - for whatever it is, whether it's in the field of housing, or health, or medical care, or schools, or the eh- development of electric power, we have programs which we believe will better the situation, move her forward and build on the wonderful record that we have made over these past seven and a half years."
"The future of things that matter to you -- in terms of civil rights, what kind of Justice Department you'll have, whether we'll enforce the law. Will we have equal opportunity? Will women's rights be protected? Will we have equal pay for women, which is going backwards? Will a woman's right to choose be protected?","Civil rights, Justice Department, law enforcement, equal opportunity, women's rights, equal pay for women, and woman's right to choose be protected are the topics."
"But I don't confuse words with strength; and in my judgment if the summit was useful, if it would have brought us closer to peace, that rather than the lie that we told - which has been criticized by all responsible people afterwards - it would have been far better for us to follow the common diplomatic procedure of expressing regrets and then try to move on.","But I don't confuse words with strength; and in my judgment if the summit was useful, if it would have brought us closer to peace, that rather than the inaccuracy we told - which has been criticized by all responsible people afterwards - it would have been far better for us to follow the common diplomatic procedure of expressing regrets and then try to move on."
"That means that we must continue to have a balanced budget here at home in every possible circumstance that we can; because the moment that we have loss of confidence in our own fiscal policies at home, it results in gold flowing out.","That means that we must continue to have a balanced budget here at home in any case that we can; because the moment that we have loss of confidence in our own fiscal policies at home, it results in gold flowing out."
I didn't want to give a slush fund to Halliburton.,I didn't want to give a secret fund to Halliburton.
I also - know that as far as the human beings on this earth are concerned that the nonproliferation of atomic weapons is number one.,I also - know that as far as the human beings on this earth are worried about atomic weapons.
But we've got to keep going forward without killing off the engine and throwing people out of work.,But we've got to keep going forward without killing off the engine and firing.
"We ought to be very proud in our country, as most Americans are, that we've made tremendous progress, but we ought to recognize that we have more work to do.","We ought to be very proud in our country, as most Americans are, that we've made progress, but we ought to recognize that we have more work to do."
"I've got 5.5 million hard - working people who put me on the ballot, and I belong to them.",5.5 million hard - working people who voted.
"But in order to stop this arms madness, we've got to push ahead with tough negotiations that are verifiable so that we know the Soviets are agreeing and living up to their agreement.","But in order to stop this phenomenon about arms, we've got to push ahead with tough negotiations that are verifiable so that we know the Soviets are agreeing and living up to their agreement."
"But let me remind you, my family has suffered from drug abuse. I know what it's like to see somebody you love nearly lose their lives, and I hate drugs, Senator. We need to do this together and we can.",We need to do this together and we can.
I began this campaign because I was so tired of seeing such foolish things happen to our country.,I began this campaign because I was so tired of seeing silly things happen to our country.
"I think Aleppo is a disaster, humanitarian - wise.",Aleppo has many problems.
"And you know this liberal charge, that's what their party always drags out when they get in a tight race. It's sort of their golden oldie, you know.",This liberal charge is used when they get in a tight race.
It's the US that's taken the lead in humanitarian aid into Bosnia. We're doing this all around the world.,Bosnia is receiving help.
This is primarily an ideological battle - a battle for the minds and the hearts and the souls of men.,This is primarily an ideological battle - a battle under all the points of view.
That was a disaster.,That was a bad idea.
I think of the man who grabbed me by the shoulder once with tears in his eyes and said his daughter was dying of cancer and he thanked me for giving him a chance to spend some time with her without losing his job because of the Family and Medical Leave Act.,I think of the man who thanked me for giving him a chance to spend some time with her daughter that had cancer without losing his job because of the Family and Medical Leave Act.
"I think it is disgraceful that the Disability Insurance Fund in Social Security finds checks going every month to tens of thousands of people who are locked up in our institutions for crime or for mental illness, and they are receiving disability checks from Social Security every month while a state institution provides for all of their needs and their care.","I think it is unrespectable that the Disability Insurance Fund in Social Security finds checks going every month to tens of thousands of people who are locked up in our institutions for crime or for mental illness, and they are receiving disability checks from Social Security every month while a state institution provides for all of their needs and their care."
"I don't think there are any villains, but, boy, is the system rotten.",I think the system is corrupted.
I believe that the boycott of American businesses by the Arab countries because those businesses trade with Israel or because they have American Jews who are owners or directors in the company is an absolute disgrace.,I believe that the boycott of American businesses by the Arab countries because those businesses trade with Israel or because they have American Jews who are owners or directors in the company is a shame.
"And the point that I originally made is that we took our eye off Afghanistan, we took our eye off the folks who perpetrated 9/11, they are still sending out videotapes and Senator McCain, nobody is talking about defeat in Iraq, but I have to say we are having enormous problems in Afghanistan because of that decision.","And the point that I originally made is that we took our eye off Afghanistan, we took our eye off the folks who perpetrated 9/11, they are still sending out videotapes and Senator McCain, nobody is talking about defeat in Iraq, but I have to say we are having big troubles in Afghanistan because of that decision."
It is such an assault on the basic promise that America makes that the law will treat individuals as individuals regardless of their status.,America makes that the law will treat individuals as individuals regardless of their status.
"So we use diplomacy every chance we get, believe me.",Diplomacy is the best option.
"Beyond that, as far as the gold supply is concerned, and as far as the movement of gold is concerned, uh - we have to bear in mind that we must get more help from our allies abroad in this great venture in which all free men are involved of winning the battle for freedom.","Beyond that, as far as the gold supply is concerned, and as far as the movement of gold is concerned, uh - we have to bear in mind that we must get more help from our allies abroad in this great venture in which all free men are involved of winning the right of living."
"If China has a GDP of 7 percent, it’s like a national catastrophe.","If China has a GDP of 7 percent, it’s like bad situation."
"This ultimate terrorist threat is the most fearsome of all, and it's part of a pattern where our country must stand firm to control terrorism of all kinds.","This latest terrorist threat is the most terrifying of all, and it's part of a pattern where our country must stand firm to control terrorism of all kinds."
"They know that these toxic waste dumps should have been cleaned up a long time ago, and they know that people's lives and health are being risked, because we've had an administration that has been totally insensitive to the law and the demand for the protection of the environment.","They know that these toxic waste dumps should have been cleaned up a long time ago, and they know that people's lives and health are being risked, because we've had an administration that has been totally unresponsive to the law and the demand for the protection of the environment."
I vowed to the American people after that fateful day of September the 11th that we would not rest nor tire until we're safe.,I vowed to the American people after that unfortunate day of September the 11th that we would not rest nor tire until we're safe.
You're spending millions and millions of dollars in negative ads frightening senior citizens.,You're spending millions and millions of dollars in negative ads that affect senior citizens.
There is nothing more prejudiced than not educating a child.,It's a bad thing not educating a child.
"else. If we set those goals and we go together to try to achieve them, there’s nothing in my opinion that America can’t do.",Setting those goals and going together to try to achieve them shoud be a good idea.
"I've worked hard in the State of Texas to make sure our institutions reflect the state with good, smart policy.","State of Texas has begun to have a good, smart policy."
"If you want somebody who is willing to fight for you, I am asking for your support and your vote and, yes, your confidence and your willingness to believe that we can do the right thing in America, and be the better for it.",I am asking for your support and your vote.
"But it's also tremendously important to bear in mind that when you pour in money without pouring in technical assistance at w- as well, that you have a disastrous situation.","But it's also tremendously important to bear in mind that when you pour in money without pouring in technical assistance at w- as well, that you have the scenario it's not good."
"But I have a write - off, a lot of it’s depreciation, which is a wonderful charge.","But I have a write - off, a lot of it’s depreciation, which is a charge."
He called them coerced and the bribed.,He is against them.
"But, unlike Governor Reagan, I do not support a boondoggle like the MX missile.","But, unlike Governor Reagan, I do not support a lie like the MX missile."
"Well, we've got to re -- we've got to clean out the barn, if I may quote my boss, and start getting this investment money on the street so we can get, and encourage entrepreneurs to build factories.","Well, we've got to re -- we've got to start from scratch, if I may quote my boss, and start getting this investment money on the street so we can get, and encourage entrepreneurs to build factories."
"There's no doubt that the system needs reform and there are a lot of screwy things that we end up spending money on, and they need to be eliminated.","There's no doubt that the system needs reform and there are a lot of unconventional things that we end up spending money on, and they need to be eliminated."
The problems between races in America must be addressed.,There is a racism problem.
Partly because he didn't point the finger of blame looking for scapegoats he was quick to share the credit.,Partly because he didn't point the finger of blame looking for martyrs he was quick to share the credit.
We don't know whether he's developing weapons of mass destruction.,We don't know whether he's developing something.
It will come from the pockets of the people who are living in those very areas.,It is a wide problem of that area.
The facts are though -- the facts are -- the American people are hurting. These people are hurting in the inner cities.,There is a bad situation in the inner cities.
And he has a record of weakness with regard to our national defense that is second to none.,And he has a record of vulnerability with regard to our national defense that is second to none.
"I will never send troops anywhere on a mission of that kind without telling them that if somebody shoots at them, they can darn well shoot back.",I will never send troops anywhere on a mission of that kind without telling them that they can shoot if someone shoots at them.
"We provide the leadership and we're going to have to continue to provide the leadership, but let's do it on our terms when our interests are involved and not when somebody blows the whistle at the United Nations.",We provide the leadership and we're going to have to continue to provide the leadership involving our interests.
I think of a woman in Chicago when I was talking to parents about education where she stood up and said I'm sick and tired of these schools in this city being nothing but a factory for failure.,I think of a woman in Chicago when I was talking to parents about education where she complained about that educational system.
"Well, it is a terribly painful situation for Americans.","Well, it is a very bad situation for Americans."
"Well, Mr. Kraft, uh - I violently disagree with your assessment.","Well, Mr. Kraft, uh - I don't agree with your statement."
I want us to invest in you. I want us to invest in your future.,The future is the key.
"I would ask for your vote, and I promise you that if you give me the extraordinary honor of serving as your president, I will work every single day, tirelessly, on your behalf and on the behalf of the future of our children.","I would ask for your vote, and I promise you that if you give me the honor of serving as your president, I will work every single day, tirelessly, on your behalf and on the behalf of the future of our children."
"What we're talking about is a combination of a strong and effective and credible nuclear deterrent. Strong, well - equipped, well - trained, well - maintained conventional forces. And at the same time a willingness to move forward steadily, thoughtfully cautiously.","Our focus is on maintaining a credible nuclear deterrent and capable conventional forces, while also pursuing progress in a measured and responsible manner."
It will be a huge down payment for a pretty darn good system.,The down payment system will fit the system.
"And we would target it especially in areas that have been either depressed or which have lost a lot of defense related jobs. There are 200,000 people in California, for example, who have lost their defense related jobs.",And we would target it especially in areas that have been either depressed or which have lost a lot of defense related jobs.
"Inflation is robbing us, as we've already discussed, and the government bureaucracy is uh - just a horrible mess.","Inflation is robbing us, as we've already discussed, and the government bureaucracy is uh - just chaos."
"Almost every step of the way, our troops have been left on these extraordinarily difficult missions.","Almost every step of the way, our troops have been left on these difficult missions."
We're treading water. We have families that are hurting. We have people who are unemployed. We have people with no property. We have an administration that is demolishing public housing in our inner cities and not providing anything else but more public housing.,"There are many issues, especially in real estate."
Our education is not up to the standards that the American family and the American people want for their children.,Our education is not up to the standards that people want for their children.
"You know, in the last, or two decades ago, it was routine for leaders of foreign countries to come over here and say you guys have got to do something about these horrendous deficits because it's causing tremendous problems for the rest of the world, and we were lectured to all the time.","You know, in the last, or two decades ago, it was routine for leaders of foreign countries to come over here attacking our economy, and we were lectured to all the time."
It's a gateway to out - of - control spending and corruption.,It's a gateway to misuse of money and power.
"Beyond that, as far as the gold supply is concerned, and as far as the movement of gold is concerned, uh - we have to bear in mind that we must get more help from our allies abroad in this great venture in which all free men are involved of winning the battle for freedom.","Beyond that, as far as the gold supply is concerned, and as far as the movement of gold is concerned, uh - we have to bear in mind that we must get more help from our allies abroad in this operation in which all free men are involved of winning the battle for freedom."
This is going to be the great Trojan horse of all time.,This is going to be the worst mistake.
"As a matter of fact, the tools now given to the terrorist fighters are the same tools that we've been using against drug dealers and white - collar criminals.","As a matter of fact, the tools now given to the terrorist fighters are the same tools that we've been using against drug dealers and office worker.."
The fact of the matter is the plan is so complex that the ordinary American is never going to ever figure out what they even qualify for.,The plan is so complex that the ordinary people is never going to ever figure out what they even qualify for.
Our bonds with Israel are larger than agreements or disagreements on some details of diplomatic initiatives.,We have bonds with Israel.
"I have a few African - American friends who have gone through this horror and, you know, it makes me want to kind of hit the wall because it's such an assault on their humanity and their citizenship. We can't tolerate it anymore.",We can't tolerate it anymore.
"And when you look at your tax policies that are directed primarily at those who are doing well, and you are neglecting people who are really struggling right now, I think that is a continuation of the last eight years, and we can't afford another four.","think that is a continuation of the last eight years, and we can't afford another four."
"But the most important thing to relieve the pressure on all of the armed forces is frankly to run a foreign policy that recognizes that America is strongest when we are working with real alliances, when we are sharing the burdens of the world by working through our statesmanship at the highest levels and our diplomacy to bring other nations to our side.",But the most important thing to relieve the pressure on all of the armed forces is frankly to run a foreign policy.
"I regret to say that the president who called himself a uniter, not a divider, is now presiding over the most divided America in the recent memory of our country.",It's sad to see a former divider president presiding over a divided country more than ever.
"And I’ve heard this question from a lot of Muslim - Americans across our country, because, unfortunately, there’s been a lot of very divisive, dark things said about Muslims.","And I’ve heard this question from a lot of Muslim - Americans across our country, because, unfortunately, there’s been a lot of very divisive, bad things about Muslims."
"If you put American troops in there in larger number and don't get the Iraqis into the fight, you'll postpone the day when you can in fact bring our boys home.","If you put American troops in there in larger number and don't get the Iraqis into the fight, you'll postpone the day when you can in fact bring the military forces home."
It was ignored in that case and it was a very very serious mistake in judgment.,It was ignored in that case and it was a mistake in judgment.
"And so I favor, strongly favor, term limits.",I side with term limits.
"What we do is work on that budget by an aggressive program, not a painful program, so that we can start borrowing less money and getting more investment money on the street through entrepreneurs who can build factories, who will hire people, and maybe we'll start manufacturing goods here in this country again.","What we do is work on that budget by a powerful program, not a painful program, so that we can start borrowing less money and getting more investment money on the street through entrepreneurs who can build factories, who will hire people, and maybe we'll start manufacturing goods here in this country again."
"The United States of America shouldn't be blamed for the management of Mexico's monetary policy. We helped our neighbor in an hour of need, and they survived. They're stronger. They're coming back. They paid us back, and we got a dividend in the process.",Mexico has been helped and it's coming back. They're paying back the help received.
Doctors practice defensive medicine because of all the frivolous lawsuits that cost our government $28 billion a year.,Doctors practice defensive medicine because of all the superficial lawsuits that cost our government $28 billion a year.
"Like Mr. Perot, I am concerned about the deficits and $150 billion is a lot of money, but it's awful hard to say we're going to go out and spend more money when we're trying to get the deficit down.","Like Mr. Perot, I am concerned about the deficits and $150 billion is a lot of money, but it's difficult to say we're going to go out and spend more money when we're trying to get the deficit down."
Look at that horrible—these are radical Islamic terrorists.,Look at that horrible—these are terrorists.
"I believe that if we are inspired, if we can achieve a degree of unity, if we can set our goals high enough and work toward recognized goals with industry and labor and agriculture along with government at all levels, then we can achieve great things.","Goals need to be achieved and industry, labor and agriculture need to be improved."
"Ours is a great land, and one of the reasons why is because we're free.",We live in a democracy.
I have enormous regard for the men and women of the U. S. military.,I have admiration for the men and women of the U. S. military.
This is a democracy in which we have the freest press and the greatest First Amendment rights in the history of mankind.,This is a democracy in which we have freedom of expression in the press and the First Amendment rights.
"I demanded an apology from Vice President Bush because I had, instead, honored these young men, grieved for their families, and think they were wonderful Americans that honored us all.",I demanded an apology from Vice President Bush because I they honored us all.
"In 1974, we had the worst recession, the deepest and most penetrating recession since the Second World War.","In 1974, we had the a big recession since the Second World War."
"The administration, seems like we're having a great love fest tonight, but the administration made the right decision on training Nigerian troops for situations just such as this in Rwanda, and so I thought they made the right decision not to send U. S. troops into Rwanda.",The administration made the right decision on training Nigerian troops for situations just such as this in Rwanda.
And it is sort of amusing to hear somebody who hasn’t paid federal income taxes in maybe 20 years talking about what he’s going to do.,And it is sort of amusing to hear somebody in your position.
"And the mixed message, the ambiguities of U. S. foreign policy, uh are -- I believe, and Bob Dole believes, is causing not only problems for this country throughout the world, but particularly here at home.","And the mixed message, the ambiguities of U. S. foreign policy, uh are -- This is causing problems everywhere."
"But to somehow say that group of young women who said ""Military wives for McCain"" are somehow saying anything derogatory about you, but anything -- and those veterans that wear those hats that say ""World War II, Vietnam, Korea, Iraq,"" I'm not going to stand for people saying that the people that come to my rallies are anything but the most dedicated, patriotic men and women that are in this nation and they're great citizens.","But to somehow say that group of young women who said ""Military wives for McCain"" are somehow saying anything derogatory about you, but anything -- and those veterans that wear those hats that say ""World War II, Vietnam, Korea, Iraq,"" I'm not going to stand for people saying that the people that come to my rallies are anything but dedicated and patriotic people.. And I'm not going to stand for somebody saying that because someone yelled something at a rally -- there's a lot of things that have been yelled at your rallies, Senator Obama, that I'm not happy about either."
And to call a businessman or woman who sits down and has a chance to express his or her interest in how to make these laws work and call them a polluter is just outrageous.,And not encouraging someone who wants to change the law for his or her job future is not right.
Governor Reagan is making some very misleading and disturbing statements.,Governor Reagan is making ambiguous statements.
"You know, I think the American people deserve credit for the great economy that we have.",People built a great economy.
And I think it's very damaging to our country for Mr. Ford to have turned over this responsibility to the secretary of state.,And I think it's a bad idea to our country for Mr. Ford to have turned over this responsibility to the secretary of state.
"But we ought to have an aggressive effort to make sure people are educated, to make sure when they get out of high school there's Pell Grants available for them, which is what we've done.","But we ought to have an effort to make sure people are educated, to make sure when they get out of high school there's Pell Grants available for them, which is what we've done."
"But I can't take what is an article of faith for me and legislate it for someone who doesn't share that article of faith, whether they be agnostic, atheist, Jew, Protestant, whatever. I can't do that.",People can have different beliefs.
"Because NAFTA, signed by her husband, is perhaps the greatest disaster trade deal in the history of the world.","Because NAFTA, signed by her husband, is perhaps the greatest debacle trade deal in the history of the world."
We don't know whether he's developing weapons of mass destruction.,We don't know whether he's developing something..
Obamacare is a disaster. You know it. We all know it.,Obamacare is not working properly.
"But I also believe that because we are the United States of America, we're a country with a great, unbelievable Constitution, with rights that we afford people, that you can't discriminate in the workplace.","People are afforded by rights, that can't be discriminated in the workplace."
"I know it's tough and honest people can disagree. But when a narcotics wrapped up guy goes in and murders a police officer, I think they ought to pay with their life. And I do believe it would be inhibiting.",I know it's tough and honest people can disagree. And I do believe it would be inhibiting.
"And you let those people go with the guidelines of overall policy, not looking over their shoulder and nitpicking the manner in which they go at the job.","And you let those people go with the guidelines of overall policy, not looking over their shoulder and complaining the manner in which they go at the job."
"And I'm only here to tell you that I believe with all my heart that our first priority must be world peace, and that use of force is always and only a last resort, when everything else has failed, and then only with regard to our national security.","And I'm only here to tell you that I believe with all my heart that our priority is the peace in the world, and that use of force is always and only a last resort, when everything else has failed, and then only with regard to our national security."
"And we have to tackle the plague of gun violence, which is a big contributor to a lot of the problems that we're seeing today.","And we have to tackle the violence, which is a big contributor to a lot of the problems that we're seeing today."
"But even worse than that, as ugly as that might be -- and I know it's a tragedy to many people both on the pro - choice and pro - life position -- we have a President who vetoed a congressional ban on the ugly and gruesome practice of snatching life away from a child just moments before he or she enters the world. That is unacceptable.",We have a President who vetoed a congressional ban on the ugly and gruesome practice of aborting.
It will create tremendous numbers of new jobs.,It will create big numbers of new jobs.
You leave future generations with tremendous IOUs.,You leave future generations with big IOUs.
But stop - and - frisk had a tremendous impact on the safety of New York City.,But stop - and - frisk had a big impact on the safety of New York City.
"Governor Reagan's proposal, the Reagan - Kemp - Roth proposal, is one of the most highly inflationary ideas that ever has been presented to the American public.",Governor Reagan's proposal has a big negative impact in the inflation.
"But if you have a situation like that right in our backyard with chaos about to break out and flotillas forming to come across the water, and all kinds of violence there, right in one of our neighboring countries there, then I think that we did the right thing there.","But if you have a situation like that in our country andin one of our neighboring countries there, then I think that we did the right thing there."
"I think the greatest thing that ever happened to the South was the passage of the Civil Rights Act and the opening up of opportunities - uh to black people - the chance to vote, to hold a job, to buy a house, to go to school, and to participate in public affairs.",The passage of the Civil Rights Act and the opening up of opportunities has been a great thing.
It was killed in the Rules Committee.,Rules Committee rejected it.
"But if there's one thing we also understand it is that you cannot make concessions to terrorists, ever, ever.",We can't make concessions to terrorists.
"Well, as I said before, he used much harsher language when he talked about Bob Dole.","Well, as I said before, he used another language when he talked about Bob Dole."
This orgy of spending and enormous deficits you voted for almost all of his budgets.,This expenses and losses you voted for almost all of his budgets.
It's unbelievable that we could cause a drop in the standard of living of a friendly country like Mexico by nearly 40 to 50 percent.,Mexico's standard of living is dropping by nearly 40 to 50 percent.
"And it would be one to take Government off the backs of the great people of this country, and turn you loose again to do those things that I know you can do so well, because you did them and made this country great.","And it would be one to take Government off the backs of the people, and turn you loose again to do those things that I know you can do so well, because you did them and made this country great."
"We have the strongest military, and I'll do whatever is necessary, if I'm president, to make sure that it stays that way.",The military forces are strong.
"Maryland would not extradite Willie Horton, the man who was furloughed, the murderer, because they didn't want him to be furloughed again.","People would not extradite Willie Horton, because they didn't want him to be furloughed again."
I believe that there is enough extravagance and fat in government.,The actual government is using a lot of extra money.
"To be president of this country, you need tremendous stamina.","To be president of this country, you need a lot of  stamina."
"And it would also be very disturbing to our allies, all of whom support this nuclear arms treaty.","And our allies would not appreciate that, all of whom support this nuclear arms treaty."
That deficit is ruining the long - term hopes for this economy.,That deficit is damaging the long - term hopes for this economy.
"Well, all that I can suggest is that all the experts who have studied the program indicate that it is the most fantastic program, the worst program, insofar as its effect on the farmers, that the - America has ever had foisted upon it in an election year or any other time.","Well, all that I can suggest is that all the experts who have studied the program indicate that it is a bad program, insofar as its effect on the farmers, that the - America has ever had foisted upon it in an election year or any other time."
"The biggest tax increase in history. The biggest crime increase in history, the biggest drug increase in history in Arkansas.",Arkansas has got many troubles.
"That’s why—to go back to your question—I want to send a message—we all should—to every boy and girl and, indeed, to the entire world that America already is great, but we are great because we are good, and we will respect one another, and we will work with one another, and we will celebrate our diversity.","The goodness, the respect, the work and diversity are important values."
You've already spent $45 million scaring seniors and tearing me apart.,You've already spent $45 million scaring seniors and shattering me.
What the vice president has just said is just a complete distortion.,What the vice president has just said is just wrong..
"When I was in a rope line just the other day, coming out here from Wisconsin, a couple of young returnees were in the line, one active duty, one from the Guard. And they both looked at me and said: We need you. You've got to help us over there.",People from Wisconsin has troubles over there.
"It is unAmerican, and to think that in the 21st Century this kind of nonsense is still going on.","It's not common, and to think that in the 21st Century this kind of nonsense is still going on."
"It’s with him and with the hateful and divisive campaign that he has run, and the inciting of violence at his rallies, and the very brutal kinds of comments about not just women, but all Americans, all kinds of Americans. And what he has said about African - Americans and Latinos, about Muslims, about POWs, about immigrants, about people with disabilities, he’s never apologized for.","It’s with his campaign that he has run, he’s never apologized for."
"There are children suffering in this catastrophic war, largely, I believe, because of Russian aggression.","There are children suffering in this war, largely, I believe, because of Russian aggression."
Think about it: They're going from tyranny to elections.,Think about it: They're changing their behaviour.
"Well, Gwen, the 90 percent figure is just dead wrong.","Well, Gwen, the 90 percent figure is just completely wrong."
That is disgrace.,That is bad.
I signed a bill to stop these drive - by deliveries when insurance companies can force people out of the hospital after 24 hours and I vetoed Senator Dole's Medicare plan that would have forced a lot of seniors into managed care and taken a lot more money out of their pockets and led to Medicare withering on the vine.,I signed a bill to stop these drive - by deliveries when insurance companies can force people out of the hospital after 24 hours and I vetoed Senator Dole's Medicare plan that would have forced a lot of seniors into managed care and taken a lot more money out of their pockets and led to Medicare degenerating.
It is—our country has the slowest growth and jobs are a disaster.,The growth is slow and there's a bad situation for the jobs.
"There is no question but that this nation cannot stand still; because we are in a deadly competition, a competition not only with the men in the Kremlin, but the men in Peking.","There is no question but that this nation cannot stand still; because we are in a competition, a competition not only with the men in the Kremlin, but the men in Peking. We're ahead in this competition, as Senator Kennedy, I think, has implied."
"I've talked to bankers and builders and developers, the housing advocates, community development agencies, and they want leadership from Washington.",People want leadership from Washington.
She’s done a terrible job for the African - Americans.,She’s done a bad job for the African - Americans.
"President Bill Clinton showed tremendous courage, vision, wisdom, and leadership in having our country take the lead in rallying our allies, bringing the warring factions together in Dayton, Ohio, and hammering out a peace agreement that has ended the war in Bosnia.","President Bill Clinton showed a lot of courage, vision, wisdom, and leadership in having our country take the lead in rallying our allies, bringing the warring factions together in Dayton, Ohio, and hammering out a peace agreement that has ended the war in Bosnia."
"He never apologized to the distinguished federal judge who was born in Indiana, but Donald said he couldn’t be trusted to be a judge because his parents were, quote, “Mexican.”He never apologized to the reporter that he mimicked and mocked on national television and our children were watching.","He never apologized to the federal judge who was born in Indiana, but Donald said he couldn’t be trusted to be a judge because his parents were, quote, “Mexican.”He never apologized to the reporter that he mimicked and mocked on national television and our children were watching."
"There's another part of the lopsided economy that we're in today, and that is that these heavy deficits have killed exports and are swamping the Nation with cheap imports.","There's another part of the lopsided economy that we're in today, and that is that these heavy deficits have killed exports and are saturing the Nation with cheap imports."
But don't just sit here slow dancing for 4 years doing nothing.,Try to do something instead to be still.
"And you guys have been having a hard time, and I want to fight for you.",It's been having hard time.
"It is a disastrous plan, and it has to be repealed and replaced.",The plan has to be repealed and replaced.
And it's time we had that bresh of freth air (sic) -- breath of fresh air coming into our nation's capital and sweep out the old - boy network and the cronyism that's been so much a part of it that I've fought against for all these years.,And it's time we had that bresh of freth air (sic) -- breath of fresh air coming into our nation's capital and sweep out the previous generation and the cronyism that's been so much a part of it that I've fought against for all these years.
"What we do is work on that budget by an aggressive program, not a painful program, so that we can start borrowing less money and getting more investment money on the street through entrepreneurs who can build factories, who will hire people, and maybe we'll start manufacturing goods here in this country again.","What we do is work on that budget by an aggressive program, not bad program, so that we can start borrowing less money and getting more investment money on the street through entrepreneurs who can build factories, who will hire people, and maybe we'll start manufacturing goods here in this country again."
"I believe America's best days are ahead of us. I'm an optimist, but we have to make the right choices, to be fiscally responsible and to create the new jobs of the future.",Right choiches are necessary to be fiscally responsible and to create the new jobs of the future.
"It’s with him and with the hateful and divisive campaign that he has run, and the inciting of violence at his rallies, and the very brutal kinds of comments about not just women, but all Americans, all kinds of Americans.","It’s with him and with the hateful and divisive campaign that he has run, and the inciting of violence at his rallies, and the bad comments about not just women, but all Americans, all kinds of Americans."
He would actually have to cut Government spending by at least $130 billion in order to balance the budget under this ridiculous proposal.,He would actually have to cut Government spending by at least $130 billion in order to balance the budget under this proposal.
"Last time at the first debate, we had millions of people fact checking, so I expect we’ll have millions more fact checking, because, you know, it is—it’s just awfully good that someone with the temperament of Donald Trump is not in charge of the law in our country.","Last time at the first debate, we had millions of people fact checking, so I expect we’ll have millions more fact checking, because, you know, it is—it’s good that someone with the temperament of Donald Trump is not in charge of the law in our country."
"And I have a plan that will take the catastrophic cases out of the system, off your backs, pay for it out of a federal fund, which lowers the premiums for everybody in America, makes American business more competitive and makes health care more affordable.","And I have a plan that will take the unfortunate cases out of the system, off your backs, pay for it out of a federal fund, which lowers the premiums for everybody in America, makes American business more competitive and makes health care more affordable."
"It's like if you looked at the -- it's the equivalent of the buggy and horse days, compared to other industries here in America.","It's very slow, compared to other industries here in America."
That's not wishy- washy.,It's not banal.
You get a catastrophic plan to help you on it.,You get It's a bad idea to help you on it.
You know the Japanese are breathing down our necks on this.,Japan is very close to us.
"Well, this has been a tough campaign. It's been a very tough campaign.","Well, this has been a tough campaign."
"I'm saying that those of us who are elected to positions of political leadership, Jim, have a special responsibility, not only to come up with programs, and I have outlined in detail the very important, very strong program of enforcement as well as drug education prevention.","I'm saying that those of us who are elected to positions of political leadership, Jim, have a special responsibility, not only to come up with programs, and I have outlined in detail the program of enforcement as well as drug education prevention."
"Since then, he has blamed the people for inflation, OPEC, he has blamed the Federal Reserve system, he has blamed the lack of productivity of the American people, he has then accused the people of living too well and that we must share in scarcity, we must sacrifice and get used to doing with less.","Since then, he has charged the people for inflation, OPEC, he has charged the Federal Reserve system, he has charged the lack of productivity of the American people, he has then accused the people of living too well and that we must share in scarcity, we must sacrifice and get used to doing with less."
"Thirdly, in Bosnia it's a virtual miracle that there has been no return to war and at least there has now been an election.","Thirdly, in Bosnia there is no more war and there's an election now."
"I don't say that -- So I think that should be eyed with great suspicion, people that are really kicking the props out from under our grand military establishment prematurely.","I don't say that -- So I think that should be eyed with a major attention, people that are really kicking the props out from under our grand military establishment prematurely."
It’s also very short - sighted and even dangerous to be engaging in the kind of demagogic rhetoric that Donald has about Muslims.,It’s also very short - sighted and even dangerous to be engaging in thoughts that Donald has about Muslims.
I care about 100 percent of the American people. I want 100 percent of the American people to have a bright and prosperous future.,I want there to be a bright and prosperous future.
"So after Speaker Gingrich and Senator Dole took over the Congress, I went to New Hampshire and a man suggested -- a gentleman that unfortunately just passed away a couple of days ago, suggested that we appoint a commission. And I shook hands with him on it and I appointed my members, and the commission never met.","So after Speaker Gingrich and Senator Dole took over the Congress, I went to New Hampshire and I appointed my members. The commission never met."
There's too much bitterness in Washington. There's too much wrangling.,There's chaos in Washington.
"The position of the United States has been that this build - up, in the words of the president, has been foolish.","The position of the United States has been that this build - up, in the words of the president, has been irrational."
"Number three, we've got to deal with Pakistan, because Al Qaida and the Taliban have safe havens in Pakistan, across the border in the northwest regions, and although, you know, under George Bush, with the support of Senator McCain, we've been giving them $10 billion over the last seven years, they have not done what needs to be done to get rid of those safe havens.","Number three, we've got to deal with Pakistan, because Al Qaida and the Taliban have safe havens in Pakistan, across the border in the northwest regions, and although, you know, under George Bush, with the support of Senator McCain, we've been giving them $10 billion over the last seven years, they have not done what needs to be done to get rid of those safe shelters."
"Now, when we have a presidential candidate, for example - Senator Kennedy - stating over and over again that the United States is second in space and the fact of the matter is that the space score today is twenty - eight to eight - we've had twenty - eight successful shots, they've had eight; when he states that we're second in education, and I have seen Soviet education and I've seen ours, and we're not; that we're second in science because they may be ahead in one area or another, when overall we're way ahead of the Soviet Union and all other countries in science; when he says as he did in January of this year that we have the worst slums, that we have the most crowded schools; when he says that seventeen million people go to bed hungry every night; when he makes statements like this, what does this do to American prestige?","Now, when we have a presidential candidate, for example - Senator Kennedy - stating over and over again that the United States is second in space and the fact of the matter is that the space score today is twenty - eight to eight - we've had twenty - eight successful shots, they've had eight; when he states that we're second in education, and I have seen Soviet education and I've seen ours, and we're not; that we're second in science because they may be ahead in one area or another, when overall we're way ahead of the Soviet Union and all other countries in science; when he says as he did in January of this year that we have problems of overcrowding, poverty and education; when he makes statements like this, what does this do to American prestige?"
To help local school districts build new buildings so our children are not learning in crumbling classrooms.,To help local school districts build new buildings so our children are not learning in bad classrooms.
"We know freedom is a powerful, powerful, powerful force, much bigger than the United States of America, as we saw recently in the Balkans.",We know freedom is a robust force.
"Peter, it's one of the most agonizing decisions a president has to make.","Peter, it's one of the most difficult decisions a president has to make."
"It looks like a bombed - out city - great, gaunt skeletons of buildings. Windows smashed out, painted on one of them ""Unkept promises;"" on another, ""Despair.""",It looks like a bombed - out city.
"I want to do things that haven’t been done, including fixing and making our inner cities better for the African - American citizens that are so great, and for the Latinos, Hispanics, and I look forward to doing it. It’s called make America great again.",I want to fix and make inner cities better.
"I've met people who struggled with this for years, people who were in a marriage because they were living a sort of convention, and they struggled with it.",I've met people who had issues for years.
"Has made him a part of our foreign policy and has been funneling aid to Contras through convicted drug dealers.â‰¤ I think those are very very serious questions of judgment, which those of you who are watching us here tonight have a right to judge and review.",Has made him a part of our foreign policy and has been funneling aid to Contras through convicted drug dealers.â‰¤ I think those are very very serious questions of judgment.
"There's another part of the lopsided economy that we're in today, and that is that these heavy deficits have killed exports and are swamping the Nation with cheap imports.","There's another part of the lopsided economy that we're in today, and that is that these heavy deficits have reduced exports and are swamping the Nation with cheap imports."
"So when you look at the penalty that he paid, and when you analyze the requirements that I had - to spend all of my time working on the economy, which was in trouble, that I inherited; working on our problems in Southeast Asia - which were still plaguing us - it seemed to me that Mr. Nixon had been penalized enough by his resignation in disgrace and the need, and necessity for me to concentrate on the problems of the country fully justified the action that I took.","So when you look at the penalty that he paid, and when you analyze the requirements that I had - to spend all of my time working on the economy, which was in trouble, that I inherited; working on our problems in Southeast Asia - which were still afflicting us - it seemed to me that Mr. Nixon had been penalized enough by his resignation in disgrace and the need, and necessity for me to concentrate on the problems of the country fully justified the action that I took."
First let me talk about that joke about religion which I found very distasteful.,First let me talk about that joke about religion which I found inopportune.
"I've worked on the food stamp program, proudly.",One topic was the food stamp program.
"But when you talk about apology, I think the one that you should really be apologizing for and the thing that you should be apologizing for are the 33,000 e - mails that you deleted, and that you acid washed, and then the two boxes of e - mails and other things last week that were taken from an office and are now missing.","But when you talk about apology, I think the one that you should really be apologizing for and the thing that you should be apologizing for are the 33,000 e - mails that you deleted, and that you handled in your own way, and then the two boxes of e - mails and other things last week that were taken from an office and are now missing."
And I think it's a disgrace that so far Mr. Ford's administration has blocked the passage of legislation that would've revealed by law every instance of the boycott and it would've prevented the boycott from continuing.,And I think it's a shame that so far Mr. Ford's administration has blocked the passage of legislation that would've revealed by law every instance of the boycott and it would've prevented the boycott from continuing.
"Since then, he has blamed the people for inflation, OPEC, he has blamed the Federal Reserve system, he has blamed the lack of productivity of the American people, he has then accused the people of living too well and that we must share in scarcity, we must sacrifice and get used to doing with less.","Since then, he has blamed the people for inflation, OPEC, he has blamed the Federal Reserve system, he has blamed the lack of productivity of the American people, he has then complained about the people of living too well and that we must share in scarcity, we must sacrifice and get used to doing with less."
"In all those elements, Governor Reagan has repeatedly spoken out against them, which, to me, shows a very great insensitivity to giving deprived families a better chance in life.","In all those elements, Governor Reagan has repeatedly spoken out against them, which, to me, shows disinterest to giving deprived families a better chance in life."
Because you’d be in jail.,Because you shouldn't be here.
"And because we're going to move in sixty - one and two, partly because we have not maintained our strength with sufficient vigor in the last years, I believe that before we meet that crisis, that the next president of the United States should send a message to Congress asking for a revitalization of our military strength, because come spring or late in the winter we're going to be face to face with the most serious Berlin crisis since l949 or fifty.","And because we're going to move in sixty - one and two, partly because we have not maintained our strength with effort in the last years, I believe that before we meet that crisis, that the next president of the United States should send a message to Congress asking for a revitalization of our military strength, because come spring or late in the winter we're going to be face to face with the most serious Berlin crisis since l949 or fifty."
"I would like to make a change in the regulation that discriminates against a wife who works and finds that she then is faced with a choice between her father's or her husband's benefits, if he dies first, or what she has paid in; but it does not recognize that she has also been paying in herself, and she is entitled to more than she presently can get.",I would like to change the regulation that discriminates when someone has to make a choice about who to care for in the family.
"And the point is that that's the place where you're most likely to see the terrorists come together with weapons of mass destruction, the deadly technologies that Saddam Hussein had developed and used over the years.","And the point is that that's the place where you're most likely to see the terrorists come together with weapons of mass destruction, the harmful technologies that Saddam Hussein had developed and used over the years."
I think that Senator Kennedy's policies and recommendations for the handling of the Castro regime are probably the most dangers- dangerously irresponsible recommendations that he's made during the course of this campaign.,I think that Senator Kennedy's policies and recommendations for the handling of the Castro regime are probably the worst recommendations that he's made during the course of this campaign.
I would say that the issue will stay with us as a campaign issue just as long as Senator Kennedy persists in what I think is a fundamental error.,I would say that the issue will stay with us as a campaign issue just as long as Senator Kennedy persists in what I think is a mistake.
"I have seen four wars in my lifetime. I'm a father of sons; I have a grandson. I don't ever want to see another generation of young Americans bleed their lives into sandy beachheads in the Pacific, or rice paddies and jungles in the in Asia or the muddy battlefields of Europe.",I have seen four wars in my lifetime.
"If somebody came to you, Governor, with a plan that said, here, I want to spend $7 or $8 trillion, and then we're going to pay for it, but we can't tell you until maybe after the election how we're going to do it, you wouldn't take such a sketchy deal and neither should you, the American people, because the math doesn't add up.","If somebody came to you, Governor, with a plan that said, here, I want to spend $7 or $8 trillion, and then we're going to pay for it, but we can't tell you until maybe after the election how we're going to do it, you wouldn't take a vague deal and neither should you, the American people, because the math doesn't add up."
I think we've had a very healthy discussion.,I think we've had a sound discussion.
"And the thought that we would share this with the Soviet Union is, in my opinion, a total non - STARTer.",And sharing this with the Soviet Union is a bad idea.
It means making more progress in civil rights than we have so that we can be a splendid example for all the world to see - a democracy in action at its best.,It means making more progress in civil rights than we have so that we can be a good example for all the world to see - a democracy in action at its best.
He's called them phony and fuzzy.,He's called them wrong and fuzzy.
"Mr. Nixon knows very well that in this - in this whole matter that's been involved with the so - called religious discussion in this campaign, I've never suggested, even by the vaguest implication, that he did anything but disapprove it.","Mr. Nixon knows very well that in this - in this whole matter that's been involved with the so - called religious discussion in this campaign, I've never suggested he did anything but disapprove it."
"So we have to have, in my judgment, a drastic simplification of the basic health insurance policies of this country, be very comprehensive for everybody.","So we have to simplify basic health insurance policies, be very comprehensive for everybody."
"In many instances we've made agreements, like in Vietnam, uh - that have uh - been revealed later on to our uh - embarrassment.","In many instances we've made agreements, like in Vietnam, uh - that have uh - been revealed later on to our uh - confusion."
"I think a lot of times we just spend aid and say we feel better about it and it ends up being spent the wrong way, and there's some pretty egregious examples recently.",I think a lot of times we just spend aid and say we feel better about it and it ends up being spent the wrong way.
"He's a brave, brave man.",He's a confident man.
"But it's very important that we not overstep our bounds and I think most people -- most police officers are good, dedicated, honorable citizens who are doing their job, putting their lives at risk who aren't bigoted or aren't prejudiced.",But it's very important that we not overstep our bounds and I think most people -- most police officers are putting their lives at risk who aren't bigoted or aren't prejudiced.
"I never, ever conceived of such a thing. I never said any such thing.",I never said that.
The fact is that the president is driving the largest deficits in American history.,The deficits is growing.
It is absolutely essential in terms of bringing our banking system and credit system into the new age instead of having it living back in the dark ages. And it's a big fight.,It is essential in terms of bringing our banking system and credit system into the new age instead of having it living back in the bad times. And it's a fight.
The American people decide.,We're deciding.
I think the major reason for a decrease in participation that we have experienced ever since 1960 has been the deep discouragement of the American people about the performance of public officials.,I think the major reason for a decrease in participation that we have experienced ever since 1960 has been the discouragement of the American people about the performance of public officials.
"But I would leave you with this thought, sir, to be quite specific in my answer to your question: that, of course, to protect the vital interests of this country, if that became impossible; if I could not, despite the very best efforts that I asked the Congress to put forward, to raise those pay and incentives and allowances, of course, I would not leave this country go undefended.","But I would leave you with this thought, sir, to be quite specific in my answer to your question: that, of course, to protect the vital interests of this country, if that became impossible; if I could not, despite the very best efforts that I asked the Congress to put forward, to raise those pay and incentives and allowances, of course, The country would not be undefended."
The only thing consistent about my opponent's position is that he's been inconsistent.,He ad an uncertain attitude.
"And that's why the plan that I've put forward for manufacturing and education, and reducing our deficit in a sensible way, using the savings from ending wars, to rebuild America and putting people back to work.","And that's the plan that I've put forward for manufacturing and education, and reducing our deficit in a sensible way."
I think it's the hard - working people of America's money and I want to share some of that money with you so you have more money to build and save and dream for your families.,I want people have more money for their needs.
"For 38 years one party has controlled the House of Representatives, and the result, a sorry little post office that can't do anything right and a bank that has more overdrafts than all the Chase Bank and Citibank put together.","For 38 years one party has controlled the House of Representatives, and the result, a tiny post office that can't do anything right and a bank that has more overdrafts than all the Chase Bank and Citibank put together."
"That, to me, was so hurtful.",I didn't like it.
"This is the most overregulated, overly litigated economy in our nation's history.","This is the most overregulated, overly contested economy in our nation's history."
"I'll just make a quick comment about vouchers in D. C.Senator McCain's absolutely right: The D. C. school system is in terrible shape, and it has been for a very long time.","I'll just make a quick comment about vouchers in D. C.Senator McCain's absolutely right: The D. C. school system is unacceptable, and it has been for a very long time."
"Now, I want to congratulate Mr. Kemp for being a lonely voice in the Republican party over the years on this question. It is -- it is with some sadness that I refer to the fact that the day after he joined Senator Dole's ticket, he announced that he was changing his position and was hereto, thereafter going to adopt Senator Dole's position to end all affirmative action.","Now, I want to congratulate Mr. Kemp. I refer to the fact that the day after he joined Senator Dole's ticket, he announced that he was changing his position and was hereto, thereafter going to adopt Senator Dole's position to end all affirmative action."
"Well, I would say in the latter that the - and that's what I found uh - somewhat unsatisfactory about the figures uh - Mr. Nixon, that you used in your previous speech, when you talked about the Truman Administration.","Well, I would say in the latter that the - and that's what I found uh - in disagree with your numbers uh - Mr. Nixon, that you used in your previous speech, when you talked about the Truman Administration."
"I’ve heard them where Hillary is constantly talking about the inner cities of our country, which are a disaster education - wise, job - wise, safety - wise, in every way possible.","I’ve heard them where Hillary is constantly talking about the inner cities of our country, which are not good from the job, safety and other point of views.. I’m going to help the African - Americans."
And I think I'm more in touch with the mainstream of America. They raised the same thing with me on the Pledge of Allegiance.,It's been raised the same thing with me on the Pledge of Allegiance.
"It's going to be a big, big opportunity for a lot of people.",It's going to be a good opportunity for a lot of people.
"And every day that goes by, we see the results of the regime by Assad in partnership with the Iranians on the ground, the Russians in the air, bombarding places, in particular Aleppo, where there are hundreds of thousands of people, probably about 250,000 still left.","And every day that goes by, the situation is worsening, where there are hundreds of thousands of people, probably about 250,000 still left."
"But for you to say that there was nothing wrong with you deleting 39,000 e - mails, again, you should be ashamed of yourself.","But for you to say that there was nothing wrong with you deleting 39,000 e - mails, again, you should apologize."
"It's ironic that there are now -- there is now a smaller percentage of the voters made up of parents with children than ever in American history because of the aging of our population, but at the same time we've got the largest generation of students in public schools ever.","There is now a smaller percentage of the voters made up of parents with children than ever in American history because of the aging of our population, but at the same time we've got the largest generation of students in public schools ever."
OK?Because look at the mess that we're in. Look at the mess that we're in.,OK?Because look at the thing that we're in. Look at the thing that we're in.
"So there are a lot of good things in this bill we should have done instead of trying this massive, massive takeover by the Federal government.",So there are a lot of good things in this bill we should have done instead of trying this takeover by the Federal government.
We have lived through what Jean Kirpatrick called the bloodiest century in mankind's history.,We have lived through what Jean Kirpatrick called the lowest century in mankind's history.
It's an illusion.,It's a fantasy.
"First of all Â I want to make it clear, our military is the strongest, best - trained, best - equipped, best - led fighting force in the world and in the history of the world.","Our military is strong, well-trained, well-equipped, well-led."
I have no intention of wilting. I've never wilted in my life. And I've never wavered in my life.,I have always been determined.
The United States cannot continue to carry the major share of this burden by itself.,It's an important workload.
"I have no quarrel whatsoever with the things that have been done, because I believe it is high time that the civilized countries of the world made it plain that there is no room worldwide for terrorism; there will be no negotiation with terrorists of any kind.","I have no quarrel whatsoever with the things that have been done, because I believe it is high time that the civilized countries of the world made it plain that there is no room worldwide for terrorism; there won't be any kind of negotiation ."
"Last time at the first debate, we had millions of people fact checking, so I expect we’ll have millions more fact checking, because, you know, it is—it’s just awfully good that someone with the temperament of Donald Trump is not in charge of the law in our country.","Last time at the first debate, we had millions of people fact checking, so I expect we’ll have millions more fact checking."
"We need a strong, credible, effective nuclear deterrent.",We need a nuclear deterrent.
We have achieved extraordinary prosperity.,We have achieved a good prosperity.
"In mine, I happen to believe in the people and believe that the people are supposed to be dominant in our society -- that they, not government, are to have control of their own affairs to the greatest extent possible, with an orderly society.","In mine, I happen to believe in an orderly society."
"And the vast majority of all family businesses would be completely exempt, and all of the others would have sharply reduced.","Most of family businesses would be exempt, and all of the others would have slightly reduced."
"I think that one of the problems that we have faced in the world is that we are so much more powerful than any single nation has been in relationship to the rest of the world than at any time in history, that I know about, anyway.",The country has showed its potential.
"And if Americans trust me with the presidency, I can pledge to you, we will have the most significant effort, openly -- not secret meetings in the White House with special interests, not ideologically driven efforts to push people aside -- but a genuine effort to try to restore America's hope and possibilities by bringing people together.","And if Americans trust me with the presidency, I can pledge to you, we will have do as much as we can, openly -- not secret meetings in the White House with special interests, not ideologically driven efforts to push people aside -- but a genuine effort to try to restore America's hope and possibilities by bringing people together."
"When we have a country that's doing so badly, that's being ripped off by every single country in the world, it's the kind of thinking that our country needs, because everybody—Lester, we have a trade deficit with all of the countries that we do business with, of almost $800 billion a year.","When we have a country that's doing so badly, that's being fleeced by every single country in the world, it's the kind of thinking that our country needs, because everybody—Lester, we have a trade deficit with all of the countries that we do business with, of almost $800 billion a year."
It is a welfare system that is more like a third - world socialist country than what we would expect from the world's greatest democratic free - enterprise system.,It is a welfare system that is more like a third - world socialist country than what we would expect from a democratic free - enterprise system.
"We are the greatest country on the face of the earth. We do more good things for more people in our communities, our neighborhoods, than anywhere that I know of.",Communities and neighbohoods are always supported.
The 9/11 Commission put out a report that said America is safer but not yet safe.,The 9/11 Commission released a report stating that America still has room for improvement in security.
Every one of these items that I have mentioned he's been wrong - dead wrong.,Every one of these items that I have mentioned he's been completely wrong.
What I think troubles a lot of people in our country is that the president has just sort of described one kind of mistake.,What I think troubles is that the president has just sort of describes one kind of mistake.
My biggest disappointment in Washington is how partisan the town is.,Washington looked very partisan.
He talks about the progress in the field of slum clearance and the like.,He talks about the progress in the field of urban redevelopment and the like.
We've got an aggressive brownfield program to refurbish inner - city sore spots to useful pieces of property.,We've got a powerful program to refurbish inner - city sore spots to useful pieces of property.
"If you did that you could take away the incumbents' advantage because challengers like me would have a chance to run against incumbents like him for House races and Senate races, and then the voters could make up their own mind without being subject to an unfair fight.","If you did that you could take away the incumbents' advantage because challengers like me would have a chance to run against incumbents like him for House races and Senate races, and then the voters could make up their own mind without being subject to a biased dispute."
"This risky scheme that I've described tonight has been said by many objective observers to not add up, it would be a serious risk.","This risky scheme that I've described tonight has been said by many objective observers to not add up, it would be a bad approach."
"It got us into the mess we were in, in 2008 and 2009.","It got us into the issue we were in, in 2008 and 2009."
"You're not going to have the opportunities; there are going to be more deficits, more drugs, more crime, and less confidence in the American people.",You're not going to have the opportunities; there are going to be less confidence in the American people.
"And as a result, the families of some of our young servicemen are on food stamps today.","And as a result, the families of some of our young servicemen have economic problems."
I think it's always a tragic situation.,I think it's always an unfortunate situation.
"Well, I'm really calling for major jobs, because the wealthy are going to create tremendous jobs.","Well, I'm really calling for major jobs, because the wealthy are going to create bad jobs."
The worst thing that I can think can happen in this campaign would be for it to be decided on religious issues.,I think that the worst scenario in this campaign would be for it to be decided on religious issues.
That would obviously be a ridiculous thing for anyone to do who wanted to be president of this country.,That would obviously be an indesirable thing for anyone to do who wanted to be president of this country.
And with our economy in such terrible disarray and getting worse by the month.,And with our economy in such terrible disorder and getting worse by the month.
And the reason it's so difficult for schools to control that is because in recent years there has been a flood of cheap handguns that are so widely available that kids are finding ways to get ahold of them.,And the reason it's so difficult for schools to control that is because in recent years there has been a wave of low-cost guns that are so widely available that kids are finding ways to get ahold of them.
"I don't think there are any villains, but, boy, is the system rotten.",The system is corrupted..
And one of the reasons I was eager to sign on when he asked me to become his running mate is because I've been so tremendously impressed with what he's done as the Governor of Texas.,And one of the reasons I was eager to sign on when he asked me to become his running mate is because I've been so impressed with what he's done as the Governor of Texas.
"Donald. I've met dishwashers, painters, architects, glass installers, marble installers, drapery installers, like my dad was, who you refused to pay when they finished the work that you asked them to do.","Donald. I've met dishwashers, painters, architects, glass installers, marble installers, drapery installers who you refused to pay when they finished the work that you asked them to do."
"So I'm not exactly sure where the vice president is coming from, but I think one way for us to end up being viewed as the ugly American is for us to go around the world saying, ""we do it this way, so should you.""","So I'm not exactly sure where the vice president is coming from, but I think one way for us to end up being viewed as the bad country is for us to go around the world saying, ""we do it this way, so should you."""
They want them to be able to drink clean water and breathe clean air. They don't want them to live next to toxic waste sites.,They want them to be able to drink clean water and breathe clean air.
"What they're doing to us is a very, very sad thing.",What they're doing to us is a sad thing.
"This is a heartless kind of approach to the working families of our country, which is typical of many Republican leaders of the past, but, I think, has been accentuated under Governor Reagan.","This is a bad approach to the working families of our country, which is typical of many Republican leaders of the past, but, I think, has been accentuated under Governor Reagan."
"I believe the president made a huge mistake, a catastrophic mistake, not to live up to his own standard, which was: build a true global coalition, give the inspectors time to finish their job and go through the U. N. process to its end and go to war as a last resort.","I believe the president made a huge mistake, a considerable mistake, not to live up to his own standard, which was: build a true global coalition, give the inspectors time to finish their job and go through the U. N. process to its end and go to war as a last resort."
"This is very important. It's a big human problem and a devastating economic problem for America, and I'm going to send a plan to do this within the first 100 days of my presidency. It's terribly important.",It's a human and economic problem.
"You look at the Middle East, it's a total mess.","You look at the Middle East, it's a chaos."
The Muslim ban is something that in some form has morphed into a extreme vetting from certain areas of the world.,The Muslim ban is something that in some form has morphed into a severe check from certain areas of the world.
"The question is for the next president, are we making good judgments about how to keep America safe precisely because sending our military into battle is such an enormous step.","The question is for the next president, are we making good judgments about how to keep America safe precisely because sending our military into battle is an important  step."
"And contrary to what the President says, I think their record on the environment is inexcusable and often shameful.","And contrary to what the President says, I think their record on the environment is inexcusable and often embarassing."
"But for us to do what Senator Kennedy has suggested would bring results which I know he would not want, and certainly which the American people would not want.",But for us to do what Senator Kennedy has suggested would bring results which I know he would not want.
"And I read in the bulletin about teenage pregnancies, about the difficulties that families are having to make ends meet. I talk to parents. I mean, you've got to care. Everybody cares if people aren't doing well.",And I read in the bulletin about many difficuties.
"But even worse than that, as ugly as that might be -- and I know it's a tragedy to many people both on the pro - choice and pro - life position -- we have a President who vetoed a congressional ban on the ugly and gruesome practice of snatching life away from a child just moments before he or she enters the world.","But even worse than that, as ugly as that might be -- and I know it's a tragedy to many people both on the pro - choice and pro - life position -- we have a President who vetoed a congressional ban on the practice of snatching life away from a child just moments before he or she enters the world."
The fact is the Medicare problems have not been addressed. We have had eight years of problems with prescription drugs not being addressed. Social Security problem 's not been addressed. The educational problem has not been addressed. We 've had eight years of talk but no action.,The fact is the Medicare problems have not been addressed. No action in eight years.
"Nobody's been luckier than I've been, all the way across the spectrum, and the greatest riches of all are my wife and children.","Nobody's been luckier than I've been, and the greatest riches of all are my wife and children."
"This is a group of killers who will not only kill here, but kill children in Russia, that'll attack unmercifully in Iraq, hoping to shake our will.",This is a group of killers.
President Clinton stopped them dead in their tracks.,President Clinton stopped them dead at the beginning.
"Now, Prime Minister Allawi came here, and he said the terrorists are pouring over the border. That's Allawi's assessment.","Now, Prime Minister Allawi came here giving updates for terrorists. That's Allawi's assessment."
And now our kids are being killed with ammos right out of that dump.,And we'll be in trubles..
"I think that this is a kind of a hypocritical policy when, at the same time, we're maintaining a detente with the one nation in the world where there are no human rights at all - the Soviet Union.","I think that this is a wrong policy when, at the same time, we're maintaining a detente with the one nation in the world where there are no human rights at all - the Soviet Union."
"Well, Mr. Greenberg, I simply cannot allow to go unpassed the statements that have just been made by Mr. Reagan, who once again, has demonstrated, I think, a total misunderstanding of the energy crisis that confronts, not only this country, but the world, when he suggests that we have 27 years' supply of natural gas, 47 years' supply of oil, and all the rest, and that we really.","Well, Mr. Greenberg, I simply cannot allow to go unpassed the statements that have just been made by Mr. Reagan, who once again, has demonstrated, I think, a misconception of the energy crisis that confronts, not only this country, but the world, when he suggests that we have 27 years' supply of natural gas, 47 years' supply of oil, and all the rest, and that we really."
"The most recent figures, the last three months, on the third quarter of this year, the inflation rate is 7% - still too high, but it illustrates very vividly that in addition to providing an enormous number of jobs - nine million new jobs in the last three and a half years - that the inflationary threat is still urgent on us.","The most recent figures, the last three months, on the third quarter of this year, the inflation rate is 7% - still too high, but it illustrates very vividly that in addition to providing a lot of jobs - nine million new jobs in the last three and a half years - that the inflationary threat is still urgent on us."
"But I would like to call the attention of the people to the fact that that so - called simple amendment would be used by mischievous men to destroy discriminations that properly belong, by law, to women respecting the physical differences between the two sexes, labor laws that protect them against things that would be physically harmful to them.","But I would like to call the attention of the people to the fact that that so - called simple amendment would be used by rude men to destroy discriminations that properly belong, by law, to women respecting the physical differences between the two sexes, labor laws that protect them against things that would be physically harmful to them."
I favor higher salaries for teachers.,Teachers should get higher salaries.
"But you're absolutely correct, it is a threat, it's a huge threat.",But you're absolutely correct.
"But if our government itself is doing business with people who we know are engaged in drug profiteering and drug trafficking, if we don't understand that that sends out a very, very bad message to our young people, it's a little difficult for me to understand just how we can reach out to that youngster that I talked about and to young people like her all over the country, and say to them we want to help you.","But if our government itself is doing business with people who we know are engaged in drug profiteering and drug trafficking, if we don't understand that that sends out a bad message to our young people, it's a little difficult for me to understand just how we can reach out to that youngster that I talked about and to young people like her all over the country, and say to them we want to help you."
It is a disaster.,It's bad.
"Is it true that this Administration, as Senator Kennedy has charged, has been an Administration of retreat, of defeat, of stagnation?","Is it true that this Administration, as Senator Kennedy has charged, has been an Administration of retreat, of defeat, of inaction?"
Even with more crude available they're probably not going to be able to do very much by way of producing additional home heating oil for this winter.,Even with more oil available they're probably not going to be able to do very much by way of producing additional home heating oil for this winter.
We also have to see that all of the people of the United States - the tremendous talents that our people have - are used adequately.,We also have to see that all of the people of the United States - the great talents that our people have - are used adequately.
They used to fish in troubled waters whenever they had the opportunity in the Middle East.,They used to take advantage whenever they had the opportunity in the Middle East.
"Well, President Obama and Secretary Clinton created a vacuum the way they got out of Iraq, because they got out—what, they shouldn't have been in, but once they got in, the way they got out was a disaster.","Well, President Obama and Secretary Clinton created a vacuum the way they got out of Iraq, because they got out—what, they shouldn't have been in, but once they got in, the way they got out was a flop."
"We haven’t seen anything like this, the carnage all over the world. And they look and they see.",We haven’t seen anything like this.
"But if you're a younger worker, if you're younger, you better hope this country thinks differently, otherwise you're gonna be faced with huge payroll taxes or reduced benefits.","But if you're a younger worker, if you're younger, you better hope this country thinks differently."
"As a matter of fact, based on the announcement this week, there will be at an annual rate of a million, eight hundred and some thousand new houses built, which is a tremendous increase over last year and a substantial increase over the earlier part of this year.","As a matter of fact, based on the announcement this week, there will be at an annual rate of a million, eight hundred and some thousand new houses built, which is a large increase over last year and a substantial increase over the earlier part of this year."
"Beyond that, as far as the gold supply is concerned, and as far as the movement of gold is concerned, uh - we have to bear in mind that we must get more help from our allies abroad in this great venture in which all free men are involved of winning the battle for freedom.","Beyond that, as far as the gold supply is concerned, and as far as the movement of gold is concerned, uh - we have to bear in mind that we must get more help from our allies abroad."
"Now, my fellow Americans, that's an invitation to disaster.","Now, my fellow Americans, that's a bad idea."
We have been wholly indifferent to Latin America until the last few months.,We have been completely indifferent to Latin America until the last few months.
"The thing about Iraq, of course, was at the end of the war we had pretty well decimated their military.","The thing about Iraq, of course, was at the end of the war they'll lose a lot of  their military."
I think this is an opportunity for the United States to test President Putin of Russia.,I think this is an opportunity to test President Putin of Russia.
"He twisted arms and got six Democrats to vote the other way, but we lost by one vote.","He convinced six Democrats to vote the other way, but we lost by one vote."
"And secondly, to think that another round of resolutions would have caused Saddam Hussein to disarm, disclose, is ludicrous, in my judgment.","And secondly, to think of disarming, getting revelations from Saddam Hussein is silly."
We were safer before President Bush came to office. Now they have the bombs and we're less safe.,We were safer before President Bush came to office. Now their situation is different.
And I would just like to say that this debate in a way is a living tribute to Mel Carnahan because he loved the vigorous discussion of ideas in our democracy. He was a fantastic governor of Missouri.,And I would just like to say that this debate in a way is a living tribute to Mel Carnahan.
"President Obama was right, he said that that was outrageous to have deficits as high as half a trillion dollars under the Bush years.","President Obama was right, he said that that was a shame to have deficits as high as half a trillion dollars under the Bush years."
Let me just say that obviously tonight we're going to hear some phony numbers about what I think and what we ought to do.,Let me just say that obviously tonight we're going to hear some not real numbers about what I think and what we ought to do.
Communism is the enemy of all religions; and we who do believe in God must join together.,Christians have many things in common with Communism.
"The most important crucial difference in this election campaign, in my judgment, is the approach to the control of nuclear weaponry and the inclination to control or not to control the spread of atomic weapons to other nations who don't presently have it, particularly terrorist nations.","The main difference in this election campaign, in my judgment, is the approach to the control of nuclear weaponry and the inclination to control or not to control the spread of atomic weapons to other nations who don't presently have it, particularly terrorist nations."
"First of all, let me sharply disagree with the President on sharing the most advanced, the most dangerous, the most important technology in America with the Soviet Union.","First of all, let me disagree with the President on sharing the main technology in America with the Soviet Union."
This is a difficult and sensitive matter.,This is a sensitive matter.
"Some desperate child needs to have somebody put their arm around them and say, we love you.","Some child needs to have somebody put their arm around them and say, we love you."
"I am suggesting that there are literally thousands of unnecessary regulations that invade every facet of business, and indeed, very much of our personal lives, that are unnecessary; that Government can do without; that have added $130 billion to the cost of production in this country; and that are contributing their part to inflation.","I am suggesting that there are a lof of issues in the business, and indeed, very much of our personal lives, that are unnecessary; that Government can do without; that have added $130 billion to the cost of production in this country; and that are contributing their part to inflation."
"With all due respect to President Ford, I think he ought to be ashamed of mentioning that statement, because we have the highest unemployment rate now than we had at any time between the Great Depression caused by Herbert Hoover and the time President Ford took office.",we have the highest unemployment rate now than we had at any time between the Great Depression caused by Herbert Hoover and the time President Ford took office.
We cannot be strong militarily when we're teeter - tottering on top of a mountain of debt which has been created in the past eight years.,We cannot be strong militarily if we are faltering with a large debt created in the last eight years.
"In California, sometime ago, a man beat a woman so savagely that her unborn child was born dead with a fractured skull, and the California State Legislature unanimously passed a law that was signed by the then - Democratic Governor -- signed a law that said that any man who so abuses a pregnant woman that he causes the death of her unborn child shall be charged with murder.","In California, the State Legislature unanimously passed a law that was signed by the Democratic Governor that said that any man who so abuses a pregnant woman that he causes the death of her unborn child shall be charged with murder."
"Now, look, Americans are hurting tonight and they're angry and I understand that, and they want a new direction.",There's need for a new direction.
"Once again, the president is misleading America.","Once again, the president is deceiving America."
"You know, when we have a world where you have ISIS chopping off heads, where you have—and, frankly, drowning people in steel cages, where you have wars and horrible, horrible sights all over, where you have so many bad things happening, this is like medieval times.","You know, when we have a world where you have ISIS chopping off heads, where you have—and, frankly, drowning people in steel cages, where you have wars and horrible, situations , where you have so many bad things happening, this is like medieval times."
"The members of Congress, Arthur Vandenberg, Walter George, were part of the process, and before our nation made a secret agreement, or before we made a bluffing statement, we were sure that we had the backing not only of the president and the secretary of state, but also of the Congress and the people.","The members of Congress, Arthur Vandenberg, Walter George, were part of the process, and before our nation made a secret agreement, or before we made a misleading statement, we were sure that we had the backing not only of the president and the secretary of state, but also of the Congress and the people."
I think that he insulted the intelligence of the American people and I'm awful proud that the American people rejected that tactic so overwhelmingly that he decided he had made a mistake.,I think that he insulted the intelligence of the American people and I agree with the American people that rejected that tactic  that he decided he had made a mistake.
"In the seven years before this Administration came into power in Washington, we found that six hundred million people went behind the Iron Curtain.","In the seven years before this Administration came into power in Washington, we found that six hundred million people were censored."
The -- the greatest failure we've had with regards to -- to gun violence in some respects is what -- what is known as Fast and Furious.,The -- the disappointed we've had with regards to -- to gun violence in some respects is what -- what is known as Fast and Furious.
The biggest threat we faced today is the possibility of terrorists smuggling a nuclear weapon or a biological agent into one of our own cities and threatening the lives of hundreds of thousands of Americans.,We faced hard situations.
And I think that's shocking; it's shameful.,And I think that's shocking; it's indecent.
"And I'm only here to tell you that I believe with all my heart that our first priority must be world peace, and that use of force is always and only a last resort, when everything else has failed, and then only with regard to our national security.","And I'm only here to tell you that I believe with all my heart that our first priority must be world peace, and that use of force is the last chance, when everything else has failed, and then only with regard to our national security."
"He has a 15-year - old daughter named Caley, who is in Sarasota High School. Her science class was supposed to be for 24 students. She's the 36th student in that classroom. They sent me a picture of her in the classroom. They can't squeeze another desk in for her, so she has to stand during class.","Her daughter's science class cannot squeeze in all the students, so someone has to stand during class."
"But when a man who hopes to be President says, take this treaty, discard it, do not vote, do not debate, do not explore the issues, do not finally capitalize on this long negotiation - that is a very dangerous and disturbing thing.","But when a man who hopes to be President says, take this treaty, discard it, do not vote, do not debate, do not explore the issues, do not finally capitalize on this long negotiation."
This is ridiculous and it ought to be changed.,This is bizarre and it ought to be changed.
So let me summarize by saying this: I'm not satisfied with what we're doing in the cold war because I believe we have to step up our activities and launch an offensive for the minds and hearts and souls of men.,So let me summarize by saying this: I'm not satisfied with what we're doing in the cold war because I believe we have to step up our activities and launch a general offensive.
In my opinion this is the same kind of woolly thinking that led to disaster for America in Korea.,In my opinion this is the same way to think that led to disaster for America in Korea.
Why I disagree with the MX is that it's a sitting duck.,Why I disagree with the MX is that it's too easy to catch it.
"I saw cases in West Virginia, here in the United States, where children took home part of their school lunch in order to feed their families because I don't think we're meeting our obligations toward these Americans.","I saw cases in West Virginia, here in the United States, with many povery problems.."
"They know that these toxic waste dumps should have been cleaned up a long time ago, and they know that people's lives and health are being risked, because we've had an administration that has been totally insensitive to the law and the demand for the protection of the environment.","They know that these toxic waste dumps should have been cleaned up a long time ago, and they know there are many risks, because we've had an administration that has been totally insensitive to the law and the demand for the protection of the environment."
We don't want him fishing in troubled waters in the Middle East.,We don't want him get in trouble in the Middle East.
"That's why Senator Hagel, Republican, says, you know: beyond pitiful, beyond embarrassing, in the zone of dangerous.","That's why Senator Hagel, Republican, says, you know: beyond the limit."
I think this is an extraordinarily important decision we'll make on November 7th.,I think this is an significant decision we'll make on November 7th.
I've been disturbed by the tone and the tenor of this campaign.,I didn't like this campaign.
"I do not suggest in any way, nor have I ever, that that indicates that Mr. Nixon has the slightest sympathy, involvement, or in any way imply any inferences in regard to the Ku Klux Klan.","I do not suggest in any way, nor have I ever, that that indicates that Mr. Nixon has some connections with the Ku Klux Klan."
I will fight for middle - class families and working men and women and I will never let you down.,Middle-class families and working men and women will be helped.
"And everybody knows, including the Wall Street Journal, hardly a friend of the Democratic party of this administration, that the '82 tax increase he sponsored in inflation - adjusted dollars was the biggest tax increase in American history.",The '82 tax increase he sponsored in inflation - adjusted dollars was the biggest tax increase in American history.
"It would, of course, be a very serious situation if we had evidence, credible evidence, that Saddam Hussein was developing weapons of mass destruction.","It would, of course, be a very serious situation if we had evidence, that Saddam Hussein was developing weapons of mass destruction."
And that is the continued discussion and claim that somehow I am the villain who is going to pull the Social Security checks out from those people who are dependent on them.,And that is the continued discussion and claim that somehow I am the offender who is going to pull the Social Security checks out from those people who are dependent on them.
"See, I think the mission has somewhat become fuzzy.","See, I think the mission has somewhat become vague."
That's what he's done when it comes to economic policies that will help working families get a leg up.,That's what he's done when it comes to economic policies that will help working families boost.
"To repeat myself, we have this year the opportunity, which we'll realize, to produce 800 million tons of coal - an unequaled record in the history of our country.","To repeat myself, we have this year the opportunity, which we'll realize, to produce 800 million tons of coal - a unique record in the history of our country."
"I don't believe we ought to pay our bills through inflation, through a phony interest rate.","I don't believe we ought to pay our bills through inflation, through an assumed interest rate."
"Three weeks from today, our nation will make a fateful decision.","Three weeks from today, our nation will make a crucial decision."
"The allusions to basic changes in the minimum wage is another, and the deleterious comments that Governor Reagan has made about unemployment compensation.","The allusions to basic changes in the minimum wage is another, and the bad comments that Governor Reagan has made about unemployment compensation."
I was in Los Angeles recently and I talked to a woman who told me that she had an abortion when she was 17 years of age. And looking back on that she said it was a mistake.,I was in Los Angeles recently and I talked to a woman who had an abortion.
"By the way, North Korea, most repressive and brutal regime probably on Earth.","By the way, North Korea, has a tough regime.."
One out of almost two children in Cleveland are now living in poverty.,One out of almost two person in Cleveland are now living in poverty.
"Were ready to go to work at the state and local level, all of us. I know the private sector is. People are all over the country.",Public and private sector are ready.
Look at that horrible—these are radical Islamic terrorists.,There are terrorists.. And she won’t even mention the word and nor will President Obama.
"I am eternally optimistic, and I happen to believe that we've made great progress from the days when I was young and when this country didn't even know it had a racial problem.","I am always optimistic, and I happen to believe that we've made great progress from the days when I was young and when this country didn't even know it had a racial problem."
This man has been disparaging my plan with all this Washington fuzzy math.,This man has been minimizing my plan with all this Washington fuzzy math.
But I support the death penalty in the most heinous cases.,But I support the death penalty when it's scandalous.
"It’s with him and with the hateful and divisive campaign that he has run, and the inciting of violence at his rallies, and the very brutal kinds of comments about not just women, but all Americans, all kinds of Americans.","It’s with him and with the offensive and divisive campaign that he has run, and the inciting of violence at his rallies, and the very brutal kinds of comments about not just women, but all Americans, all kinds of Americans."
That's why faith in the United States is pure and unpolluted by the intervention of politicians.,That's why faith in the United States is chaste and unpolluted by the intervention of politicians.
"But it's a bad, bad experience.",But it's not a good experience..
"But I also believe that because we are the United States of America, we're a country with a great, unbelievable Constitution, with rights that we afford people, that you can't discriminate in the workplace.","But I also believe that because we are the United States of America, we're a country with valuable Constitution, with rights that we afford people, that you can't discriminate in the workplace."
I've heard them explain - try to explain - how they tell their children how they can go into a store and buy a loaf of bread but then can't go into that store and sit at the counter and get a Coca Cola.,I've heard them explain - try to explain - how hard is for them enter in a supermarket.
"Just today, policemen was shot, two killed. And this is happening on a weekly basis.","Just today, there has been problems with the police."
Because this ever - rising arms race madness makes both nations less secure.,Because this ever-rising arms race makes both nations less secure.
That's why he called him a grave threat.,That's why he called him a risk.
That was a great—I thought a great display of presidential leadership.,"That was a great—I thought a notable expression of leadership But, you know, let’s talk about what’s really going on here, Martha, because our intelligence community just came out and said in the last few days that the Kremlin, meaning Putin and the Russian government, are directing the attacks, the hacking on American accounts to influence our election."
And in our country we have evolved to a point where we've put millions of innocent people in jail because you go to the poor neighborhoods and they've put bars on their windows and bars on their doors and put themselves in jail to protect the things that they acquired legitimately.,And in our country we have evolved to a point where we've put millions of innocent people in jail because of their disperate conditions.
"To think that Sam Nunn of Georgia or Colin Powell helped put together the coalition in the Persian Gulf were not even consulted. It was not only precipitous, it was a sign, not of strength, but of weakness.",To think that Sam Nunn of Georgia or Colin Powell helped put together the coalition in the Persian Gulf were not even consulted.
"This president has made, I regret to say, a colossal error of judgment.",This president has made a mistake.
"First of all, I won't repeat the mistake that I regret enormously, and that is, after we were able to help the Afghan freedom fighters and drive the Russians out of Afghanistan, we basically washed our hands of the region.","First of all, I won't repeat the mistake that I regret enormously."
"It's not the government's money, it's your money. You're entitled to it, and we would like to see to it that we provide tax relief for everybody who pays taxes.",We would like to see to it that we provide tax relief for everybody who pays taxes.
But I have tremendous respect for women.,But I have respect for women. And women have respect for me.
"Well, because I think that if the federal government moved out of the program and withdrew its supports uh - then I think you would have complete uh - economic chaos.","Well, because I think that if the federal government moved out of the program and withdrew its supports uh - then I think you would have economic disorder."
Families are under tremendous pressure. People do not -- do not feel safe in their homes. A mother doesn't feel safe sending her child to school. Our schools are not educating.,Families are under tremendous pressure.
"He just doesn't understand how the borders work, evidently, to say that. That is an outrageous claim.","He just doesn't understand how the borders work, evidently, to say that."
We're going to have to - the MX. We're going to have to do that. It's Christmas.,We're going to have to - the MX.
