Date,Fallacy,Label,Subcategory,Context,fix,strategy,fixed_context
1996,"To think that Sam Nunn of Georgia or Colin Powell helped put together the coalition in the Persian Gulf were not even consulted. It was not only precipitous, it was a sign, not of strength, but of weakness.",AppealtoEmotion,Appeal to fear,"It is precipitous to go into Iraq with bombing before we had even consulted with our allies. To think that Sam Nunn of Georgia or Colin Powell helped put together the coalition in the Persian Gulf were not even consulted. It was not only precipitous, it was a sign, not of strength, but of weakness. What's worse, they declared victory.",To think that Sam Nunn of Georgia or Colin Powell helped put together the coalition in the Persian Gulf were not even consulted.,Removing emotional snippet,"It is precipitous to go into Iraq with bombing before we had even consulted with our allies. To think that Sam Nunn of Georgia or Colin Powell helped put together the coalition in the Persian Gulf were not even consulted. What's worse, they declared victory."
1984,they know that people's lives and health are being risked,AppealtoEmotion,Appeal to fear,"The American people want this environment protected. They know that these toxic waste dumps should have been cleaned up a long time ago, and they know that people's lives and health are being risked, because we've had an administration that has been totally insensitive to the law and the demand for the protection of the environment. The American people want their children educated.",they know there are many risks,Generalizing,"The American people want this environment protected. They know that these toxic waste dumps should have been cleaned up a long time ago, and they know there are many risks, because we've had an administration that has been totally insensitive to the law and the demand for the protection of the environment. The American people want their children educated."
2004,this is the man who masterminded the greatest mass murder and terrorist attack in American history.,AppealtoEmotion,Appeal to fear,And what did we do? We turned -- this is the man who masterminded the greatest mass murder and terrorist attack in American history. And what did the administration decide to do?,this is the killer.,Generalizing + weakening,And what did we do? We turned -- this is the killer. And what did the administration decide to do?
2004,We were safer before President Bush came to office. Now they have the bombs and we're less safe.,AppealtoEmotion,Appeal to fear,"For two years, the president didn't even engage with North Korea, did nothing at all, while it was growing more dangerous, despite the warnings of former Secretary of Defense William Perry, who negotiated getting television cameras and inspectors into that reactor. We were safer before President Bush came to office. Now they have the bombs and we're less safe. So what do we do?",We were safer before President Bush came to office. Now their situation is different.,Generalizing + weakening,"For two years, the president didn't even engage with North Korea, did nothing at all, while it was growing more dangerous, despite the warnings of former Secretary of Defense William Perry, who negotiated getting television cameras and inspectors into that reactor. We were safer before President Bush came to office. Now their situation is different. So what do we do?"
2016,"And every day that goes by, we see the results of the regime by Assad in partnership with the Iranians on the ground, the Russians in the air, bombarding places, in particular Aleppo, where there are hundreds of thousands of people, probably about 250,000 still left.",AppealtoEmotion,Appeal to fear,"Well, the situation in Syria is catastrophic. And every day that goes by, we see the results of the regime by Assad in partnership with the Iranians on the ground, the Russians in the air, bombarding places, in particular Aleppo, where there are hundreds of thousands of people, probably about 250,000 still left. And there is a determined effort by the Russian air force to destroy Aleppo in order to eliminate the last of the Syrian rebels who are really holding out against the Assad regime.","And every day that goes by, the situation is worsening, where there are hundreds of thousands of people, probably about 250,000 still left.",Generalizing,"Well, the situation in Syria is catastrophic. And every day that goes by, the situation is worsening, where there are hundreds of thousands of people, probably about 250,000 still left. And there is a determined effort by the Russian air force to destroy Aleppo in order to eliminate the last of the Syrian rebels who are really holding out against the Assad regime."
1996,"The only thing, Jim, they have to offer is fear.",AppealtoEmotion,Appeal to fear,"Franklin Roosevelt said in 1932 that the only thing we have to fear is fear itself. The only thing, Jim, they have to offer is fear. Fear of the environment, fear of the climate, fear of Medicare, fear of Newt, fear of Republicans, fear of Bob, and probably fear of cutting tax rates.","They have only one thing, Jim.",Removing emotional snippet,"Franklin Roosevelt said in 1932 that the only thing we have to fear is fear itself. They have only one thing, Jim. Fear of the environment, fear of the climate, fear of Medicare, fear of Newt, fear of Republicans, fear of Bob, and probably fear of cutting tax rates."
2000,We don't know whether he's developing weapons of mass destruction.,AppealtoEmotion,Appeal to fear,The sanctions are being violated. We don't know whether he's developing weapons of mass destruction. He better not be or there's going to be a consequence should I be the president.,We don't know whether he's developing something.,Weakening,The sanctions are being violated. We don't know whether he's developing something. He better not be or there's going to be a consequence should I be the president.
2004,"The national intelligence assessment that was given to the president in July said, best - case scenario, more of the same of what we see today; worst - case scenario, civil war.",AppealtoEmotion,Appeal to fear,"That's Allawi's assessment. The national intelligence assessment that was given to the president in July said, best - case scenario, more of the same of what we see today; worst - case scenario, civil war. I can do better.","The national intelligence assessment that was given to the president in July said, best - case scenario, more of the same of what we see today; worst - case scenario, current situation worsened.",Weakening,"That's Allawi's assessment. The national intelligence assessment that was given to the president in July said, best - case scenario, more of the same of what we see today; worst - case scenario, current situation worsened. I can do better."
2000,"I have a few African - American friends who have gone through this horror and, you know, it makes me want to kind of hit the wall because it's such an assault on their humanity and their citizenship. We can't tolerate it anymore.",AppealtoEmotion,Appeal to fear,"And the sad fact is that racial profiling occurs in this country. I have a few African - American friends who have gone through this horror and, you know, it makes me want to kind of hit the wall because it's such an assault on their humanity and their citizenship. We can't tolerate it anymore. That's why I 've supported legislation in the first instance in Congress.",We can't tolerate it anymore.,Removing emotional snippet,And the sad fact is that racial profiling occurs in this country. We can't tolerate it anymore. That's why I 've supported legislation in the first instance in Congress.
1980,It will come from the pockets of the people who are living in those very areas.,AppealtoEmotion,Appeal to fear,"It will come from the pockets of the people. It will come from the pockets of the people who are living in those very areas. And the problem is, with Governments - Federal, State and Local - taking $.44 out of every dollar earned, that the Federal Government has pre - empted too many of the tax sources, and that the cities.",It is a wide problem of that area.,Generalizing + weakening,"It will come from the pockets of the people. It is a wide problem of that area. And the problem is, with Governments - Federal, State and Local - taking $.44 out of every dollar earned, that the Federal Government has pre - empted too many of the tax sources, and that the cities."
2000,"That is a legitimate concern, this is a very important area.",AppealtoEmotion,Appeal to fear,"He's concerned that if he had to send them into combat it would mean lives lost. That is a legitimate concern, this is a very important area. The fact that the U. S. military is worse off today than it was eight years ago.",That is a problem.,Generalizing + weakening,He's concerned that if he had to send them into combat it would mean lives lost. That is a problem. The fact that the U. S. military is worse off today than it was eight years ago.
2004,The 9/11 Commission put out a report that said America is safer but not yet safe.,AppealtoEmotion,Appeal to fear,I vowed to the American people after that fateful day of September the 11th that we would not rest nor tire until we're safe. The 9/11 Commission put out a report that said America is safer but not yet safe. There is more work to be done.,The 9/11 Commission released a report stating that America still has room for improvement in security.,Generalizing + weakening,I vowed to the American people after that fateful day of September the 11th that we would not rest nor tire until we're safe. The 9/11 Commission released a report stating that America still has room for improvement in security. There is more work to be done.
1996,That is a reign of terror. It's happening.,AppealtoEmotion,Appeal to fear,"Regulations that take property or reduce the value of some farmer or rancher or homeowner's property for wetlands or endangered species and take that property or reduce its value without compensating the owner. That is a reign of terror. It's happening. In Oregon, not too long ago, a farmer took 25 percent of his property and declared it a wetland.",,Removing emotional snippet,"Regulations that take property or reduce the value of some farmer or rancher or homeowner's property for wetlands or endangered species and take that property or reduce its value without compensating the owner.  In Oregon, not too long ago, a farmer took 25 percent of his property and declared it a wetland."
2004,The biggest threat we faced today is the possibility of terrorists smuggling a nuclear weapon or a biological agent into one of our own cities and threatening the lives of hundreds of thousands of Americans.,AppealtoEmotion,Appeal to fear,The effort that we've mounted with respect to Iraq focused specifically on the possibility that this was the most likely nexus between the terrorists and weapons of mass destruction. The biggest threat we faced today is the possibility of terrorists smuggling a nuclear weapon or a biological agent into one of our own cities and threatening the lives of hundreds of thousands of Americans. What we did in Iraq was exactly the right thing to do.,We faced hard situations.,Generalizing + weakening + removing emotional snippet,The effort that we've mounted with respect to Iraq focused specifically on the possibility that this was the most likely nexus between the terrorists and weapons of mass destruction. We faced hard situations. What we did in Iraq was exactly the right thing to do.
2004,"But yes, I'm worried. I'm worried. I'm worried about our country.",AppealtoEmotion,Appeal to fear,"Well, we'll talk about the tax cut for middle class here in a minute. But yes, I'm worried. I'm worried. I'm worried about our country. And all I can tell you is every day I know that there's people working overtime, doing the very best they can.",,Removing emotional snippet,"Well, we'll talk about the tax cut for middle class here in a minute.  And all I can tell you is every day I know that there's people working overtime, doing the very best they can."
2008,"In the meantime, bin Laden is still out there. He is not captured. He is not killed.",AppealtoEmotion,Appeal to fear,"That has been where all our resources have gone. In the meantime, bin Laden is still out there. He is not captured. He is not killed. Al Qaida is resurgent.","In the meantime, there are still some issues to solve.",Generalizing,"That has been where all our resources have gone. In the meantime, there are still some issues to solve. Al Qaida is resurgent."
2004,"This is a group of killers who will not only kill here, but kill children in Russia, that'll attack unmercifully in Iraq, hoping to shake our will.",AppealtoEmotion,Appeal to fear,"And that's what they are. This is a group of killers who will not only kill here, but kill children in Russia, that'll attack unmercifully in Iraq, hoping to shake our will. We have a duty to defeat this enemy.",This is a group of killers.,Removing emotional snippet,And that's what they are. This is a group of killers. We have a duty to defeat this enemy.
1976,I also - know that as far as the human beings on this earth are concerned that the nonproliferation of atomic weapons is number one.,AppealtoEmotion,Appeal to fear,"As a nuclear engineer myself, I know the limitations and capabilities of atomic power. I also - know that as far as the human beings on this earth are concerned that the nonproliferation of atomic weapons is number one. Only the last few days with the election approaching, has Mr. Ford taken any interest in a nonproliferation movement.",I also - know that as far as the human beings on this earth are worried about atomic weapons.,Generalizing + weakening,"As a nuclear engineer myself, I know the limitations and capabilities of atomic power. I also - know that as far as the human beings on this earth are worried about atomic weapons. Only the last few days with the election approaching, has Mr. Ford taken any interest in a nonproliferation movement."
1980,You are robbing the American people of their savings.,AppealtoEmotion,Appeal to fear,"And it isn't really higher prices, it's just, you are reducing the value of the money. You are robbing the American people of their savings. And so, the plan that I have proposed - and contrary to what John says, my plan is for a phased - in tax cut over a three - year period, tax increase and depreciation allowances for business and industry to give them the capital to refurbish plant and equipment, research and development, improved technology - all of which we see our foreign competitors having, and we have the greatest percentage of outmoded industrial plant and equipment of any of the industrial nations - produce more, have stable money supply, and give the people of this country a greater share of their own savings.",American people are not happy about what you are doing to them.,Generalizing + weakening + removing emotional snippet,"And it isn't really higher prices, it's just, you are reducing the value of the money. American people are not happy about what you are doing to them. And so, the plan that I have proposed - and contrary to what John says, my plan is for a phased - in tax cut over a three - year period, tax increase and depreciation allowances for business and industry to give them the capital to refurbish plant and equipment, research and development, improved technology - all of which we see our foreign competitors having, and we have the greatest percentage of outmoded industrial plant and equipment of any of the industrial nations - produce more, have stable money supply, and give the people of this country a greater share of their own savings."
2016,"After 9/11, I went to work with Republican mayor, governor and president to rebuild New York and to get health care for our first responders who were suffering because they had run toward danger and gotten sickened by it.",AppealtoEmotion,Appeal to fear,"Hundreds of thousands of kids now have a chance to be adopted because I worked to change our adoption and foster care system. After 9/11, I went to work with Republican mayor, governor and president to rebuild New York and to get health care for our first responders who were suffering because they had run toward danger and gotten sickened by it. Hundreds of thousands of National Guard and Reserve members have health care because of work that I did, and children have safer medicines because I was able to pass a law that required the dosing to be more carefully done.","After 9/11, I went to work with Republican mayor, governor and president to rebuild New York and to get health care for our first responders.",Removing emotional snippet,"Hundreds of thousands of kids now have a chance to be adopted because I worked to change our adoption and foster care system. After 9/11, I went to work with Republican mayor, governor and president to rebuild New York and to get health care for our first responders. Hundreds of thousands of National Guard and Reserve members have health care because of work that I did, and children have safer medicines because I was able to pass a law that required the dosing to be more carefully done."
2004,He's the one you will see on the evening news beheading hostages.,AppealtoEmotion,Appeal to fear,"He is responsible for most of the major car bombings that have killed or maimed thousands of people. He's the one you will see on the evening news beheading hostages. He is, without question, a bad guy.",,Removing emotional snippet,"He is responsible for most of the major car bombings that have killed or maimed thousands of people.  He is, without question, a bad guy."
1960,Now what do the Chinese Communists want? They don't want just Quemoy and Matsu; they don't want just Formosa; they want the world.,AppealtoEmotion,Appeal to fear,"He wanted first uh - we know, Austria, and then he went on to the Sudetenland and then Danzig, and each time it was thought this is all that he wanted. Now what do the Chinese Communists want? They don't want just Quemoy and Matsu; they don't want just Formosa; they want the world. And the question is if you surrender or indicate in advance that you're not going to defend any part of the free world, and you figure that's going to satisfy them, it doesn't satisfy them.",Now what do the Chinese want? ,Generalizing + weakening + removing emotional snippet,"He wanted first uh - we know, Austria, and then he went on to the Sudetenland and then Danzig, and each time it was thought this is all that he wanted. Now what do the Chinese want?  And the question is if you surrender or indicate in advance that you're not going to defend any part of the free world, and you figure that's going to satisfy them, it doesn't satisfy them."
2004,"And if Iraq were to fail, it'd be a haven for terrorists, and there would be money and the world would be much more dangerous.",AppealtoEmotion,Appeal to fear,"First of all, I don't think he can succeed in Iraq. And if Iraq were to fail, it'd be a haven for terrorists, and there would be money and the world would be much more dangerous. I don't see how you can win in Iraq if you don't believe we should be there in the first place.",,Removing emotional snippet,"First of all, I don't think he can succeed in Iraq.  I don't see how you can win in Iraq if you don't believe we should be there in the first place."
2000,He is a danger.,AppealtoEmotion,Appeal to fear,"We don't know -- there are no inspectors now in Iraq, the coalition that was in place isn't as strong as it used to be. He is a danger. We don't want him fishing in troubled waters in the Middle East.",,Removing emotional snippet,"We don't know -- there are no inspectors now in Iraq, the coalition that was in place isn't as strong as it used to be.  We don't want him fishing in troubled waters in the Middle East."
2016,"Just today, policemen was shot, two killed. And this is happening on a weekly basis.",AppealtoEmotion,Appeal to fear,"We’re going to bring back law and order. Just today, policemen was shot, two killed. And this is happening on a weekly basis. We have to bring back respect to law enforcement.","Just today, there has been problems with the police.",Generalizing + weakening + removing emotional snippet,"We’re going to bring back law and order. Just today, there has been problems with the police. We have to bring back respect to law enforcement."
2004,"Now, Prime Minister Allawi came here, and he said the terrorists are pouring over the border. That's Allawi's assessment.",AppealtoEmotion,Appeal to fear,"He has more of the same. Now, Prime Minister Allawi came here, and he said the terrorists are pouring over the border. That's Allawi's assessment. The national intelligence assessment that was given to the president in July said, best - case scenario, more of the same of what we see today; worst - case scenario, civil war.","Now, Prime Minister Allawi came here giving updates for terrorists. That's Allawi's assessment.",Generalizing + weakening,"He has more of the same. Now, Prime Minister Allawi came here giving updates for terrorists. That's Allawi's assessment. The national intelligence assessment that was given to the president in July said, best - case scenario, more of the same of what we see today; worst - case scenario, civil war."
2008,This is dangerous. It isn't just naive; it's dangerous.,AppealtoEmotion,Appeal to fear,"What Senator Obama doesn't seem to understand that if without precondition you sit down across the table from someone who has called Israel a ""stinking corpse,"" and wants to destroy that country and wipe it off the map, you legitimize those comments. This is dangerous. It isn't just naive; it's dangerous. And so we just have a fundamental difference of opinion.",,Removing emotional snippet,"What Senator Obama doesn't seem to understand that if without precondition you sit down across the table from someone who has called Israel a ""stinking corpse,"" and wants to destroy that country and wipe it off the map, you legitimize those comments.  And so we just have a fundamental difference of opinion."
1988,"I know it's tough and honest people can disagree. But when a narcotics wrapped up guy goes in and murders a police officer, I think they ought to pay with their life. And I do believe it would be inhibiting.",AppealtoEmotion,Appeal to fear,"And I favor the death penalty. I know it's tough and honest people can disagree. But when a narcotics wrapped up guy goes in and murders a police officer, I think they ought to pay with their life. And I do believe it would be inhibiting. And so I am not going to furlough men like Willie Horton, and I would meet with their, the victims of his last escapade, the rape and the brutalization of the family down there in Maryland.",I know it's tough and honest people can disagree. And I do believe it would be inhibiting.,Removing emotional snippet,"And I favor the death penalty. I know it's tough and honest people can disagree. And I do believe it would be inhibiting. And so I am not going to furlough men like Willie Horton, and I would meet with their, the victims of his last escapade, the rape and the brutalization of the family down there in Maryland."
1976,"We've seen, in this world, a development of a tremendous threat to us.",AppealtoEmotion,Appeal to fear,"He has learned the date of the expiration of SALT I, apparently. We've seen, in this world, a development of a tremendous threat to us. As a nuclear engineer myself, I know the limitations and capabilities of atomic power.",,Removing emotional snippet,"He has learned the date of the expiration of SALT I, apparently.  As a nuclear engineer myself, I know the limitations and capabilities of atomic power."
2000,We don't know whether he's developing weapons of mass destruction,AppealtoEmotion,Appeal to fear,The sanctions are being violated. We don't know whether he's developing weapons of mass destruction. He better not be or there's going to be a consequence should I be the president.,We don't know whether he's developing something.,Generalizing + weakening,The sanctions are being violated. We don't know whether he's developing something.. He better not be or there's going to be a consequence should I be the president.
1960,"We went through this tragic experience leading to World War II. We learned our lesson again in Korea, We must not learn it again.",AppealtoEmotion,Appeal to fear,"And that means war. We went through this tragic experience leading to World War II. We learned our lesson again in Korea, We must not learn it again. That is why I think the Senate was right, including a majority of the Democrats, a majority of the Republicans, when they rejected Senator Kennedy's position in 1955.",,Removing emotional snippet,"And that means war.  That is why I think the Senate was right, including a majority of the Democrats, a majority of the Republicans, when they rejected Senator Kennedy's position in 1955."
1996,"You're not going to have the opportunities; there are going to be more deficits, more drugs, more crime, and less confidence in the American people.",AppealtoEmotion,Appeal to fear,"They're the ones who have the challenges and they are people out there making predictions that it's not going to be the same. You're not going to have the opportunities; there are going to be more deficits, more drugs, more crime, and less confidence in the American people. And that's what you're faced with, the parents are faced with, and the grand parents are faced with.",You're not going to have the opportunities; there are going to be less confidence in the American people.,Removing emotional snippet,"They're the ones who have the challenges and they are people out there making predictions that it's not going to be the same. You're not going to have the opportunities; there are going to be less confidence in the American people. And that's what you're faced with, the parents are faced with, and the grand parents are faced with."
2008,"She asked me, can you please make sure another mother is not going through what I'm going through.",AppealtoEmotion,Appeal to fear,"I've got a bracelet, too, from Sergeant - from the mother of Sergeant Ryan David Jopeck (ph), given to me in green bay. She asked me, can you please make sure another mother is not going through what I'm going through. No U. S. soldier ever dies in vain because they're carrying out the missions of their commander in chief.",,Removing emotional snippet,"I've got a bracelet, too, from Sergeant - from the mother of Sergeant Ryan David Jopeck (ph), given to me in green bay.  No U. S. soldier ever dies in vain because they're carrying out the missions of their commander in chief."
1996,That's dangerous and it's provocative.,AppealtoEmotion,Appeal to fear,"I don't think, Jim, that Bob Dole was suggesting that the defense of our country is a jobs or a socioeconomic program, but it's clear that the defense budget of this administration has taken defense as a percent of our national economy to a lower level than it was prior to Pearl Harbor. That's dangerous and it's provocative. And the mixed message, the ambiguities of U. S. foreign policy, uh are -- I believe, and Bob Dole believes, is causing not only problems for this country throughout the world, but particularly here at home.",,Removing emotional snippet,"I don't think, Jim, that Bob Dole was suggesting that the defense of our country is a jobs or a socioeconomic program, but it's clear that the defense budget of this administration has taken defense as a percent of our national economy to a lower level than it was prior to Pearl Harbor.  And the mixed message, the ambiguities of U. S. foreign policy, uh are -- I believe, and Bob Dole believes, is causing not only problems for this country throughout the world, but particularly here at home."
2000,"But if you're a younger worker, if you're younger, you better hope this country thinks differently, otherwise you're gonna be faced with huge payroll taxes or reduced benefits.",AppealtoEmotion,Appeal to fear,"People are going to get paid. But if you're a younger worker, if you're younger, you better hope this country thinks differently, otherwise you're gonna be faced with huge payroll taxes or reduced benefits. And you bet we're gonna take a trillion dollars of your own money and let you invest it under safe guidelines so you get a better rate of return on the money than the paltry 2% that the federal government gets for you today.","But if you're a younger worker, if you're younger, you better hope this country thinks differently.",Removing emotional snippet,"People are going to get paid. But if you're a younger worker, if you're younger, you better hope this country thinks differently. And you bet we're gonna take a trillion dollars of your own money and let you invest it under safe guidelines so you get a better rate of return on the money than the paltry 2% that the federal government gets for you today."
2004,He is responsible for most of the major car bombings that have killed or maimed thousands of people.,AppealtoEmotion,Appeal to fear,We know he's still in Baghdad today. He is responsible for most of the major car bombings that have killed or maimed thousands of people. He's the one you will see on the evening news beheading hostages.,,Removing emotional snippet,We know he's still in Baghdad today.  He's the one you will see on the evening news beheading hostages.
2000,We might have no other choice. We'll have to see if that happens.,AppealtoEmotion,Appeal to fear,"We might have no other choice. We'll have to see if that happens. The thing about Iraq, of course, was at the end of the war we had pretty well decimated their military.",,Removing emotional snippet," The thing about Iraq, of course, was at the end of the war we had pretty well decimated their military."
1976,The American people had lost faith and trust and confidence in the presidency itself.,AppealtoEmotion,Appeal to fear,"We had inflation of over 12 percent, we were on the brink of the worst recession in the last forty years, we were still deeply involved in the problems of Vietnam. The American people had lost faith and trust and confidence in the presidency itself. That uh - situation called for me to first put the United States on a steady course and to keep our keel well balanced, because we had to face the difficult problems that had all of a sudden hit America.",,Removing emotional snippet,"We had inflation of over 12 percent, we were on the brink of the worst recession in the last forty years, we were still deeply involved in the problems of Vietnam.  That uh - situation called for me to first put the United States on a steady course and to keep our keel well balanced, because we had to face the difficult problems that had all of a sudden hit America."
2004,"And it's important for America to confront the situation in Iran, because Iran is an enormous threat to Israel and to the Israeli people.",AppealtoEmotion,Appeal to fear,"And I might add, it is very important for America to crack down on the Saudis who have not had a public prosecution for financing terrorism since 9/11. And it's important for America to confront the situation in Iran, because Iran is an enormous threat to Israel and to the Israeli people. Gwen, I want to go back to the last comment, and then I'll come back to Israel - Palestine.",And it's important for America to confront the situation in Iran.,Removing emotional snippet,"And I might add, it is very important for America to crack down on the Saudis who have not had a public prosecution for financing terrorism since 9/11. And it's important for America to confront the situation in Iran. Gwen, I want to go back to the last comment, and then I'll come back to Israel - Palestine."
2016,We’re going to defeat ISIS.,AppealtoEmotion,Appeal to fear,I will knock the hell out of ISIS. We’re going to defeat ISIS. ISIS happened a number of years ago in a vacuum that was left because of bad judgment.,,Removing emotional snippet,I will knock the hell out of ISIS.  ISIS happened a number of years ago in a vacuum that was left because of bad judgment.
2008,"Tragically, I was right: Nearly 300 Marines lost their lives in the bombing of the barracks.",AppealtoEmotion,Appeal to fear,"And I saw that, and I saw the situation, and I stood up, and I voted against that, because I was afraid that they couldn't make peace in a place where 300 or 400 or several hundred Marines would make a difference. Tragically, I was right: Nearly 300 Marines lost their lives in the bombing of the barracks. And then we had Somalia -- then we had the first Gulf War.",,Removing emotional snippet,"And I saw that, and I saw the situation, and I stood up, and I voted against that, because I was afraid that they couldn't make peace in a place where 300 or 400 or several hundred Marines would make a difference.  And then we had Somalia -- then we had the first Gulf War."
2004,"These terrorists are serious, they're deadly, and they know nothing except trying to kill.",AppealtoEmotion,Appeal to fear,"And I accept what the president has said. These terrorists are serious, they're deadly, and they know nothing except trying to kill. I understand that.",,Removing emotional snippet,And I accept what the president has said.  I understand that.
2016,"we have a world where you have ISIS chopping off heads, where you have—and, frankly, drowning people in steel cages, where you have wars and horrible, horrible sights all over, where you have so many bad things happening, this is like medieval times.",AppealtoEmotion,Appeal to fear,"But this is locker room talk. You know, when we have a world where you have ISIS chopping off heads, where you have—and, frankly, drowning people in steel cages, where you have wars and horrible, horrible sights all over, where you have so many bad things happening, this is like medieval times. We haven’t seen anything like this, the carnage all over the world.",we have a world where ISIS is acting in the most diverse ways.,Generalizing + weakening + removing emotional snippet,"But this is locker room talk. You know, when we have a world where ISIS is acting in the most diverse ways. We haven’t seen anything like this, the carnage all over the world."
2004,Osama bin Laden uses the invasion of Iraq in order to go out to people and say that America has declared war on Islam.,AppealtoEmotion,Appeal to fear,"And I know what many of them say today, and I know how to bring them back to the table. And I believe that a fresh start, new credibility, a president who can understand what we have to do to reach out to the Muslim world to make it clear that this is not, you know -- Osama bin Laden uses the invasion of Iraq in order to go out to people and say that America has declared war on Islam. We need to be smarter about now we wage a war on terror.",,Removing emotional snippet,"And I know what many of them say today, and I know how to bring them back to the table. And I believe that a fresh start, new credibility, a president who can understand what we have to do to reach out to the Muslim world to make it clear that this is not, you know --  We need to be smarter about now we wage a war on terror."
2004,"And the point is that that's the place where you're most likely to see the terrorists come together with weapons of mass destruction, the deadly technologies that Saddam Hussein had developed and used over the years.",AppealtoEmotion,Appeal to fear,"I have not suggested there's a connection between Iraq and 9/11, but there's clearly an established Iraqi track record with terror. And the point is that that's the place where you're most likely to see the terrorists come together with weapons of mass destruction, the deadly technologies that Saddam Hussein had developed and used over the years. Now, the fact of the matter is, the big difference here, Gwen, is they are not prepared to deal with states that sponsor terror.",,Removing emotional snippet,"I have not suggested there's a connection between Iraq and 9/11, but there's clearly an established Iraqi track record with terror.  Now, the fact of the matter is, the big difference here, Gwen, is they are not prepared to deal with states that sponsor terror."
1996,They want them to be able to drink clean water and breathe clean air. They don't want them to live next to toxic waste sites.,AppealtoEmotion,Appeal to fear,"All around the world we're seeing problems that people want to solve because they love their children. They want them to be able to drink clean water and breathe clean air. They don't want them to live next to toxic waste sites. When the United States of America takes the lead in protecting the environment, we do right by our children, and we also create new business opportunities, new jobs, new sources of prosperity for the United States of America, and we're going about it in a common sense way.",They want them to be able to drink clean water and breathe clean air.,Removing emotional snippet,"All around the world we're seeing problems that people want to solve because they love their children. They want them to be able to drink clean water and breathe clean air. When the United States of America takes the lead in protecting the environment, we do right by our children, and we also create new business opportunities, new jobs, new sources of prosperity for the United States of America, and we're going about it in a common sense way."
2016,"We haven’t seen anything like this, the carnage all over the world. And they look and they see.",AppealtoEmotion,Appeal to fear,"You know, when we have a world where you have ISIS chopping off heads, where you have—and, frankly, drowning people in steel cages, where you have wars and horrible, horrible sights all over, where you have so many bad things happening, this is like medieval times. We haven’t seen anything like this, the carnage all over the world. And they look and they see. Can you imagine the people that are, frankly, doing so well against us with ISIS?",We haven’t seen anything like this.,Removing emotional snippet,"You know, when we have a world where you have ISIS chopping off heads, where you have—and, frankly, drowning people in steel cages, where you have wars and horrible, horrible sights all over, where you have so many bad things happening, this is like medieval times. We haven’t seen anything like this. Can you imagine the people that are, frankly, doing so well against us with ISIS?"
1996,Families are under tremendous pressure. People do not -- do not feel safe in their homes. A mother doesn't feel safe sending her child to school. Our schools are not educating.,AppealtoEmotion,Appeal to fear,Our culture seems to be weakening all around us. Families are under tremendous pressure. People do not -- do not feel safe in their homes. A mother doesn't feel safe sending her child to school. Our schools are not educating. It's not the problem of the teachers.,Families are under tremendous pressure.,Removing emotional snippet,Our culture seems to be weakening all around us. Families are under tremendous pressure. It's not the problem of the teachers.
2016,That's why we're losing—we're losing—we lose on everything.,AppealtoEmotion,Appeal to fear,"But they should be paying us, because we are providing tremendous service and we're losing a fortune. That's why we're losing—we're losing—we lose on everything. I say, who makes these—we lose on everything.",,Removing emotional snippet,"But they should be paying us, because we are providing tremendous service and we're losing a fortune.  I say, who makes these—we lose on everything."
1960,they are important and dangerous now because they are mounting a major effort within their own country,AppealtoEmotion,Appeal to fear,"The Chinese Communists have always had a large population. But they are important and dangerous now because they are mounting a major effort within their own country. The kind of country we have here, the kind of society we have, the kind of strength we build in the United States will be the defense of freedom.",,Removing emotional snippet,"The Chinese Communists have always had a large population. But . The kind of country we have here, the kind of society we have, the kind of strength we build in the United States will be the defense of freedom."
1996,It is extremely risky.,AppealtoEmotion,Appeal to fear,"That means higher mortgage payments, particularly those with the variable rate mortgages, higher car payments, he would also lead to much deeper cuts in Medicare, Medicaid, education and the environment. It is extremely risky. And as for these harsh words, I don't take them personally.",,Removing emotional snippet,"That means higher mortgage payments, particularly those with the variable rate mortgages, higher car payments, he would also lead to much deeper cuts in Medicare, Medicaid, education and the environment.  And as for these harsh words, I don't take them personally."
2004,They're more dangerous today than they were four years ago.,AppealtoEmotion,Appeal to fear,"Iran has moved forward with its nuclear weapons program. They're more dangerous today than they were four years ago. North Korea has moved forward with their nuclear weapons program, gone from one to two nuclear weapons to six to eight nuclear weapons.",,Removing emotional snippet,"Iran has moved forward with its nuclear weapons program.  North Korea has moved forward with their nuclear weapons program, gone from one to two nuclear weapons to six to eight nuclear weapons."
2012,"You know, just a couple of weeks ago, actually, probably about a month, I saw a mother, who I had met at the bedside of her son, who had been shot in that theater. And her son had been shot through the head.",AppealtoEmotion,Appeal to fear,"Most recently out in Aurora. You know, just a couple of weeks ago, actually, probably about a month, I saw a mother, who I had met at the bedside of her son, who had been shot in that theater. And her son had been shot through the head. And we spent some time, and we said a prayer and, remarkably, about two months later, this young man and his mom showed up, and he looked unbelievable, good as new.","You know, just a couple of weeks ago, actually, probably about a month, I saw a mother, who I had met at the bedside of her son, who had been shot in that theater. ",Removing emotional snippet,"Most recently out in Aurora. You know, just a couple of weeks ago, actually, probably about a month, I saw a mother, who I had met at the bedside of her son, who had been shot in that theater.  And we spent some time, and we said a prayer and, remarkably, about two months later, this young man and his mom showed up, and he looked unbelievable, good as new."
2004,"But you're absolutely correct, it is a threat, it's a huge threat.",AppealtoEmotion,Appeal to fear,"I don't think you can just rely on U. N. sanctions, Randee. But you're absolutely correct, it is a threat, it's a huge threat. And what's interesting is, it's a threat that has grown while the president has been preoccupied with Iraq, where there wasn't a threat.",But you're absolutely correct.,Removing emotional snippet,"I don't think you can just rely on U. N. sanctions, Randee. But you're absolutely correct. And what's interesting is, it's a threat that has grown while the president has been preoccupied with Iraq, where there wasn't a threat."
2004,We need to battle them overseas so we don't have to battle them here at home.,AppealtoEmotion,Appeal to fear,"I'm saying specifically that I don't believe he has the qualities we need in a commander in chief because I don't think, based on his record, that he would pursue the kind of aggressive policies that need to be pursued if we're going to defeat these terrorists. We need to battle them overseas so we don't have to battle them here at home. I'm not challenging John Kerry's patriotism.",,Removing emotional snippet,"I'm saying specifically that I don't believe he has the qualities we need in a commander in chief because I don't think, based on his record, that he would pursue the kind of aggressive policies that need to be pursued if we're going to defeat these terrorists.  I'm not challenging John Kerry's patriotism."
1976,"Will it be a nightmare world threatened with the proliferation of atomic bombs, not just in five major countries but dozens of smaller countries that have been permitted to develop atomic weapons because of a failure of our top leadership to stop proliferation? Will we have a world of hunger and - and hatred, and will we be living in an armed camp stripped of our friendship and allies hiding behind a tight defense that's been drawn in around us because we are fearful of the outside world?",AppealtoEmotion,Appeal to fear,"This election will also determine what kind of world we leave our children. Will it be a nightmare world threatened with the proliferation of atomic bombs, not just in five major countries but dozens of smaller countries that have been permitted to develop atomic weapons because of a failure of our top leadership to stop proliferation? Will we have a world of hunger and - and hatred, and will we be living in an armed camp stripped of our friendship and allies hiding behind a tight defense that's been drawn in around us because we are fearful of the outside world? Will we have a government of secrecy that excludes the American people from participation in making basic decisions and therefore covers up mistakes and makes it possible for our government - our government - to depart from the principles of our Constitution and Bill of Rights?",,Removing emotional snippet,This election will also determine what kind of world we leave our children.  Will we have a government of secrecy that excludes the American people from participation in making basic decisions and therefore covers up mistakes and makes it possible for our government - our government - to depart from the principles of our Constitution and Bill of Rights?
2008,"And the last president of the United States that tried that was Herbert Hoover, and we went from a deep recession into a depression.",AppealtoEmotion,Appeal to fear,"So I don't -- I don't think there's any doubt that Senator Obama wants to restrict trade and he wants to raise taxes. And the last president of the United States that tried that was Herbert Hoover, and we went from a deep recession into a depression. We're not going to follow that path while I'm -- when I'm president of the United States.",,Removing emotional snippet,So I don't -- I don't think there's any doubt that Senator Obama wants to restrict trade and he wants to raise taxes.  We're not going to follow that path while I'm -- when I'm president of the United States.
2004,The great threat to our country is that these haters end up with weapons of mass destruction.,AppealtoEmotion,Appeal to fear,It's the great nexus. The great threat to our country is that these haters end up with weapons of mass destruction. But our long - term security depends on our deep faith in liberty.,,Removing emotional snippet,It's the great nexus.  But our long - term security depends on our deep faith in liberty.
1960,who threatens the peace? Who threatens freedom in the world?,AppealtoEmotion,Appeal to fear,How can we extend freedom - extend it without war? who threatens the peace? Who threatens freedom in the world? There is only one threat to peace and one threat to freedom - that that is presented by the international Communist movement.,,Removing emotional snippet,How can we extend freedom - extend it without war?  There is only one threat to peace and one threat to freedom - that that is presented by the international Communist movement.
1996,Franklin Roosevelt said in 1932 that the only thing we have to fear is fear itself.,AppealtoEmotion,Appeal to fear,"I mean, Al, get real. Franklin Roosevelt said in 1932 that the only thing we have to fear is fear itself. The only thing, Jim, they have to offer is fear.",,Removing emotional snippet,"I mean, Al, get real.  The only thing, Jim, they have to offer is fear."
2004,"I think if you raise taxes during a recession, you head to depression.",AppealtoEmotion,Appeal to fear,"Everybody got tax relief, so that they get out of the recession. I think if you raise taxes during a recession, you head to depression. I come from the school of thought that says when people have more money in their pocket during economic times, it increases demand or investment.",,Removing emotional snippet,"Everybody got tax relief, so that they get out of the recession.  I come from the school of thought that says when people have more money in their pocket during economic times, it increases demand or investment."
1996,"But even worse than that, as ugly as that might be -- and I know it's a tragedy to many people both on the pro - choice and pro - life position -- we have a President who vetoed a congressional ban on the ugly and gruesome practice of snatching life away from a child just moments before he or she enters the world. That is unacceptable.",AppealtoEmotion,Appeal to pity,"And to think that in this country, for every three births, there is one abortion. But even worse than that, as ugly as that might be -- and I know it's a tragedy to many people both on the pro - choice and pro - life position -- we have a President who vetoed a congressional ban on the ugly and gruesome practice of snatching life away from a child just moments before he or she enters the world. That is unacceptable. President Clinton has made it clear that he will sign legislation outlawing procedures such as this if there is a -- an exception to protect the health of the mother where serious health consequences, such as the inability to have any further children, are involved and her doctor advises her so.",We have a President who vetoed a congressional ban on the ugly and gruesome practice of aborting.,Generalizing + weakening + removing emotional snippet,"And to think that in this country, for every three births, there is one abortion. We have a President who vetoed a congressional ban on the ugly and gruesome practice of aborting. President Clinton has made it clear that he will sign legislation outlawing procedures such as this if there is a -- an exception to protect the health of the mother where serious health consequences, such as the inability to have any further children, are involved and her doctor advises her so."
1976,"We've got a - a sharp distinction drawn between white collar crime - the - the - the big shots who are rich, who are influential uh very seldom go to jail; those who are poor and - and who have uh no influence - uh quite often are the ones who are punished.",AppealtoEmotion,Appeal to pity,"But I think that now is the time to heal our country after the Vietnam War and I think that what the people are concerned about is not the - uh pardon or the amnesty of uh - those who evaded the draft, but - but whether or not our crime system is - is fair. We've got a - a sharp distinction drawn between white collar crime - the - the - the big shots who are rich, who are influential uh very seldom go to jail; those who are poor and - and who have uh no influence - uh quite often are the ones who are punished. And - and the whole uh subject of crime is one that concerns our people very much, and I believe that the fairness of it is - is what - uh - is a - is a major problem that addresses our - our leader and this is something that hasn't been addressed adequately by - by this administration.",We've got a - a sharp distinction drawn between white collar crime and who have no influence - uh quite often are the ones who are punished.,Removing additional information,"But I think that now is the time to heal our country after the Vietnam War and I think that what the people are concerned about is not the - uh pardon or the amnesty of uh - those who evaded the draft, but - but whether or not our crime system is - is fair. We've got a - a sharp distinction drawn between white collar crime and who have no influence - uh quite often are the ones who are punished. And - and the whole uh subject of crime is one that concerns our people very much, and I believe that the fairness of it is - is what - uh - is a - is a major problem that addresses our - our leader and this is something that hasn't been addressed adequately by - by this administration."
2004,"I've met kids in Ohio, parents in Wisconsin places, Iowa, where they're going out on the Internet to get the state - of - the - art body gear to send to their kids. Some of them got it for a birthday present.",AppealtoEmotion,Appeal to pity,"You don't send troops to war without the body armor that they need. I've met kids in Ohio, parents in Wisconsin places, Iowa, where they're going out on the Internet to get the state - of - the - art body gear to send to their kids. Some of them got it for a birthday present. I think that's wrong.",,Removing additional information,You don't send troops to war without the body armor that they need.  I think that's wrong.
2008,"And that's why, for example, on tax policy, what I want to do is provide a middle class tax cut to 95 percent of working Americans, those who are working two jobs, people who are not spending enough time with their kids, because they are struggling to make ends meet.",AppealtoEmotion,Appeal to pity,"For many of you, it is getting harder and harder to save, harder and harder to retire. And that's why, for example, on tax policy, what I want to do is provide a middle class tax cut to 95 percent of working Americans, those who are working two jobs, people who are not spending enough time with their kids, because they are struggling to make ends meet. Senator McCain is right that we've got to stabilize housing prices.","And that's why, for example, on tax policy, what I want to do is provide a middle class tax cut to 95 percent of working Americans.",Removing additional information,"For many of you, it is getting harder and harder to save, harder and harder to retire. And that's why, for example, on tax policy, what I want to do is provide a middle class tax cut to 95 percent of working Americans. Senator McCain is right that we've got to stabilize housing prices."
2000,We've graduated 15 million kids from high school in the last few years who can't read at a significant level. They are permanently sentenced to a lifetime of failure.,AppealtoEmotion,Appeal to pity,"If you look at it and think about it, we now have in our most disadvantaged communities, 70% of our fourth graders can't read at the basic level of understanding. We've graduated 15 million kids from high school in the last few years who can't read at a significant level. They are permanently sentenced to a lifetime of failure. What we want to do is to change that.",There will be problem in the future.,Generalizing + weakening + removing emotional snippet,"If you look at it and think about it, we now have in our most disadvantaged communities, 70% of our fourth graders can't read at the basic level of understanding. There will be problem in the future. What we want to do is to change that."
1992,"I've had more people talk to me about their health care problems I guess than anything else, all across America -- you know, people who've lost their jobs, lost their businesses, had to give up their jobs because of sick children.",AppealtoEmotion,Appeal to pity,"I've had more people talk to me about their health care problems I guess than anything else, all across America -- you know, people who've lost their jobs, lost their businesses, had to give up their jobs because of sick children. So let me try to answer you in this way.",I've had more people talk to me about their many problems of their lives.,Generalizing + weakening + removing emotional snippet,I've had more people talk to me about their many problems of their lives. So let me try to answer you in this way.
1996,"Now, I want to congratulate Mr. Kemp for being a lonely voice in the Republican party over the years on this question. It is -- it is with some sadness that I refer to the fact that the day after he joined Senator Dole's ticket, he announced that he was changing his position and was hereto, thereafter going to adopt Senator Dole's position to end all affirmative action.",AppealtoEmotion,Appeal to pity,"We are seeking to have vigorous enforcement of the laws that bar discrimination. Now, I want to congratulate Mr. Kemp for being a lonely voice in the Republican party over the years on this question. It is -- it is with some sadness that I refer to the fact that the day after he joined Senator Dole's ticket, he announced that he was changing his position and was hereto, thereafter going to adopt Senator Dole's position to end all affirmative action. That's not good for our country.","Now, I want to congratulate Mr. Kemp. I refer to the fact that the day after he joined Senator Dole's ticket, he announced that he was changing his position and was hereto, thereafter going to adopt Senator Dole's position to end all affirmative action.",Generalizing + weakening + removing emotional snippet,"We are seeking to have vigorous enforcement of the laws that bar discrimination. Now, I want to congratulate Mr. Kemp. I refer to the fact that the day after he joined Senator Dole's ticket, he announced that he was changing his position and was hereto, thereafter going to adopt Senator Dole's position to end all affirmative action. That's not good for our country."
2000,People are fed up. They've had enough with the bickering and the partisanship that seems to characterize the debate that goes on in the nation's capital.,AppealtoEmotion,Appeal to pity,And you're absolutely right. People are fed up. They've had enough with the bickering and the partisanship that seems to characterize the debate that goes on in the nation's capital. I've seen it done differently though.,,Removing emotional snippet,And you're absolutely right.  I've seen it done differently though.
2004,"I've met people who struggled with this for years, people who were in a marriage because they were living a sort of convention, and they struggled with it.",AppealtoEmotion,Appeal to pity,"I think if you talk to anybody, it's not choice. I've met people who struggled with this for years, people who were in a marriage because they were living a sort of convention, and they struggled with it. And I've met wives who are supportive of their husbands or vice versa when they finally sort of broke out and allowed themselves to live who they were, who they felt God had made them.",I've met people who had issues for years.,Generalizing + weakening,"I think if you talk to anybody, it's not choice. I've met people who had issues for years. And I've met wives who are supportive of their husbands or vice versa when they finally sort of broke out and allowed themselves to live who they were, who they felt God had made them."
1980,"I have seen four wars in my lifetime. I'm a father of sons; I have a grandson. I don't ever want to see another generation of young Americans bleed their lives into sandy beachheads in the Pacific, or rice paddies and jungles in the in Asia or the muddy battlefields of Europe.",AppealtoEmotion,Appeal to pity,"And good management in preserving the peace requires that we control the events and try to intercept before they become a crisis. I have seen four wars in my lifetime. I'm a father of sons; I have a grandson. I don't ever want to see another generation of young Americans bleed their lives into sandy beachheads in the Pacific, or rice paddies and jungles in the in Asia or the muddy battlefields of Europe. Mr. Stone, I have submitted an economic plan that I have worked out in concert with a number of fine economists in this country, all of whom approve it, and believe that over a five year projection, this plan can permit the extra spending for needed refurbishing of our defensive posture, that it can provide for a balanced budget by 1983 if not earlier, and that we can afford - along with the cuts that I have proposed in Government.",I have seen four wars in my lifetime.,Removing additional information,"And good management in preserving the peace requires that we control the events and try to intercept before they become a crisis. I have seen four wars in my lifetime. Mr. Stone, I have submitted an economic plan that I have worked out in concert with a number of fine economists in this country, all of whom approve it, and believe that over a five year projection, this plan can permit the extra spending for needed refurbishing of our defensive posture, that it can provide for a balanced budget by 1983 if not earlier, and that we can afford - along with the cuts that I have proposed in Government."
1996,That is morally and socially unacceptable in a modern day economy.,AppealtoEmotion,Appeal to pity,"There's jobs that are not being created, and the unemployment rate in our nations' inner cities is somewhere between 16 and 25 percent. That is morally and socially unacceptable in a modern day economy. President Bill Clinton promised to create 8 million jobs.",,Removing emotional snippet,"There's jobs that are not being created, and the unemployment rate in our nations' inner cities is somewhere between 16 and 25 percent.  President Bill Clinton promised to create 8 million jobs."
1980,"And as a result, the families of some of our young servicemen are on food stamps today.",AppealtoEmotion,Appeal to pity,"And today, on the average, the average serviceman is at least 15% - and I happen to think that's a very modest estimate - 15% below what has happened to the cost of living over that period of time. And as a result, the families of some of our young servicemen are on food stamps today. And I think that's shocking; it's shameful.","And as a result, the families of some of our young servicemen have economic problems.",Generalizing + weakening,"And today, on the average, the average serviceman is at least 15% - and I happen to think that's a very modest estimate - 15% below what has happened to the cost of living over that period of time. And as a result, the families of some of our young servicemen have economic problems. And I think that's shocking; it's shameful."
1984,"I demanded an apology from Vice President Bush because I had, instead, honored these young men, grieved for their families, and think they were wonderful Americans that honored us all.",AppealtoEmotion,Appeal to pity,"In the last debate,\1\ (FOOTNOTE) the Vice President of the United States said that I said the marines had died shamefully and died in shame in Lebanon. I demanded an apology from Vice President Bush because I had, instead, honored these young men, grieved for their families, and think they were wonderful Americans that honored us all. What does the President have to say about taking responsibility for a Vice President who won't apologize for something like that?",I demanded an apology from Vice President Bush because I they honored us all.,Generalizing + weakening + removing emotional snippet,"In the last debate,\1\ (FOOTNOTE) the Vice President of the United States said that I said the marines had died shamefully and died in shame in Lebanon. I demanded an apology from Vice President Bush because I they honored us all. What does the President have to say about taking responsibility for a Vice President who won't apologize for something like that?"
2000,My uncle was a victim of poisonous gas there.,AppealtoEmotion,Appeal to pity,"Look, that's where World War I started in the Balkans. My uncle was a victim of poisonous gas there. Millions of Americans saw the results of that conflict.",,Removing additional information,"Look, that's where World War I started in the Balkans.  Millions of Americans saw the results of that conflict."
1992,"And I read in the bulletin about teenage pregnancies, about the difficulties that families are having to make ends meet. I talk to parents. I mean, you've got to care. Everybody cares if people aren't doing well.",AppealtoEmotion,Appeal to pity,"It's a black church just outside of Washington, DC. And I read in the bulletin about teenage pregnancies, about the difficulties that families are having to make ends meet. I talk to parents. I mean, you've got to care. Everybody cares if people aren't doing well. But I don't think it's fair to say, you haven't had cancer.",And I read in the bulletin about many difficuties.,Generalizing + weakening + removing emotional snippet,"It's a black church just outside of Washington, DC. And I read in the bulletin about many difficuties. But I don't think it's fair to say, you haven't had cancer."
1992,I was in Los Angeles recently and I talked to a woman who told me that she had an abortion when she was 17 years of age. And looking back on that she said it was a mistake.,AppealtoEmotion,Appeal to pity,"Something like a 24-hour waiting period, parental notification. I was in Los Angeles recently and I talked to a woman who told me that she had an abortion when she was 17 years of age. And looking back on that she said it was a mistake. She said -- she said I wished at that time, that I was going through this difficult time, that I had counseling to talk about the post - abortion trauma, and talk about adoption rather than abortion.",I was in Los Angeles recently and I talked to a woman who had an abortion.,Removing additional information,"Something like a 24-hour waiting period, parental notification. I was in Los Angeles recently and I talked to a woman who had an abortion. She said -- she said I wished at that time, that I was going through this difficult time, that I had counseling to talk about the post - abortion trauma, and talk about adoption rather than abortion."
2000,"And as for singling people out because of race, you know, James Byrd was singled out because of his race in Texas.",AppealtoEmotion,Appeal to pity,"And I think that racial profiling is part of a larger issue of how we deal with race in America. And as for singling people out because of race, you know, James Byrd was singled out because of his race in Texas. And other Americans have been singled out because of their race or ethnicity.",,Removing additional information,And I think that racial profiling is part of a larger issue of how we deal with race in America.  And other Americans have been singled out because of their race or ethnicity.
1996,"I had a person in the Oval Office who lost a child in a school bus accident where a drunk driver caused the accident directly, but there were problems with the school bus. The drunk driver had no money. Under the new bill, if I had signed it, a person like that could never have had any recovery. I thought that was wrong.",AppealtoEmotion,Appeal to pity,"Now, let me just give you an example. I had a person in the Oval Office who lost a child in a school bus accident where a drunk driver caused the accident directly, but there were problems with the school bus. The drunk driver had no money. Under the new bill, if I had signed it, a person like that could never have had any recovery. I thought that was wrong. So I gave four or five specific examples to the Congress and said, prove to me that these people could recover but we're going to eliminate frivolous lawsuits, I'll sign the bill.","I had a person in the Oval Office who lost a child in a school bus accident. Under the new bill, if I had signed it, a person like that could never have had any recovery. I thought that was wrong.",Removing additional information,"Now, let me just give you an example. I had a person in the Oval Office who lost a child in a school bus accident. Under the new bill, if I had signed it, a person like that could never have had any recovery. I thought that was wrong. So I gave four or five specific examples to the Congress and said, prove to me that these people could recover but we're going to eliminate frivolous lawsuits, I'll sign the bill."
1996,I think of the man who grabbed me by the shoulder once with tears in his eyes and said his daughter was dying of cancer and he thanked me for giving him a chance to spend some time with her without losing his job because of the Family and Medical Leave Act.,AppealtoEmotion,Appeal to pity,And I think what others could do for our country and themselves if we did the welfare reform thing in the proper way. I think of the man who grabbed me by the shoulder once with tears in his eyes and said his daughter was dying of cancer and he thanked me for giving him a chance to spend some time with her without losing his job because of the Family and Medical Leave Act. I think of all the people I grew up with and went to school with and who I stay in touch with and who nerve let me forget how what we do in Washington affects all of you out there in America.,I think of the man who thanked me for giving him a chance to spend some time with her daughter that had cancer without losing his job because of the Family and Medical Leave Act.,Removing additional information,And I think what others could do for our country and themselves if we did the welfare reform thing in the proper way. I think of the man who thanked me for giving him a chance to spend some time with her daughter that had cancer without losing his job because of the Family and Medical Leave Act. I think of all the people I grew up with and went to school with and who I stay in touch with and who nerve let me forget how what we do in Washington affects all of you out there in America.
1992,And in our country we have evolved to a point where we've put millions of innocent people in jail because you go to the poor neighborhoods and they've put bars on their windows and bars on their doors and put themselves in jail to protect the things that they acquired legitimately.,AppealtoEmotion,Appeal to pity,"Now, what it really boils down to is can you live -- we become so preoccupied with the rights of the criminal that we've forgotten the rights of the innocent. And in our country we have evolved to a point where we've put millions of innocent people in jail because you go to the poor neighborhoods and they've put bars on their windows and bars on their doors and put themselves in jail to protect the things that they acquired legitimately. That's where we are.",And in our country we have evolved to a point where we've put millions of innocent people in jail because of their disperate conditions.,Generalizing + weakening + removing additional information,"Now, what it really boils down to is can you live -- we become so preoccupied with the rights of the criminal that we've forgotten the rights of the innocent. And in our country we have evolved to a point where we've put millions of innocent people in jail because of their disperate conditions. That's where we are."
1960,"we have the worst slums, that we have the most crowded schools; when he says that seventeen million people go to bed hungry every night",AppealtoEmotion,Appeal to pity,"Third, I would say this with regard to this report, with regard to Gallup Polls of prestige abroad and everything else that we've been hearing about ""what about American prestige abroad"": America's prestige abroad will be just as high as the spokesmen for America allow it to be. Now, when we have a presidential candidate, for example - Senator Kennedy - stating over and over again that the United States is second in space and the fact of the matter is that the space score today is twenty - eight to eight - we've had twenty - eight successful shots, they've had eight; when he states that we're second in education, and I have seen Soviet education and I've seen ours, and we're not; that we're second in science because they may be ahead in one area or another, when overall we're way ahead of the Soviet Union and all other countries in science; when he says as he did in January of this year that we have the worst slums, that we have the most crowded schools; when he says that seventeen million people go to bed hungry every night; when he makes statements like this, what does this do to American prestige? Well, it can only have the effect certainly of reducing it.","we have problems of overcrowding, poverty and education",Generalizing + weakening + removing additional information,"Third, I would say this with regard to this report, with regard to Gallup Polls of prestige abroad and everything else that we've been hearing about ""what about American prestige abroad"": America's prestige abroad will be just as high as the spokesmen for America allow it to be. Now, when we have a presidential candidate, for example - Senator Kennedy - stating over and over again that the United States is second in space and the fact of the matter is that the space score today is twenty - eight to eight - we've had twenty - eight successful shots, they've had eight; when he states that we're second in education, and I have seen Soviet education and I've seen ours, and we're not; that we're second in science because they may be ahead in one area or another, when overall we're way ahead of the Soviet Union and all other countries in science; when he says as he did in January of this year that we have problems of overcrowding, poverty and education; when he makes statements like this, what does this do to American prestige? Well, it can only have the effect certainly of reducing it."
1996,"So after Speaker Gingrich and Senator Dole took over the Congress, I went to New Hampshire and a man suggested -- a gentleman that unfortunately just passed away a couple of days ago, suggested that we appoint a commission. And I shook hands with him on it and I appointed my members, and the commission never met.",AppealtoEmotion,Appeal to pity,"That was certainly the case from the minute I got there. So after Speaker Gingrich and Senator Dole took over the Congress, I went to New Hampshire and a man suggested -- a gentleman that unfortunately just passed away a couple of days ago, suggested that we appoint a commission. And I shook hands with him on it and I appointed my members, and the commission never met. And then Senator Dole's ardent supporters, Senator McCain, who's out there today, along with Senator Feingold, supported, sponsored a campaign finance reform proposal.","So after Speaker Gingrich and Senator Dole took over the Congress, I went to New Hampshire and I appointed my members. The commission never met.",Removing additional information,"That was certainly the case from the minute I got there. So after Speaker Gingrich and Senator Dole took over the Congress, I went to New Hampshire and I appointed my members. The commission never met. And then Senator Dole's ardent supporters, Senator McCain, who's out there today, along with Senator Feingold, supported, sponsored a campaign finance reform proposal."
1960,"When you are proud and confident of your strength, you do not get down to the level of Mr. Khrushchev and his colleagues.",AppealtoEmotion,Appeal to pity,"Firmness but no belligerence, and by no belligerence I mean that we do not answer insult by insult. When you are proud and confident of your strength, you do not get down to the level of Mr. Khrushchev and his colleagues. And that example that President Eisenhower has set we will continue to follow.",,Removing additional information,"Firmness but no belligerence, and by no belligerence I mean that we do not answer insult by insult.  And that example that President Eisenhower has set we will continue to follow."
2004,"I visited some of those kids with no limbs today, because they didn't have the armor on those vehicles. They didn't have the right body armor.",AppealtoEmotion,Appeal to pity,"Ten thousand out of 12,000 Humvees aren't armored. I visited some of those kids with no limbs today, because they didn't have the armor on those vehicles. They didn't have the right body armor. I've met parents who've on the Internet gotten the armor to send their kids.",,Removing additional information,"Ten thousand out of 12,000 Humvees aren't armored.  I've met parents who've on the Internet gotten the armor to send their kids."
1984,And there are other ways of squeezing this budget without constantly picking on our senior citizens and the most vulnerable in American life.,AppealtoEmotion,Appeal to pity,"Certainly we can find a coffeepot that costs something less than $7,000. And there are other ways of squeezing this budget without constantly picking on our senior citizens and the most vulnerable in American life. And that's why the Congress, including the Republicans, have not gone along with the President's recommendations.",,Removing emotional snippet,"Certainly we can find a coffeepot that costs something less than $7,000.  And that's why the Congress, including the Republicans, have not gone along with the President's recommendations."
1976,That is a very serious indictment of this administration. It's probably the worst one of all.,AppealtoEmotion,Appeal to pity,"And we've probably got two and a half more million people who are not looking for jobs any more, because they've given up hope. That is a very serious indictment of this administration. It's probably the worst one of all.",,Removing emotional snippet,"And we've probably got two and a half more million people who are not looking for jobs any more, because they've given up hope. "
2008,"First of all, I won't repeat the mistake that I regret enormously, and that is, after we were able to help the Afghan freedom fighters and drive the Russians out of Afghanistan, we basically washed our hands of the region.",AppealtoEmotion,Appeal to pity,"And until we do, Americans here at home are not going to be safe. First of all, I won't repeat the mistake that I regret enormously, and that is, after we were able to help the Afghan freedom fighters and drive the Russians out of Afghanistan, we basically washed our hands of the region. And the result over time was the Taliban, Al Qaida, and a lot of the difficulties we are facing today.","First of all, I won't repeat the mistake that I regret enormously.",Removing additional information,"And until we do, Americans here at home are not going to be safe. First of all, I won't repeat the mistake that I regret enormously. And the result over time was the Taliban, Al Qaida, and a lot of the difficulties we are facing today."
1988,"I remember being in a high school in my own state as we were organizing something we call the Governor's Alliance Against Drugs, and a young 16 year old girl coming up to me, desperate, addicted, dependent, saying, Governor, I need help. We're providing that young woman with help.",AppealtoEmotion,Appeal to pity,"Governors like me and others have been trying to deal with the consequences. I remember being in a high school in my own state as we were organizing something we call the Governor's Alliance Against Drugs, and a young 16 year old girl coming up to me, desperate, addicted, dependent, saying, Governor, I need help. We're providing that young woman with help. But I want to be a president of the United States who makes sure that we never again do business with a drug - running Panamanian dictator, that we never again funnel aid to the contras through convicted drug dealers.","I remember being in a high school in my own state as we were organizing something we call the Governor's Alliance Against Drugs, and a young 16 year old girl coming up to me, asking for help.",Removing additional information,"Governors like me and others have been trying to deal with the consequences. I remember being in a high school in my own state as we were organizing something we call the Governor's Alliance Against Drugs, and a young 16 year old girl coming up to me, asking for help. But I want to be a president of the United States who makes sure that we never again do business with a drug - running Panamanian dictator, that we never again funnel aid to the contras through convicted drug dealers."
2016,"Last time at the first debate, we had millions of people fact checking, so I expect we’ll have millions more fact checking, because, you know, it is—it’s just awfully good that someone with the temperament of Donald Trump is not in charge of the law in our country.",AppealtoEmotion,Appeal to pity,"We have literally Trump—you can fact check him in real time. Last time at the first debate, we had millions of people fact checking, so I expect we’ll have millions more fact checking, because, you know, it is—it’s just awfully good that someone with the temperament of Donald Trump is not in charge of the law in our country. Because you’d be in jail.","Last time at the first debate, we had millions of people fact checking, so I expect we’ll have millions more fact checking.",Removing additional information,"We have literally Trump—you can fact check him in real time. Last time at the first debate, we had millions of people fact checking, so I expect we’ll have millions more fact checking. Because you’d be in jail."
2000,The fact is the Medicare problems have not been addressed. We have had eight years of problems with prescription drugs not being addressed. Social Security problem 's not been addressed. The educational problem has not been addressed. We 've had eight years of talk but no action.,AppealtoEmotion,Appeal to pity,"With all due respect, Joe, there's an awful lot of evidence that there hasn't been any bipartisan leadership out of this administration or Al Gore. The fact is the Medicare problems have not been addressed. We have had eight years of problems with prescription drugs not being addressed. Social Security problem 's not been addressed. The educational problem has not been addressed. We 've had eight years of talk but no action. They've been in a position of responsibility in the White House.",The fact is the Medicare problems have not been addressed. No action in eight years.,Removing additional information,"With all due respect, Joe, there's an awful lot of evidence that there hasn't been any bipartisan leadership out of this administration or Al Gore. The fact is the Medicare problems have not been addressed. No action in eight years. They've been in a position of responsibility in the White House."
1960,"I saw cases in West Virginia, here in the United States, where children took home part of their school lunch in order to feed their families because I don't think we're meeting our obligations toward these Americans",AppealtoEmotion,Appeal to pity,"I'm not satisfied when we have over nine billion dollars worth of food - some of it rotting - even though there is a hungry world, and even though four million Americans wait every month for a food package from the government, which averages five cents a day per individual. I saw cases in West Virginia, here in the United States, where children took home part of their school lunch in order to feed their families because I don't think we're meeting our obligations toward these Americans. I'm not satisfied when the Soviet Union is turning out twice as many scientists and engineers as we are.","I saw cases in West Virginia, here in the United States, with many povery problems.",Removing additional information,"I'm not satisfied when we have over nine billion dollars worth of food - some of it rotting - even though there is a hungry world, and even though four million Americans wait every month for a food package from the government, which averages five cents a day per individual. I saw cases in West Virginia, here in the United States, with many povery problems.. I'm not satisfied when the Soviet Union is turning out twice as many scientists and engineers as we are."
1988,"I was in Houston on Tuesday meeting with a group of good citizens, working citizens. All of them with little or no health insurance. One of them was a father who had been laid off a few months ago and lost his health insurance. Has an 11 year old son and can't let that son compete in sports and Little League, because he's afraid he's going to get hurt and he won't be able to provide health insurance to pay those bills.",AppealtoEmotion,Appeal to pity,"Well, no, it's no answer to those 37 million people, most of them members of working families who don't have a dime of health insurance and don't know how to pay the bills if their kids get sick at night. I was in Houston on Tuesday meeting with a group of good citizens, working citizens. All of them with little or no health insurance. One of them was a father who had been laid off a few months ago and lost his health insurance. Has an 11 year old son and can't let that son compete in sports and Little League, because he's afraid he's going to get hurt and he won't be able to provide health insurance to pay those bills. My state just became the only state in the nation to provide for universal health care and we did it with the support of the business community and labor and the health care community and with virtually everybody in the state.",,Removing additional information,"Well, no, it's no answer to those 37 million people, most of them members of working families who don't have a dime of health insurance and don't know how to pay the bills if their kids get sick at night.  My state just became the only state in the nation to provide for universal health care and we did it with the support of the business community and labor and the health care community and with virtually everybody in the state."
1992,I think of a woman in Chicago when I was talking to parents about education where she stood up and said I'm sick and tired of these schools in this city being nothing but a factory for failure.,AppealtoEmotion,Appeal to pity,I'd like to use this closing statement to talk to you about a few people that I have met in these last 4 years. I think of a woman in Chicago when I was talking to parents about education where she stood up and said I'm sick and tired of these schools in this city being nothing but a factory for failure. And that's why we support choice in education.,I think of a woman in Chicago when I was talking to parents about education where she complained about that educational system.,Generalizing + weakening,I'd like to use this closing statement to talk to you about a few people that I have met in these last 4 years. I think of a woman in Chicago when I was talking to parents about education where she complained about that educational system. And that's why we support choice in education.
1960,I know what it means to be poor,AppealtoEmotion,Appeal to pity,Let us understand throughout this campaign that his motives and mine are sincere. I know what it means to be poor. I know what it means to see people who are unemployed.,,Removing additional information,Let us understand throughout this campaign that his motives and mine are sincere. . I know what it means to see people who are unemployed.
1976,"Our tax structure is a disgrace, it needs to be reformed.",AppealtoEmotion,Appeal to pity,"And I believe we require someone who can work harmoniously with the Congress, who can work closely with the people of this country, and who can bring a new image and a new spirit to Washington. Our tax structure is a disgrace, it needs to be reformed. I was Governor of Georgia for four years.",Our tax structure needs a change.,Generalizing + weakening,"And I believe we require someone who can work harmoniously with the Congress, who can work closely with the people of this country, and who can bring a new image and a new spirit to Washington. Our tax structure needs a change. I was Governor of Georgia for four years."
2016,I've heard from so many of you about the difficult choices you face and the stresses that you're under.,AppealtoEmotion,Appeal to pity,"And I want us to do more to support people who are struggling to balance family and work. I've heard from so many of you about the difficult choices you face and the stresses that you're under. So let's have paid family leave, earned sick days.",,Removing additional information,"And I want us to do more to support people who are struggling to balance family and work.  So let's have paid family leave, earned sick days."
2012,But there were a lot of families who didn't have that good fortune and whose sons or daughters or husbands didn't survive.,AppealtoEmotion,Appeal to pity,"And we spent some time, and we said a prayer and, remarkably, about two months later, this young man and his mom showed up, and he looked unbelievable, good as new. But there were a lot of families who didn't have that good fortune and whose sons or daughters or husbands didn't survive. So my belief is that, (A), we have to enforce the laws we've already got, make sure that we're keeping guns out of the hands of criminals, those who are mentally ill. We've done a much better job in terms of background checks, but we've got more to do when it comes to enforcement.",,Removing emotional snippet,"And we spent some time, and we said a prayer and, remarkably, about two months later, this young man and his mom showed up, and he looked unbelievable, good as new.  So my belief is that, (A), we have to enforce the laws we've already got, make sure that we're keeping guns out of the hands of criminals, those who are mentally ill. We've done a much better job in terms of background checks, but we've got more to do when it comes to enforcement."
1996,"Prime Minister Rabin gave his life because someone in his own country literally hated him for trying to bring peace. I would like to have had a big, organized summit, but those people were killing each other, rapidly, innocent Arab children, innocent Israeli people, they were dying.",AppealtoEmotion,Appeal to pity,"There are extremists in all parts of the Middle East who want to kill that peace process. Prime Minister Rabin gave his life because someone in his own country literally hated him for trying to bring peace. I would like to have had a big, organized summit, but those people were killing each other, rapidly, innocent Arab children, innocent Israeli people, they were dying. And there is ,so much trust has broken down in the aftermath of the change of government.",,Removing additional information,"There are extremists in all parts of the Middle East who want to kill that peace process.  And there is ,so much trust has broken down in the aftermath of the change of government."
2000,"She gets a small pension, but in order to pay for her prescription drug benefits, she has to go out seven days a week several hours a day picking up cans",AppealtoEmotion,Appeal to pity,"I'm not going to cut her benefits or support any proposal that would. She gets a small pension, but in order to pay for her prescription drug benefits, she has to go out seven days a week several hours a day picking up cans. She came all the way from Iowa in a Winnebago with her poodle in order attend here tonight.",,Removing additional information,I'm not going to cut her benefits or support any proposal that would. . She came all the way from Iowa in a Winnebago with her poodle in order attend here tonight.
1992,"And we would target it especially in areas that have been either depressed or which have lost a lot of defense related jobs. There are 200,000 people in California, for example, who have lost their defense related jobs.",AppealtoEmotion,Appeal to pity,"My plan would dedicate $20 billion a year in each of the next 4 years for investments in new transportation, communications, environmental clean - ups and new technologies for the 21st century. And we would target it especially in areas that have been either depressed or which have lost a lot of defense related jobs. There are 200,000 people in California, for example, who have lost their defense related jobs. They ought to be engaged in making high speed rail.",And we would target it especially in areas that have been either depressed or which have lost a lot of defense related jobs.,Removing additional information,"My plan would dedicate $20 billion a year in each of the next 4 years for investments in new transportation, communications, environmental clean - ups and new technologies for the 21st century. And we would target it especially in areas that have been either depressed or which have lost a lot of defense related jobs. They ought to be engaged in making high speed rail."
1960,I've heard them explain - try to explain - how they tell their children how they can go into a store and buy a loaf of bread but then can't go into that store and sit at the counter and get a Coca Cola.,AppealtoEmotion,Appeal to pity,"I have talked to Negro mothers. I've heard them explain - try to explain - how they tell their children how they can go into a store and buy a loaf of bread but then can't go into that store and sit at the counter and get a Coca Cola. This is wrong, and we have to do something about it.",I've heard them explain - try to explain - how hard is for them enter in a supermarket.,Generalizing + weakening + removing additional information,"I have talked to Negro mothers. I've heard them explain - try to explain - how hard is for them enter in a supermarket. This is wrong, and we have to do something about it."
2000,"Some desperate child needs to have somebody put their arm around them and say, we love you.",AppealtoEmotion,Appeal to pity,"So gun laws are important, no question about it, but so is loving children, and character education classes, and faith - based programs being a part of after - school programs. Some desperate child needs to have somebody put their arm around them and say, we love you. So there's a -- this is a society that -- of ours that's got to do a better job of teaching children right from wrong.",,Removing emotional snippet,"So gun laws are important, no question about it, but so is loving children, and character education classes, and faith - based programs being a part of after - school programs.  So there's a -- this is a society that -- of ours that's got to do a better job of teaching children right from wrong."
1992,"I see people in my state, middle class people -- their taxes have gone up in Washington and their services have gone down while the wealthy have gotten tax cuts.",AppealtoEmotion,Appeal to pity,"Every year Congress and the president sign laws that make us do more things and gives us less money to do it with. I see people in my state, middle class people -- their taxes have gone up in Washington and their services have gone down while the wealthy have gotten tax cuts. I have seen what's happened in this last 4 years when -- in my state, when people lose their jobs there's a good chance I'll know them by their names.",,Removing additional information,"Every year Congress and the president sign laws that make us do more things and gives us less money to do it with.  I have seen what's happened in this last 4 years when -- in my state, when people lose their jobs there's a good chance I'll know them by their names."
2000,"The woman who bought the guns for the two boys who did that killing at Columbine said that if she had had to give her name and fill out a form there, she would not have bought those guns.",AppealtoEmotion,Appeal to pity,"Look, this is the year -- this is in the aftermath of Columbine, and Paducah, and all the places in our country where the nation has been shocked by these weapons in the hands of the wrong people. The woman who bought the guns for the two boys who did that killing at Columbine said that if she had had to give her name and fill out a form there, she would not have bought those guns. That conceivably could have prevented that tragedy.","The woman said that if she had had to give her name and fill out a form there, she would not have bought those guns.",Removing additional information,"Look, this is the year -- this is in the aftermath of Columbine, and Paducah, and all the places in our country where the nation has been shocked by these weapons in the hands of the wrong people. The woman said that if she had had to give her name and fill out a form there, she would not have bought those guns. That conceivably could have prevented that tragedy."
1976,"We've got an extraordinarily high unemployment rate among downtown urban ghetto areas, uh - particularly among the very poor and particularly among minority groups, sometimes 50 or 60 percent.",AppealtoEmotion,Appeal to pity,"The last point is that the major - uh thrust has gotta be to put people back to work. We've got an extraordinarily high unemployment rate among downtown urban ghetto areas, uh - particularly among the very poor and particularly among minority groups, sometimes 50 or 60 percent. And the concentration of employment opportunities in those areas would help greatly not only to reestablish the tax base, but also to help reduce the extraordinary welfare cost.","We've got an extraordinarily high unemployment rate among downtown urban ghetto areas, sometimes 50 or 60 percent.",Removing additional information,"The last point is that the major - uh thrust has gotta be to put people back to work. We've got an extraordinarily high unemployment rate among downtown urban ghetto areas, sometimes 50 or 60 percent. And the concentration of employment opportunities in those areas would help greatly not only to reestablish the tax base, but also to help reduce the extraordinary welfare cost."
2004,One out of almost two children in Cleveland are now living in poverty.,AppealtoEmotion,Appeal to pity,"Cleveland is a wonderful, distinguished city that's done a lot of great things, but it has the highest poverty rate in the country. One out of almost two children in Cleveland are now living in poverty. During the time that the vice president and the president have been in office, 4 million more Americans have fallen into poverty.",One out of almost two person in Cleveland are now living in poverty.,Generalizing + weakening,"Cleveland is a wonderful, distinguished city that's done a lot of great things, but it has the highest poverty rate in the country. One out of almost two person in Cleveland are now living in poverty. During the time that the vice president and the president have been in office, 4 million more Americans have fallen into poverty."
2016,"And I think it’s been unfortunate, but it’s happened, that since the Great Recession, the gains have all gone to the top.",AppealtoEmotion,Appeal to pity,"I want to invest in hard - working families. And I think it’s been unfortunate, but it’s happened, that since the Great Recession, the gains have all gone to the top. And we need to reverse that.","Since the Great Recession, the gains have all gone to the top.",Removing additional information,"I want to invest in hard - working families. Since the Great Recession, the gains have all gone to the top. And we need to reverse that."
1996,And to call a businessman or woman who sits down and has a chance to express his or her interest in how to make these laws work and call them a polluter is just outrageous.,AppealtoEmotion,Appeal to pity,"This is the most overregulated, overly litigated economy in our nation's history. And to call a businessman or woman who sits down and has a chance to express his or her interest in how to make these laws work and call them a polluter is just outrageous. It is typical of the anti - capitalistic mentality of this administration.",And not encouraging someone who wants to change the law for his or her job future is not right.,Generalizing + weakening + removing emotional snippet,"This is the most overregulated, overly litigated economy in our nation's history. And not encouraging someone who wants to change the law for his or her job future is not right. It is typical of the anti - capitalistic mentality of this administration."
2004,And you go visit some of those kids in the hospitals today who were maimed because they don't have the armament.,AppealtoEmotion,Appeal to pity,"Humvees -- 10,000 out of 12,000 Humvees that are over there aren't armored. And you go visit some of those kids in the hospitals today who were maimed because they don't have the armament. This president just -- I don't know if he sees what's really happened over there.",,Removing additional information,"Humvees -- 10,000 out of 12,000 Humvees that are over there aren't armored.  This president just -- I don't know if he sees what's really happened over there."
1988,Think about that father down there in Houston who has to tell his youngster that he can't play little league ball that he can't go out on the ball field because he's afraid he's going to get hurt.,AppealtoEmotion,Appeal to pity,"One of the greatest barriers to opportunity for a family and for those children is the threat that they mat lose their health insurance. Think about that father down there in Houston who has to tell his youngster that he can't play little league ball that he can't go out on the ball field because he's afraid he's going to get hurt. And yet, Mr. Bush says well, I don't think we ought to expect business to provide health insurance for their employees, when responsible employers, a majority of employers in this country do and are paying more for their insurance to reimburse hospitals for free care on account of people that are not insured, that have to go to that hospital.",,Removing additional information,"One of the greatest barriers to opportunity for a family and for those children is the threat that they mat lose their health insurance.  And yet, Mr. Bush says well, I don't think we ought to expect business to provide health insurance for their employees, when responsible employers, a majority of employers in this country do and are paying more for their insurance to reimburse hospitals for free care on account of people that are not insured, that have to go to that hospital."
2004,"beyond pitiful, beyond embarrassing, in the zone of dangerous",AppealtoEmotion,Appeal to pity,"That's why Senator Lugar says: incompetent in the delivery of services. That's why Senator Hagel, Republican, says, you know: beyond pitiful, beyond embarrassing, in the zone of dangerous. We didn't guard 850,000 tons of ammo.",beyond the limit,Weakening,"That's why Senator Lugar says: incompetent in the delivery of services. That's why Senator Hagel, Republican, says, you know: beyond the limit. We didn't guard 850,000 tons of ammo."
1980,"I would like to make a change in the regulation that discriminates against a wife who works and finds that she then is faced with a choice between her father's or her husband's benefits, if he dies first, or what she has paid in; but it does not recognize that she has also been paying in herself, and she is entitled to more than she presently can get.",AppealtoEmotion,Appeal to pity,"There are some changes that I would like to make. I would like to make a change in the regulation that discriminates against a wife who works and finds that she then is faced with a choice between her father's or her husband's benefits, if he dies first, or what she has paid in; but it does not recognize that she has also been paying in herself, and she is entitled to more than she presently can get. I'd like to change that.",I would like to change the regulation that discriminates when someone has to make a choice about who to care for in the family.,Generalizing + weakening + removing additional information,There are some changes that I would like to make. I would like to change the regulation that discriminates when someone has to make a choice about who to care for in the family. I'd like to change that.
1996,"But let me remind you, my family has suffered from drug abuse. I know what it's like to see somebody you love nearly lose their lives, and I hate drugs, Senator. We need to do this together and we can.",AppealtoEmotion,Appeal to pity,"We just have a different approach. But let me remind you, my family has suffered from drug abuse. I know what it's like to see somebody you love nearly lose their lives, and I hate drugs, Senator. We need to do this together and we can. Not if I didn't have a better idea.",We need to do this together and we can.,Removing additional information,We just have a different approach. We need to do this together and we can. Not if I didn't have a better idea.
1996,"Before I answer that, Jim, let me just say it is disgraceful, the campaign being waged to scare the American senior citizens, in this state and my home state of, well, New York and California, about Medicare.",AppealtoEmotion,Appeal to pity,"We have a balanced budget plan that protects Medicare and gives tax cuts. Before I answer that, Jim, let me just say it is disgraceful, the campaign being waged to scare the American senior citizens, in this state and my home state of, well, New York and California, about Medicare. One other one in there, isn't there?","Before I answer that, Jim, let me just say how bad is the campaign being waged, about Medicare.",Generalizing + weakening + removing additional information,"We have a balanced budget plan that protects Medicare and gives tax cuts. Before I answer that, Jim, let me just say how bad is the campaign being waged, about Medicare. One other one in there, isn't there?"
1980,is an unborn child a human being?,AppealtoEmotion,Appeal to pity,"And I've noticed that everybody that is for abortion has already been born. I I think that, technically, I know this is a difficult and an emotional problem, and many people sincerely feel on both sides of this, but I do believe that maybe we could find the answer through medical evidence, if we would determine once and for all, is an unborn child a human being? I happen to believe it is.",,Removing emotional snippet,"And I've noticed that everybody that is for abortion has already been born. I I think that, technically, I know this is a difficult and an emotional problem, and many people sincerely feel on both sides of this, but I do believe that maybe we could find the answer through medical evidence, if we would determine once and for all,  I happen to believe it is."
2004,"When I was in a rope line just the other day, coming out here from Wisconsin, a couple of young returnees were in the line, one active duty, one from the Guard. And they both looked at me and said: We need you. You've got to help us over there.",AppealtoEmotion,Appeal to pity,"You know, it's interesting. When I was in a rope line just the other day, coming out here from Wisconsin, a couple of young returnees were in the line, one active duty, one from the Guard. And they both looked at me and said: We need you. You've got to help us over there. Now I believe there's a better way to do this.",People from Wisconsin has troubles over there.,Generalizing + weakening + removing additional information,"You know, it's interesting. People from Wisconsin has troubles over there. Now I believe there's a better way to do this."
2000,I know what a hate crime statute pending at the national level is all about in the aftermath of James Byrd's death.,AppealtoEmotion,Appeal to pity,"I know the governor is against it, and I know that I'm for it. I know what a hate crime statute pending at the national level is all about in the aftermath of James Byrd's death. I'm for that proposed law, the governor is against it.",,Removing additional information,"I know the governor is against it, and I know that I'm for it.  I'm for that proposed law, the governor is against it."
2004,"And I've met wives who are supportive of their husbands or vice versa when they finally sort of broke out and allowed themselves to live who they were, who they felt God had made them.",AppealtoEmotion,Appeal to pity,"I've met people who struggled with this for years, people who were in a marriage because they were living a sort of convention, and they struggled with it. And I've met wives who are supportive of their husbands or vice versa when they finally sort of broke out and allowed themselves to live who they were, who they felt God had made them. I think we have to respect that.",,Removing additional information,"I've met people who struggled with this for years, people who were in a marriage because they were living a sort of convention, and they struggled with it.  I think we have to respect that."
1980,"With regard to the freedom of the individual for choice with regard to abortion, there's one individual who's not being considered at all. That's the one who is being aborted.",AppealtoEmotion,Appeal to pity,"I think all of us should have a respect for innocent life. With regard to the freedom of the individual for choice with regard to abortion, there's one individual who's not being considered at all. That's the one who is being aborted. And I've noticed that everybody that is for abortion has already been born.",,Removing additional information,I think all of us should have a respect for innocent life.  And I've noticed that everybody that is for abortion has already been born.
2004,"You know, I think about Missy Johnson. She's a fantastic lady I met in Charlotte, North Carolina. She and her son Bryan, they came to see me. Her husband PJ got killed. He'd been in Afghanistan, went to Iraq. You know, it's hard work to try to love her as best as I can, knowing full well that the decision I made caused her loved one to be in harm's way. I told her after we prayed and teared up and laughed some that I thought her husband's sacrifice was noble and worthy.",AppealtoEmotion,Appeal to pity,"You know, my hardest -- the hardest part of the job is to know that I committed the troops in harm's way and then do the best I can to provide comfort for the loved ones who lost a son or a daughter or a husband or wife. You know, I think about Missy Johnson. She's a fantastic lady I met in Charlotte, North Carolina. She and her son Bryan, they came to see me. Her husband PJ got killed. He'd been in Afghanistan, went to Iraq. You know, it's hard work to try to love her as best as I can, knowing full well that the decision I made caused her loved one to be in harm's way. I told her after we prayed and teared up and laughed some that I thought her husband's sacrifice was noble and worthy. Because I understand the stakes of this war on terror.",,Removing emotional snippet,"You know, my hardest -- the hardest part of the job is to know that I committed the troops in harm's way and then do the best I can to provide comfort for the loved ones who lost a son or a daughter or a husband or wife.  Because I understand the stakes of this war on terror."
2008,"And when you look at your tax policies that are directed primarily at those who are doing well, and you are neglecting people who are really struggling right now, I think that is a continuation of the last eight years, and we can't afford another four.",AppealtoEmotion,Appeal to pity,"But the fact is that eliminating earmarks alone is not a recipe for how we're going to get the middle class back on track. And when you look at your tax policies that are directed primarily at those who are doing well, and you are neglecting people who are really struggling right now, I think that is a continuation of the last eight years, and we can't afford another four. Well -- well, let me give you an example of what Senator Obama finds objectionable, the business tax."," think that is a continuation of the last eight years, and we can't afford another four.",Removing additional information,"But the fact is that eliminating earmarks alone is not a recipe for how we're going to get the middle class back on track.  think that is a continuation of the last eight years, and we can't afford another four. Well -- well, let me give you an example of what Senator Obama finds objectionable, the business tax."
1996,We're treading water. We have families that are hurting. We have people who are unemployed. We have people with no property. We have an administration that is demolishing public housing in our inner cities and not providing anything else but more public housing.,AppealtoEmotion,Appeal to pity,"But irrespective of whether he thinks it is or not means less than fact that this country cannot morally and socially and economically accept an economy running out the clock on the 20th Century. We're treading water. We have families that are hurting. We have people who are unemployed. We have people with no property. We have an administration that is demolishing public housing in our inner cities and not providing anything else but more public housing. Their solution to the inner city is more -- excuse the expression but it's true, ""socialism.""","There are many issues, especially in real estate.",Generalizing + weakening + removing additional information,"But irrespective of whether he thinks it is or not means less than fact that this country cannot morally and socially and economically accept an economy running out the clock on the 20th Century. There are many issues, especially in real estate. Their solution to the inner city is more -- excuse the expression but it's true, ""socialism."""
1960,I know what it means to see people who are unemployed,AppealtoEmotion,Appeal to pity,"I know what it means to be poor. I know what it means to see people who are unemployed. I know Senator Kennedy feels as deeply about these problems as I do, but our disagreement is not about the goals for America but only about the means to reach those goals.",,Removing additional information,"I know what it means to be poor. . I know Senator Kennedy feels as deeply about these problems as I do, but our disagreement is not about the goals for America but only about the means to reach those goals."
1984,"In California, sometime ago, a man beat a woman so savagely that her unborn child was born dead with a fractured skull, and the California State Legislature unanimously passed a law that was signed by the then - Democratic Governor -- signed a law that said that any man who so abuses a pregnant woman that he causes the death of her unborn child shall be charged with murder.",AppealtoEmotion,Appeal to pity,"Also, there is a strange dichotomy in this whole position about our courts ruling that abortion is not the taking of a human life. In California, sometime ago, a man beat a woman so savagely that her unborn child was born dead with a fractured skull, and the California State Legislature unanimously passed a law that was signed by the then - Democratic Governor -- signed a law that said that any man who so abuses a pregnant woman that he causes the death of her unborn child shall be charged with murder. Now, isn't it strange that that same woman could have taken the life of her unborn child, and it was abortion and not murder, but if somebody else does it, that's murder?","In California, the State Legislature unanimously passed a law that was signed by the Democratic Governor that said that any man who so abuses a pregnant woman that he causes the death of her unborn child shall be charged with murder.",Removing additional information,"Also, there is a strange dichotomy in this whole position about our courts ruling that abortion is not the taking of a human life. In California, the State Legislature unanimously passed a law that was signed by the Democratic Governor that said that any man who so abuses a pregnant woman that he causes the death of her unborn child shall be charged with murder. Now, isn't it strange that that same woman could have taken the life of her unborn child, and it was abortion and not murder, but if somebody else does it, that's murder?"
2000,It is such an assault on the basic promise that America makes that the law will treat individuals as individuals regardless of their status.,AppealtoEmotion,Appeal to pity,"(LAUGHTER) I would be outraged. It is such an assault on the basic promise that America makes that the law will treat individuals as individuals regardless of their status. That is to say their race, their nationality, their gender, sexual orientation, etcetera, etcetera.",America makes that the law will treat individuals as individuals regardless of their status.,Removing emotional snippet,"(LAUGHTER) I would be outraged. America makes that the law will treat individuals as individuals regardless of their status. That is to say their race, their nationality, their gender, sexual orientation, etcetera, etcetera."
2016,And it is sort of amusing to hear somebody who hasn’t paid federal income taxes in maybe 20 years talking about what he’s going to do.,AppealtoEmotion,Appeal to pity,"I’m sorry I have to keep saying this, but he lives in an alternative reality. And it is sort of amusing to hear somebody who hasn’t paid federal income taxes in maybe 20 years talking about what he’s going to do. But I’ll tell you what he’s going to do.",And it is sort of amusing to hear somebody in your position.,Generalizing + weakening + removing emotional snippet,"I’m sorry I have to keep saying this, but he lives in an alternative reality. And it is sort of amusing to hear somebody in your position. But I’ll tell you what he’s going to do."
1992,"And I've been out here for 13 months meeting in meetings just like this ever since October, with people like you all over America, people that have lost their jobs, lost their livelihood, lost their health insurance.",AppealtoEmotion,Appeal to pity,"When the businesses go bankrupt, I know them. And I've been out here for 13 months meeting in meetings just like this ever since October, with people like you all over America, people that have lost their jobs, lost their livelihood, lost their health insurance. What I want you to understand is the national debt is not the only cause of that.",,Removing additional information,"When the businesses go bankrupt, I know them.  What I want you to understand is the national debt is not the only cause of that."
2016,"Donald. I've met dishwashers, painters, architects, glass installers, marble installers, drapery installers, like my dad was, who you refused to pay when they finished the work that you asked them to do.",AppealtoEmotion,Appeal to pity,"And—as soon as the audit's finished, it will be released. Donald. I've met dishwashers, painters, architects, glass installers, marble installers, drapery installers, like my dad was, who you refused to pay when they finished the work that you asked them to do. If you would have told me I was going to make that 15 or 20 years ago, I would have been very surprised.","Donald. I've met dishwashers, painters, architects, glass installers, marble installers, drapery installers who you refused to pay when they finished the work that you asked them to do.",Removing emotional snippet,"And—as soon as the audit's finished, it will be released. Donald. I've met dishwashers, painters, architects, glass installers, marble installers, drapery installers who you refused to pay when they finished the work that you asked them to do. If you would have told me I was going to make that 15 or 20 years ago, I would have been very surprised."
1976,"With all due respect to President Ford, I think he ought to be ashamed of mentioning that statement, because we have the highest unemployment rate now than we had at any time between the Great Depression caused by Herbert Hoover and the time President Ford took office.",AppealtoEmotion,Appeal to pity,"It means that the American buyer is getting a better bargain today because inflation is less. With all due respect to President Ford, I think he ought to be ashamed of mentioning that statement, because we have the highest unemployment rate now than we had at any time between the Great Depression caused by Herbert Hoover and the time President Ford took office. We've got seven and a half million people out of jobs.",we have the highest unemployment rate now than we had at any time between the Great Depression caused by Herbert Hoover and the time President Ford took office.,Removing emotional snippet,It means that the American buyer is getting a better bargain today because inflation is less. we have the highest unemployment rate now than we had at any time between the Great Depression caused by Herbert Hoover and the time President Ford took office. We've got seven and a half million people out of jobs.
2016,"Why can’t they do it quietly? Why can’t they do the attack, make it a sneak attack, and after the attack is made, inform the American public that we’ve knocked out the leaders, we’ve had a tremendous success?",AppealtoEmotion,Appeal to pity,"Well, all of these bad leaders from ISIS are leaving Mosul. Why can’t they do it quietly? Why can’t they do the attack, make it a sneak attack, and after the attack is made, inform the American public that we’ve knocked out the leaders, we’ve had a tremendous success? People leave.",,Removing additional information,"Well, all of these bad leaders from ISIS are leaving Mosul.  People leave."
1980,"Mr. President, the voluntary thing that I suggested many years ago was that with a young man orphaned and raised by an aunt who died, his aunt was ineligible for Social Security insurance because she was not his mother.",AppealtoEmotion,Appeal to pity,"Now, again this statement that somehow, I wanted to destroy it and I just changed my tune, that I am for voluntary Social Security, which would mean the ruin of it. Mr. President, the voluntary thing that I suggested many years ago was that with a young man orphaned and raised by an aunt who died, his aunt was ineligible for Social Security insurance because she was not his mother. And I suggested that if this is an insurance program, certainly the person who is paying in should be able to name his own beneficiary.",,Removing additional information,"Now, again this statement that somehow, I wanted to destroy it and I just changed my tune, that I am for voluntary Social Security, which would mean the ruin of it.  And I suggested that if this is an insurance program, certainly the person who is paying in should be able to name his own beneficiary."
1960,and I know how difficult it is to sustain troops close to the shore under artillery bombardment.,AppealtoEmotion,Appeal to pity,"I merely say that the United States should meet its commitments to Que- to uh - Formosa and the Pescadores. But as Admiral Yarnell has said, and he's been supported by most military authority, these islands that we're now talking about are not worth the bones of a single American soldier; and I know how difficult it is to sustain troops close to the shore under artillery bombardment. And therefore, I think, we should make it very clear the disagreement between Mr. Nixon and myself.",,Removing additional information,"I merely say that the United States should meet its commitments to Que- to uh - Formosa and the Pescadores. But as Admiral Yarnell has said, and he's been supported by most military authority, these islands that we're now talking about are not worth the bones of a single American soldier;  And therefore, I think, we should make it very clear the disagreement between Mr. Nixon and myself."
2016,"many people saw the bombs all over the apartment of the two people that killed 14 and wounded many, many people. Horribly wounded. They’ll never be the same.",AppealtoEmotion,Appeal to pity,"When they see hatred going on, they have to report it. many people saw the bombs all over the apartment of the two people that killed 14 and wounded many, many people. Horribly wounded. They’ll never be the same. Muslims have to report the problems when they see them.",,Removing emotional snippet,"When they see hatred going on, they have to report it.  Muslims have to report the problems when they see them."
1988,"And so I am not going to furlough men like Willie Horton, and I would meet with their, the victims of his last escapade, the rape and the brutalization of the family down there in Maryland.",AppealtoEmotion,Appeal to pity,"And I do believe it would be inhibiting. And so I am not going to furlough men like Willie Horton, and I would meet with their, the victims of his last escapade, the rape and the brutalization of the family down there in Maryland. Maryland would not extradite Willie Horton, the man who was furloughed, the murderer, because they didn't want him to be furloughed again.",,Removing additional information,"And I do believe it would be inhibiting.  Maryland would not extradite Willie Horton, the man who was furloughed, the murderer, because they didn't want him to be furloughed again."
1960,"I'm not satisfied when we have over nine billion dollars worth of food - some of it rotting - even though there is a hungry world, and even though four million Americans wait every month for a food package from the government, which averages five cents a day per individual",AppealtoEmotion,Appeal to pity,"Because economic growth means strength and vitality; it means we're able to sustain our defenses; it means we're able to meet our commitments abroad. I'm not satisfied when we have over nine billion dollars worth of food - some of it rotting - even though there is a hungry world, and even though four million Americans wait every month for a food package from the government, which averages five cents a day per individual. I saw cases in West Virginia, here in the United States, where children took home part of their school lunch in order to feed their families because I don't think we're meeting our obligations toward these Americans.", I'm not satisfied when there is a waste of food and people going hungry.,Generalizing + weakening + removing additional information,"Because economic growth means strength and vitality; it means we're able to sustain our defenses; it means we're able to meet our commitments abroad.  I'm not satisfied when there is a waste of food and people going hungry.. I saw cases in West Virginia, here in the United States, where children took home part of their school lunch in order to feed their families because I don't think we're meeting our obligations toward these Americans."
2000,That a lot of your good friends like Bill Bennett and others of us who had admired your firmness of purpose over the years have felt that you're not quite the crusader for that cause that you once were.,AppealtoEmotion,Appeal to pity,"My concern would be, frankly, that you haven't been as -- as consistent as you had been in the past. That a lot of your good friends like Bill Bennett and others of us who had admired your firmness of purpose over the years have felt that you're not quite the crusader for that cause that you once were. Bernie, you'll not be surprised to hear that I disagree.",,Removing additional information,"My concern would be, frankly, that you haven't been as -- as consistent as you had been in the past.  Bernie, you'll not be surprised to hear that I disagree."
2016,"We have an architect in the audience who designed one of your clubhouses at one of your golf courses. It's a beautiful facility. It immediately was put to use. And you wouldn't pay what the man needed to be paid, what he was charging you to do…",AppealtoEmotion,Appeal to pity,"I've met dishwashers, painters, architects, glass installers, marble installers, drapery installers, like my dad was, who you refused to pay when they finished the work that you asked them to do. We have an architect in the audience who designed one of your clubhouses at one of your golf courses. It's a beautiful facility. It immediately was put to use. And you wouldn't pay what the man needed to be paid, what he was charging you to do…Do the thousands of people that you have stiffed over the course of your business not deserve some kind of apology from someone who has taken their labor, taken the goods that they produced, and then refused to pay them?",,Removing additional information,"I've met dishwashers, painters, architects, glass installers, marble installers, drapery installers, like my dad was, who you refused to pay when they finished the work that you asked them to do. Do the thousands of people that you have stiffed over the course of your business not deserve some kind of apology from someone who has taken their labor, taken the goods that they produced, and then refused to pay them?"
1980,I would rather see us reduce the consumption of imported oil than have to send American boys to fight in the Persian Gulf.,AppealtoEmotion,Appeal to pity,"and that's simply why I proposed, 15 months ago, the emergency excise tax on gasoline that I did. I did it as a security measure to be sure, because I would rather see us reduce the consumption of imported oil than have to send American boys to fight in the Persian Gulf. But at the same time, I think it's going to take a dramatic measure of that kind to convince the American people that we will have to reduce the use of the private automobile.",I would like to see us reduce the consumption of imported oil.,Removing emotional snippet,"and that's simply why I proposed, 15 months ago, the emergency excise tax on gasoline that I did. I did it as a security measure to be sure, because I would like to see us reduce the consumption of imported oil. But at the same time, I think it's going to take a dramatic measure of that kind to convince the American people that we will have to reduce the use of the private automobile."
2000,"He has a 15-year - old daughter named Caley, who is in Sarasota High School. Her science class was supposed to be for 24 students. She's the 36th student in that classroom. They sent me a picture of her in the classroom. They can't squeeze another desk in for her, so she has to stand during class.",AppealtoEmotion,Appeal to pity,"His name is Randy Ellis. He has a 15-year - old daughter named Caley, who is in Sarasota High School. Her science class was supposed to be for 24 students. She's the 36th student in that classroom. They sent me a picture of her in the classroom. They can't squeeze another desk in for her, so she has to stand during class. I want the federal government, consistent with local control and new accountability, to make improvement of our schools the number one priority so Caley will have a desk and can sit down in a classroom where she can learn.","Her daughter's science class cannot squeeze in all the students, so someone has to stand during class.",Generalizing + weakening + removing additional information,"His name is Randy Ellis. Her daughter's science class cannot squeeze in all the students, so someone has to stand during class. I want the federal government, consistent with local control and new accountability, to make improvement of our schools the number one priority so Caley will have a desk and can sit down in a classroom where she can learn."
2004,"How can they continue to watch Israeli children killed by suicide bombers, killed by terrorists?",AppealtoEmotion,Appeal to pity,"What are the Israeli people supposed to do? How can they continue to watch Israeli children killed by suicide bombers, killed by terrorists? They have not only the right but the obligation to defend themselves.",,Removing additional information,What are the Israeli people supposed to do?  They have not only the right but the obligation to defend themselves.
2000,The fact of the matter is the plan is so complex that the ordinary American is never going to ever figure out what they even qualify for.,AppealtoEmotion,Appeal to pity,"Now, that's -- You have to be a CPA to understand what he just said. The fact of the matter is the plan is so complex that the ordinary American is never going to ever figure out what they even qualify for. It's a classic example of wanting to have a program, in this case a tax program, that will, in fact, direct people to live their lives in certain ways rather than empowering them to make decisions for themselves.",The plan is so complex that the ordinary people is never going to ever figure out what they even qualify for.,Generalizing + weakening,"Now, that's -- You have to be a CPA to understand what he just said. The plan is so complex that the ordinary people is never going to ever figure out what they even qualify for. It's a classic example of wanting to have a program, in this case a tax program, that will, in fact, direct people to live their lives in certain ways rather than empowering them to make decisions for themselves."
2000,It broke my heart to go to the flood scene in Del Rio where a fellow and his family got completely uprooted.,AppealtoEmotion,Appeal to pity,"But that's the time when you're tested not only -- it's the time to test your mettle, a time to test your heart when you see people whose lives have been turned upside down. It broke my heart to go to the flood scene in Del Rio where a fellow and his family got completely uprooted. The only thing I knew to do was to get aid as quickly as possible with state and federal help, and to put my arms around the man and his family and cry with them.",,Removing additional information,"But that's the time when you're tested not only -- it's the time to test your mettle, a time to test your heart when you see people whose lives have been turned upside down.  The only thing I knew to do was to get aid as quickly as possible with state and federal help, and to put my arms around the man and his family and cry with them."
1976,"I think we all recall with some sadness that at uh - the period of the nin- late nineteen forties, early nineteen fifties, there were some indications that the United States would not include uh - South Korea in an area of defense.",AppealtoEmotion,Appeal to pity,"I firmly believe, uh - Mr. Kraft, that it's unwise for a president to signal in advance what uh - options he might exercise if any uhh - international problem arose. I think we all recall with some sadness that at uh - the period of the nin- late nineteen forties, early nineteen fifties, there were some indications that the United States would not include uh - South Korea in an area of defense. There are some who allege, I can't prove it true or untrue, that uh - such a statement uh - in effect invited the North Koreans to invade South Korea.","I think we all recall the period of the late nineteen forties, early nineteen fifties, there were some indications that the United States would not include South Korea in an area of defense.",Removing additional information,"I firmly believe, uh - Mr. Kraft, that it's unwise for a president to signal in advance what uh - options he might exercise if any uhh - international problem arose. I think we all recall the period of the late nineteen forties, early nineteen fifties, there were some indications that the United States would not include South Korea in an area of defense. There are some who allege, I can't prove it true or untrue, that uh - such a statement uh - in effect invited the North Koreans to invade South Korea."
1992,And I need the help of everybody across this country to get it passed in a substantial way by the Congress.,AppealtoAuthority,Appeal to popular opinion,There's a good program. And I need the help of everybody across this country to get it passed in a substantial way by the Congress. When we went out to south central in Los Angeles -- some of you may remember the riots there.,,Removing additional reference,There's a good program.  When we went out to south central in Los Angeles -- some of you may remember the riots there.
1988,"I think those are very very serious questions of judgment, which those of you who are watching us here tonight have a right to judge and review.",AppealtoAuthority,Appeal to popular opinion,"He says, â‰¥Well, let's concede that the administration has been doing business with Noriega. Has made him a part of our foreign policy and has been funneling aid to Contras through convicted drug dealers.â‰¤ I think those are very very serious questions of judgment, which those of you who are watching us here tonight have a right to judge and review. We're not going to make those kinds of mistakes.",I think those are very very serious questions of judgment.,Removing additional reference,"He says, â‰¥Well, let's concede that the administration has been doing business with Noriega. Has made him a part of our foreign policy and has been funneling aid to Contras through convicted drug dealers.â‰¤ I think those are very very serious questions of judgment. We're not going to make those kinds of mistakes."
2000,"If you look back over the last eight years, the most significant accomplishments of this administration in which Al Gore was centrally involved were the result, most of them, of bipartisan agreements.",AppealtoAuthority,Appeal to popular opinion,"In his years in the house and Senate, he formed similar bipartisan partnerships. If you look back over the last eight years, the most significant accomplishments of this administration in which Al Gore was centrally involved were the result, most of them, of bipartisan agreements. After all, the Welfare Reform Act, which Al Gore promised to lead the effort on to get people off of welfare to set time limits, to get people to enjoy the dignity of work.",,Removing additional reference,"In his years in the house and Senate, he formed similar bipartisan partnerships.  After all, the Welfare Reform Act, which Al Gore promised to lead the effort on to get people off of welfare to set time limits, to get people to enjoy the dignity of work."
2004,But people know where I stand.,AppealtoAuthority,Appeal to popular opinion,And I made some tough decisions. But people know where I stand. People out there listening know what I believe.,,Removing additional reference,And I made some tough decisions.  People out there listening know what I believe.
1988,"Maryland would not extradite Willie Horton, the man who was furloughed, the murderer, because they didn't want him to be furloughed again.",AppealtoAuthority,Appeal to popular opinion,"And so I am not going to furlough men like Willie Horton, and I would meet with their, the victims of his last escapade, the rape and the brutalization of the family down there in Maryland. Maryland would not extradite Willie Horton, the man who was furloughed, the murderer, because they didn't want him to be furloughed again. And so we have a fundamental difference on this one.","People would not extradite Willie Horton, because they didn't want him to be furloughed again.",Removing additional reference,"And so I am not going to furlough men like Willie Horton, and I would meet with their, the victims of his last escapade, the rape and the brutalization of the family down there in Maryland. People would not extradite Willie Horton, because they didn't want him to be furloughed again. And so we have a fundamental difference on this one."
1992,"I think the American people want it now. Every place I go I talk about it, and I think they want it done.",AppealtoAuthority,Appeal to popular opinion,"And I think you will. I think the American people want it now. Every place I go I talk about it, and I think they want it done. Actually, you'd have to have some amendments to the Constitution because of the way the Constitution reads.",,Removing additional reference,"And I think you will.  Actually, you'd have to have some amendments to the Constitution because of the way the Constitution reads."
2000,"It's not the government's money, it's your money. You're entitled to it, and we would like to see to it that we provide tax relief for everybody who pays taxes.",AppealtoAuthority,Appeal to popular opinion,"We think it's very important now that we have a surplus, that a portion of that surplus go back to the people who earned it. It's not the government's money, it's your money. You're entitled to it, and we would like to see to it that we provide tax relief for everybody who pays taxes. Finally, we think it's very important to rebuild the U. S. military.",We would like to see to it that we provide tax relief for everybody who pays taxes.,Removing additional reference,"We think it's very important now that we have a surplus, that a portion of that surplus go back to the people who earned it. We would like to see to it that we provide tax relief for everybody who pays taxes. Finally, we think it's very important to rebuild the U. S. military."
2000,Now you judge for yourselves whether or not that's fair.,AppealtoAuthority,Appeal to popular opinion,"But if everyone here in this audience was dead on in the middle of the middle - class, then the tax cuts for every single one of you all added up would be less than the tax cut his plan would give to just one member of that top wealthiest 1%. Now you judge for yourselves whether or not that's fair. Good.",,Removing additional reference,"But if everyone here in this audience was dead on in the middle of the middle - class, then the tax cuts for every single one of you all added up would be less than the tax cut his plan would give to just one member of that top wealthiest 1%.  Good."
2000,I cast my lot with the people even when it means that you have to stand up to some powerful interests who are trying to turn the -- the policies and the laws to their advantage.,AppealtoAuthority,Appeal to popular opinion,"They have good people and they play constructive roles sometimes, but sometimes they get too much power. I cast my lot with the people even when it means that you have to stand up to some powerful interests who are trying to turn the -- the policies and the laws to their advantage. You can see it in this campaign.",I cast my lot with the people.,Removing additional reference,"They have good people and they play constructive roles sometimes, but sometimes they get too much power. I cast my lot with the people. You can see it in this campaign."
2000,"If you want somebody who is willing to fight for you, I am asking for your support and your vote and, yes, your confidence and your willingness to believe that we can do the right thing in America, and be the better for it.",AppealtoAuthority,Appeal to popular opinion,"I believe very deeply that you have to be willing to stand up and fight no matter what powerful forces might be on the other side. If you want somebody who is willing to fight for you, I am asking for your support and your vote and, yes, your confidence and your willingness to believe that we can do the right thing in America, and be the better for it. We've made some progress during the last eight years.",I am asking for your support and your vote.,Removing additional reference,I believe very deeply that you have to be willing to stand up and fight no matter what powerful forces might be on the other side. I am asking for your support and your vote. We've made some progress during the last eight years.
1988,"I've talked to bankers and builders and developers, the housing advocates, community development agencies, and they want leadership from Washington.",AppealtoAuthority,Appeal to popular opinion,"This is a question of organizing the housing community. I've talked to bankers and builders and developers, the housing advocates, community development agencies, and they want leadership from Washington. Washington, by itself, can't do it all.",People want leadership from Washington.,Removing additional reference,"This is a question of organizing the housing community. People want leadership from Washington. Washington, by itself, can't do it all."
2004,"They saw a man who was strong, who had conviction, who is resolute, who made it very clear that he will do everything that has to be done to find terrorists, to keep the American people safe.",AppealtoAuthority,Appeal to popular opinion,"They don't need the vice president or the president to tell them what they saw. They saw a man who was strong, who had conviction, who is resolute, who made it very clear that he will do everything that has to be done to find terrorists, to keep the American people safe. He laid out his plan for success in Iraq, made it clear that we were committed to success in Iraq.",,Removing additional reference,"They don't need the vice president or the president to tell them what they saw.  He laid out his plan for success in Iraq, made it clear that we were committed to success in Iraq."
1980,"But whether I agree or disagree with some individual, or what he may say, or how he may say it, I don't think there's any way that we can suggest that because people believe in God and go to church, that they should not want reflected in those people and those causes they support, their own belief in morality, and in the high traditions and principles which we've abandoned so much in this country.",AppealtoAuthority,Appeal to popular opinion,"Oh, I'm it's my question. But whether I agree or disagree with some individual, or what he may say, or how he may say it, I don't think there's any way that we can suggest that because people believe in God and go to church, that they should not want reflected in those people and those causes they support, their own belief in morality, and in the high traditions and principles which we've abandoned so much in this country. Going around this country, I think that I have found a great hunger in America for a spiritual revival.",,Removing additional reference,"Oh, I'm it's my question.  Going around this country, I think that I have found a great hunger in America for a spiritual revival."
1976,"If we can just tap the intelligence and ability, the sound common sense and the good judgment of the American people, we can once again have a foreign policy to make us proud instead of ashamed.",AppealtoAuthority,Appeal to popular opinion,"Every time we've made a serious mistake in foreign affairs, it's been because the American people have been excluded from the process. If we can just tap the intelligence and ability, the sound common sense and the good judgment of the American people, we can once again have a foreign policy to make us proud instead of ashamed. And I'm not gonna exclude the American people from that process in the future, as Mr. Ford and Kissinger have done.","If we can just tap the intelligence and ability, the sound common sense and the good judgment, we can once again have a foreign policy to make us proud instead of ashamed.",Removing additional reference,"Every time we've made a serious mistake in foreign affairs, it's been because the American people have been excluded from the process. If we can just tap the intelligence and ability, the sound common sense and the good judgment, we can once again have a foreign policy to make us proud instead of ashamed. And I'm not gonna exclude the American people from that process in the future, as Mr. Ford and Kissinger have done."
1996,"Everybody who's looked at it, 500 economists, seven Nobel prize winners, say it's bad for the economy.",AppealtoAuthority,Appeal to popular opinion,"Now, remember, folks, even Senator Dole's campaign co - chair here, Senator D'Amato, says he's got to cut Medicare to pay for this. Everybody who's looked at it, 500 economists, seven Nobel prize winners, say it's bad for the economy. It's going to blow a hole in the deficit It's going to raise taxes on nine million people and require bigger cuts than the one I vetoed.",Experts say it's bad for the economy.,Removing additional reference,"Now, remember, folks, even Senator Dole's campaign co - chair here, Senator D'Amato, says he's got to cut Medicare to pay for this. Experts say it's bad for the economy. It's going to blow a hole in the deficit It's going to raise taxes on nine million people and require bigger cuts than the one I vetoed."
1960,I would say that the people now have the opportunity to evaluate his as against mine and I think both he and I are going to abide by whatever the people decide.,AppealtoAuthority,Appeal to popular opinion,"His has been in the legislative branch. I would say that the people now have the opportunity to evaluate his as against mine and I think both he and I are going to abide by whatever the people decide. Well, I'll just say that the question is of experience and the question also is uh - what our judgment is of the future, and what our goals are for the United States, and what ability we have to implement those goals.",,Removing additional reference,"His has been in the legislative branch.  Well, I'll just say that the question is of experience and the question also is uh - what our judgment is of the future, and what our goals are for the United States, and what ability we have to implement those goals."
1980,"This, to me, is a very important difference between him and me in this election, and I believe the American people will judge accordingly.",AppealtoAuthority,Appeal to popular opinion,"In all those elements, Governor Reagan has repeatedly spoken out against them, which, to me, shows a very great insensitivity to giving deprived families a better chance in life. This, to me, is a very important difference between him and me in this election, and I believe the American people will judge accordingly. There is no doubt in my mind that in the downtown central cities, with the, with the new commitment on an energy policy, with a chance to revitalize homes and to make them more fuel efficient, with a chance for our synthetic fuels program, solar power, this will give us an additional opportunity for jobs which will pay rich dividends.",,Removing additional reference,"In all those elements, Governor Reagan has repeatedly spoken out against them, which, to me, shows a very great insensitivity to giving deprived families a better chance in life.  There is no doubt in my mind that in the downtown central cities, with the, with the new commitment on an energy policy, with a chance to revitalize homes and to make them more fuel efficient, with a chance for our synthetic fuels program, solar power, this will give us an additional opportunity for jobs which will pay rich dividends."
1984,"And when people vote, I think you're going to see a very strong verdict by the American people that they favor the approach that I'm talking about.",AppealtoAuthority,Appeal to popular opinion,"My answer is that this campaign isn't over yet. And when people vote, I think you're going to see a very strong verdict by the American people that they favor the approach that I'm talking about. The American people want arms control.",,Removing additional reference,My answer is that this campaign isn't over yet.  The American people want arms control.
2004,People out there listening know what I believe.,AppealtoAuthority,Appeal to popular opinion,But people know where I stand. People out there listening know what I believe. And that's how best it is to keep the peace.,,Removing additional reference,But people know where I stand.  And that's how best it is to keep the peace.
2004,Ask the people in the armed forces today.,AppealtoAuthority,Appeal to popular opinion,I also believe that it is -- one of the reasons we can't do it is we're overextended. Ask the people in the armed forces today. We've got Guards and Reserves who are doing double duties.,,Removing additional reference,I also believe that it is -- one of the reasons we can't do it is we're overextended.  We've got Guards and Reserves who are doing double duties.
1992,"Right from the bottom up, the American people have got to say they want it.",AppealtoAuthority,Appeal to popular opinion,"This is going to take first, building a consensus at grassroots America. Right from the bottom up, the American people have got to say they want it. And at that point, we can pick from a variety of plans and develop new plans.",,Removing additional reference,"This is going to take first, building a consensus at grassroots America.  And at that point, we can pick from a variety of plans and develop new plans."
1984,The American people want arms control.,AppealtoAuthority,Appeal to popular opinion,"And when people vote, I think you're going to see a very strong verdict by the American people that they favor the approach that I'm talking about. The American people want arms control. They don't want this arms race.",,Removing additional reference,"And when people vote, I think you're going to see a very strong verdict by the American people that they favor the approach that I'm talking about.  They don't want this arms race."
1988,And I think I'm more in touch with the mainstream of America. They raised the same thing with me on the Pledge of Allegiance.,AppealtoAuthority,Appeal to popular opinion,"I come from a different point. And I think I'm more in touch with the mainstream of America. They raised the same thing with me on the Pledge of Allegiance. You see, I'd have found a way to sign that bill.",It's been raised the same thing with me on the Pledge of Allegiance.,Generalizing + removing additional reference,"I come from a different point. It's been raised the same thing with me on the Pledge of Allegiance. You see, I'd have found a way to sign that bill."
1996,"And everybody knows, including the Wall Street Journal, hardly a friend of the Democratic party of this administration, that the '82 tax increase he sponsored in inflation - adjusted dollars was the biggest tax increase in American history.",AppealtoAuthority,Appeal to popular opinion,"His running mate Jack Kemp once said that Bob Dole never met a tax he didn't hike. And everybody knows, including the Wall Street Journal, hardly a friend of the Democratic party of this administration, that the '82 tax increase he sponsored in inflation - adjusted dollars was the biggest tax increase in American history. So we ought to at least get the facts out here on the table so we can know where to go from here.",The '82 tax increase he sponsored in inflation - adjusted dollars was the biggest tax increase in American history.,Removing additional reference,His running mate Jack Kemp once said that Bob Dole never met a tax he didn't hike. The '82 tax increase he sponsored in inflation - adjusted dollars was the biggest tax increase in American history. So we ought to at least get the facts out here on the table so we can know where to go from here.
1984,"In mine, I happen to believe in the people and believe that the people are supposed to be dominant in our society -- that they, not government, are to have control of their own affairs to the greatest extent possible, with an orderly society.",AppealtoAuthority,Appeal to popular opinion,"First of all, I think you must have some principles you believe in. In mine, I happen to believe in the people and believe that the people are supposed to be dominant in our society -- that they, not government, are to have control of their own affairs to the greatest extent possible, with an orderly society. Now, having that, I think also that in leadership -- well, I believe that you find people, positions such as I'm in who have the talent and ability to do the things that are needed in the various departments of government.","In mine, I happen to believe in an orderly society.",Removing additional reference,"First of all, I think you must have some principles you believe in. In mine, I happen to believe in an orderly society. Now, having that, I think also that in leadership -- well, I believe that you find people, positions such as I'm in who have the talent and ability to do the things that are needed in the various departments of government."
1996,"We ask the people that are viewing tonight, are you better off than you were four years ago.",AppealtoAuthority,Appeal to popular opinion,"But in any event, I think we just look at the facts. We ask the people that are viewing tonight, are you better off than you were four years ago. It's not whether we're better off, it's whether they're better off.",,Removing additional reference,"But in any event, I think we just look at the facts.  It's not whether we're better off, it's whether they're better off."
2004,"But I disagree with them, as do many.",AppealtoAuthority,Appeal to popular opinion,"And I grew up learning how to respect those views. But I disagree with them, as do many. I believe that I can't legislate or transfer to another American citizen my article of faith.",,Removing additional reference,And I grew up learning how to respect those views.  I believe that I can't legislate or transfer to another American citizen my article of faith.
1960,"And the reason President Eisenhower's vetoes have been sustained - the reason the Congress does not send up bills to him which they think will be vetoed - is because the people and the Congress, the majority of them, know the country is behind the President.",AppealtoAuthority,Appeal to popular opinion,"You must always remember that a president can't stop anything unless he has the people behind him. And the reason President Eisenhower's vetoes have been sustained - the reason the Congress does not send up bills to him which they think will be vetoed - is because the people and the Congress, the majority of them, know the country is behind the President. Well, now let's look at these bills that the Vice President suggests were too extreme.",,Removing additional reference,"You must always remember that a president can't stop anything unless he has the people behind him.  Well, now let's look at these bills that the Vice President suggests were too extreme."
2004,"But I think it makes sense, I think most Americans in their guts know, that we ought to pass a sort of truth standard.",AppealtoAuthority,Appeal to popular opinion,"No nation will ever have a veto over us. But I think it makes sense, I think most Americans in their guts know, that we ought to pass a sort of truth standard. That's how you gain legitimacy with your own countrypeople, and that's how you gain legitimacy in the world.","But I think it makes sense, that we ought to pass a sort of truth standard.",Removing additional reference,"No nation will ever have a veto over us. But I think it makes sense, that we ought to pass a sort of truth standard. That's how you gain legitimacy with your own countrypeople, and that's how you gain legitimacy in the world."
1960,You must always remember that a president can't stop anything unless he has the people behind him.,AppealtoAuthority,Appeal to popular opinion,"Now, I also say that as far as Senator Kennedy's proposals are concerned, that, again, the question is not simply one of uh - a presidential veto stopping programs. You must always remember that a president can't stop anything unless he has the people behind him. And the reason President Eisenhower's vetoes have been sustained - the reason the Congress does not send up bills to him which they think will be vetoed - is because the people and the Congress, the majority of them, know the country is behind the President.",,Removing additional reference,"Now, I also say that as far as Senator Kennedy's proposals are concerned, that, again, the question is not simply one of uh - a presidential veto stopping programs.  And the reason President Eisenhower's vetoes have been sustained - the reason the Congress does not send up bills to him which they think will be vetoed - is because the people and the Congress, the majority of them, know the country is behind the President."
1960,"But for us to do what Senator Kennedy has suggested would bring results which I know he would not want, and certainly which the American people would not want.",AppealtoAuthority,Appeal to popular opinion,"By cutting off trade, by cutting off our diplomatic relations as we have, we will quarantine this regime so that the people of Cuba themselves will take care of Mr. Castro. But for us to do what Senator Kennedy has suggested would bring results which I know he would not want, and certainly which the American people would not want. Mr. Nixon uh - shows himself i- misinformed.",But for us to do what Senator Kennedy has suggested would bring results which I know he would not want.,Removing additional reference,"By cutting off trade, by cutting off our diplomatic relations as we have, we will quarantine this regime so that the people of Cuba themselves will take care of Mr. Castro. But for us to do what Senator Kennedy has suggested would bring results which I know he would not want. Mr. Nixon uh - shows himself i- misinformed."
1988,I don't favor abortion. I don't think it's a good thing. I don't think most people do.,AppealtoAuthority,Appeal to popular opinion,"The issue of abortion is a very difficult issue, one that I think that we all have to wrestle with, we have to come to terms with. I don't favor abortion. I don't think it's a good thing. I don't think most people do. The question is who makes the decision.",,Removing additional reference,"The issue of abortion is a very difficult issue, one that I think that we all have to wrestle with, we have to come to terms with.  The question is who makes the decision."
1992,And I'm interested in what we can trust him to do and what you can trust me to do and what you can trust Mr. Perot to do for the next 4 years. So I think you're right and I hope the rest of the night belongs to you.,AppealtoAuthority,Appeal to popular opinion,I want to change the character of the presidency. And I'm interested in what we can trust him to do and what you can trust me to do and what you can trust Mr. Perot to do for the next 4 years. So I think you're right and I hope the rest of the night belongs to you.,,Removing additional reference,I want to change the character of the presidency. 
2004,It's not what the American people thought they were getting when they voted.,AppealtoAuthority,Appeal to popular opinion,Now we have this incredible mess in Iraq -- $200 billion. It's not what the American people thought they were getting when they voted.,,Removing additional reference,Now we have this incredible mess in Iraq -- $200 billion. 
2004,What I think troubles a lot of people in our country is that the president has just sort of described one kind of mistake.,AppealtoAuthority,Appeal to popular opinion,"And a free Iraq is going to make this world a more peaceful place. What I think troubles a lot of people in our country is that the president has just sort of described one kind of mistake. But what he has said is that, even knowing there were no weapons of mass destruction, even knowing there was no imminent threat, even knowing there was no connection with Al Qaida, he would still have done everything the same way.",What I think troubles is that the president has just sort of describes one kind of mistake.,Generalizing + removing additional reference,"And a free Iraq is going to make this world a more peaceful place. What I think troubles is that the president has just sort of describes one kind of mistake. But what he has said is that, even knowing there were no weapons of mass destruction, even knowing there was no imminent threat, even knowing there was no connection with Al Qaida, he would still have done everything the same way."
1992,"Mr. Perot wants to do the same thing. I agree with him. I mean, we agree with that.",AppealtoAuthority,Appeal to popular opinion,"But it asked the wealthiest Americans to pay a little more. Mr. Perot wants to do the same thing. I agree with him. I mean, we agree with that. But let me tell you specifically what my plan does.",,Removing additional reference,But it asked the wealthiest Americans to pay a little more.  But let me tell you specifically what my plan does.
1960,it was because the people were against them.,AppealtoAuthority,Appeal to popular opinion,If the majority of the members of the Congress felt that these particular proposals were good issues - the majority of those who were Democrats - why didn't they pass them and send to the President and get a veto and have an issue? The reason why these particular bills in these various fields that have been mentioned were not passed was not because the President was against them; it was because the people were against them. It was because they were too extreme.,,Removing additional reference,If the majority of the members of the Congress felt that these particular proposals were good issues - the majority of those who were Democrats - why didn't they pass them and send to the President and get a veto and have an issue? The reason why these particular bills in these various fields that have been mentioned were not passed was not because the President was against them;  It was because they were too extreme.
1992,"I ask everybody to look at my economic ideas and 9 Nobel prize winners and over 500 economists and hundreds of business people, including a lot of Republicans said, this is the way you've got to go.",AppealtoAuthority,Appeal to popular opinion,"So my view is, sir, you have to increase investment, grow the economy and reduce the deficit by controlling health care costs, prudent reductions in defense, cuts in domestic programs and asking the wealthiest Americans and foreign corporations to pay their fair share of taxes and investing and growing this economy. I ask everybody to look at my economic ideas and 9 Nobel prize winners and over 500 economists and hundreds of business people, including a lot of Republicans said, this is the way you've got to go. If you don't grow the economy you can't get it done.",,Removing additional reference,"So my view is, sir, you have to increase investment, grow the economy and reduce the deficit by controlling health care costs, prudent reductions in defense, cuts in domestic programs and asking the wealthiest Americans and foreign corporations to pay their fair share of taxes and investing and growing this economy.  If you don't grow the economy you can't get it done."
2004,"I think people understand what she's saying. But they see a compassionate, strong, great first lady in Laura Bush.",AppealtoAuthority,Appeal to popular opinion,"And she speaks English a lot better than I do. I think people understand what she's saying. But they see a compassionate, strong, great first lady in Laura Bush. I can't tell you how lucky I am.",,Removing additional reference,And she speaks English a lot better than I do.  I can't tell you how lucky I am.
1976,I've never depended on powerful political figures to put me in office. I have a direct relationship with hundreds of people around - hundreds of thousands around the country who actively campaign for me.,AppealtoAuthority,Appeal to popular opinion,"I campaign among people. I've never depended on powerful political figures to put me in office. I have a direct relationship with hundreds of people around - hundreds of thousands around the country who actively campaign for me. In Georgia alone, for instance, I got 84 percent of the vote, and I think there were fourteen people uh - in addition to myself on the ballot, and Governor Wallace had been very strong in Georgia.",,Removing additional reference,"I campaign among people.  In Georgia alone, for instance, I got 84 percent of the vote, and I think there were fourteen people uh - in addition to myself on the ballot, and Governor Wallace had been very strong in Georgia."
2000,And I had the will of the people in my state behind me.,AppealtoEmotion,Flag waving,And I won. And I had the will of the people in my state behind me. And then I brought folks together to get it done.,,Removing additional reference,And I won.  And then I brought folks together to get it done.
1960,"I obviously repudiate the Klan; I repudiate anybody who uses the religious issue; I will not tolerate it, I have ordered all of my people to have nothing to do with it and I say - say to this great audience, whoever may be listening, remember, if you believe in America, if you want America to set the right example to the world, that we cannot have religious or racial prejudice.",AppealtoEmotion,Flag waving,"The worst thing that I can think can happen in this campaign would be for it to be decided on religious issues. I obviously repudiate the Klan; I repudiate anybody who uses the religious issue; I will not tolerate it, I have ordered all of my people to have nothing to do with it and I say - say to this great audience, whoever may be listening, remember, if you believe in America, if you want America to set the right example to the world, that we cannot have religious or racial prejudice. We cannot have it in our hearts.",,Removing additional reference,The worst thing that I can think can happen in this campaign would be for it to be decided on religious issues.  We cannot have it in our hearts.
2004,We got to have health care for all Americans.,AppealtoEmotion,Flag waving,"So whether it's diabetes or cancer, they come to hospitals later and it costs America more. We got to have health care for all Americans. I think it's important, since he talked about the Medicare plan, has he been in the United States Senate for 20 years?",We got to have health care for everyone.,Generalizing,"So whether it's diabetes or cancer, they come to hospitals later and it costs America more. We got to have health care for everyone. I think it's important, since he talked about the Medicare plan, has he been in the United States Senate for 20 years?"
1992,"I've got 5.5 million hard - working people who put me on the ballot, and I belong to them.",AppealtoEmotion,Flag waving,"I don't have any PAC money in my campaign. I've got 5.5 million hard - working people who put me on the ballot, and I belong to them. And they're interested in what you're interested in.",5.5 million hard - working people who voted.,Generalizing + removing additional reference,I don't have any PAC money in my campaign. 5.5 million hard - working people who voted. And they're interested in what you're interested in.
1992,I'll take the pledge because I know the American people want to talk about issues and not tabloid journalism.,AppealtoEmotion,Flag waving,"Just no hedges, no ifs, ands and buts. I'll take the pledge because I know the American people want to talk about issues and not tabloid journalism. So I'll take the pledge and will stay on the issues.",,Removing additional reference,"Just no hedges, no ifs, ands and buts.  So I'll take the pledge and will stay on the issues."
1960,Franklin Roosevelt said in 1936 that that generation of Americans had a rendezvous with destiny.,AppealtoEmotion,Flag waving,And I believe it incumbent upon us now to do that. Franklin Roosevelt said in 1936 that that generation of Americans had a rendezvous with destiny. I believe in 1960 and sixty - one and two and three we have a rendezvous with destiny.,,Removing additional reference,And I believe it incumbent upon us now to do that.  I believe in 1960 and sixty - one and two and three we have a rendezvous with destiny.
2000,I think this is an opportunity for the United States to test President Putin of Russia.,AppealtoEmotion,Flag waving,I would go beyond that. I think this is an opportunity for the United States to test President Putin of Russia. That in fact now is the time we ought to find out whether he's committed to democracy.,I think this is an opportunity to test President Putin of Russia.,Removing additional reference,I would go beyond that. I think this is an opportunity to test President Putin of Russia. That in fact now is the time we ought to find out whether he's committed to democracy.
1960,I favor higher salaries for teachers.,AppealtoEmotion,Flag waving,"There is another point that should be made. I favor higher salaries for teachers. But, as Senator Kennedy said in January of this year in this same press conference, the way that you get higher salaries for teachers is to support school construction, which means that all of the local school districts in the various states then have money which is freed to raise the standards for teachers' salaries.",Teachers should get higher salaries.,Generalizing,"There is another point that should be made. Teachers should get higher salaries. But, as Senator Kennedy said in January of this year in this same press conference, the way that you get higher salaries for teachers is to support school construction, which means that all of the local school districts in the various states then have money which is freed to raise the standards for teachers' salaries."
1976,Keep my promises to the American people.,AppealtoEmotion,Flag waving,"But with these projections, we will have a balanced budget by fiscal year 1981, if I'm elected president. Keep my promises to the American people. And it's just predicated on very modest, but I think accurate, projections of employment increases and uh - a growth in our national economy equal to what was experienced under Kennedy, Johnson, before the Vietnam War.",,Removing additional reference,"But with these projections, we will have a balanced budget by fiscal year 1981, if I'm elected president.  And it's just predicated on very modest, but I think accurate, projections of employment increases and uh - a growth in our national economy equal to what was experienced under Kennedy, Johnson, before the Vietnam War."
2012,I care about 100 percent of the American people. I want 100 percent of the American people to have a bright and prosperous future.,AppealtoEmotion,Flag waving,"In the course of that, I think the president's campaign has tried to characterize me as -- as someone who's very different than who I am. I care about 100 percent of the American people. I want 100 percent of the American people to have a bright and prosperous future. I care about our kids.",I want there to be a bright and prosperous future.,Generalizing + removing additional reference,"In the course of that, I think the president's campaign has tried to characterize me as -- as someone who's very different than who I am. I want there to be a bright and prosperous future. I care about our kids."
2000,I want everybody to know should I be the president Israel's going to be our friend. I'm going to stand by Israel.,AppealtoEmotion,Flag waving,"I think credibility is going to be very important in the future in the Middle East. I want everybody to know should I be the president Israel's going to be our friend. I'm going to stand by Israel. Secondly, that I think it's important to reach out to moderate Arab nations, like Jordan and Egypt, Saudi Arabia and Kuwait.",,Removing additional reference,"I think credibility is going to be very important in the future in the Middle East.  Secondly, that I think it's important to reach out to moderate Arab nations, like Jordan and Egypt, Saudi Arabia and Kuwait."
1980,We spoke a multitude of tongues.,AppealtoEmotion,Flag waving,"We came from 100 different corners of the earth. We spoke a multitude of tongues. We landed on this Eastern shore and then went out over the mountains and the prairies and the deserts and the far western mountains to the Pacific, building cities and towns and farms, and schools and churches.",,Removing additional reference,"We came from 100 different corners of the earth.  We landed on this Eastern shore and then went out over the mountains and the prairies and the deserts and the far western mountains to the Pacific, building cities and towns and farms, and schools and churches."
1996,Our education is not up to the standards that the American family and the American people want for their children.,AppealtoEmotion,Flag waving,"Jim, this economy is overtaxed, overregulated, too many people suing each other, there's too much litigation. Our education is not up to the standards that the American family and the American people want for their children. And, clearly, the welfare system is a disgrace to our Judeo - Christian principles.",Our education is not up to the standards that people want for their children.,Generalizing + removing additional reference,"Jim, this economy is overtaxed, overregulated, too many people suing each other, there's too much litigation. Our education is not up to the standards that people want for their children. And, clearly, the welfare system is a disgrace to our Judeo - Christian principles."
2016,violent jihadist terrorists.,AppealtoEmotion,Loaded Language,"Right now, a lot of those nations are hearing what Donald says and wondering, why should we cooperate with the Americans? And this is a gift to ISIS and the terrorists, violent jihadist terrorists. We are not at war with Islam.",,Removing additional information,"Right now, a lot of those nations are hearing what Donald says and wondering, why should we cooperate with the Americans? And this is a gift to ISIS and the terrorists,  We are not at war with Islam."
1960,I believe in 1960 and sixty - one and two and three we have a rendezvous with destiny.,AppealtoEmotion,Flag waving,"Franklin Roosevelt said in 1936 that that generation of Americans had a rendezvous with destiny. I believe in 1960 and sixty - one and two and three we have a rendezvous with destiny. And I believe it incumbent upon us to be the defenders of the United States and the defenders of freedom; and to do that, we must give this country leadership and we must get America moving again.",,Removing additional reference,"Franklin Roosevelt said in 1936 that that generation of Americans had a rendezvous with destiny.  And I believe it incumbent upon us to be the defenders of the United States and the defenders of freedom; and to do that, we must give this country leadership and we must get America moving again."
2016,"It’s with him and with the hateful and divisive campaign that he has run, and the inciting of violence at his rallies, and the very brutal kinds of comments about not just women, but all Americans, all kinds of Americans. And what he has said about African - Americans and Latinos, about Muslims, about POWs, about immigrants, about people with disabilities, he’s never apologized for.",AppealtoEmotion,Flag waving,"Well, within hours I said that I was sorry about the way I talked about that, because my argument is not with his supporters. It’s with him and with the hateful and divisive campaign that he has run, and the inciting of violence at his rallies, and the very brutal kinds of comments about not just women, but all Americans, all kinds of Americans. And what he has said about African - Americans and Latinos, about Muslims, about POWs, about immigrants, about people with disabilities, he’s never apologized for. And so I do think that a lot of the tone and tenor that he has said—I’m proud of the campaign that Bernie Sanders and I ran.","It’s with his campaign that he has run, he’s never apologized for. ",Removing additional reference,"Well, within hours I said that I was sorry about the way I talked about that, because my argument is not with his supporters. It’s with his campaign that he has run, he’s never apologized for.  And so I do think that a lot of the tone and tenor that he has said—I’m proud of the campaign that Bernie Sanders and I ran."
2000,"Ours is a great land, and one of the reasons why is because we're free.",AppealtoEmotion,Flag waving,"That will help reinforce the values that parents teach at home as well. Ours is a great land, and one of the reasons why is because we're free. And so I don't support censorship.",We live in a democracy.,Generalizing + weakening,That will help reinforce the values that parents teach at home as well. We live in a democracy. And so I don't support censorship.
1988,"They made sure their sons understood that this was the greatest country in the world, that those of us especially who were the sons and daughters of immigrants had a special responsibility to give something to the country that had opened up its arms to our parents and given so much to them. I believe in the American dream.",AppealtoEmotion,Flag waving,"You know, my friends, my parents came to this country as immigrants like millions and millions of Americans before them and since, seeking opportunities, seeking the American dream. They made sure their sons understood that this was the greatest country in the world, that those of us especially who were the sons and daughters of immigrants had a special responsibility to give something to the country that had opened up its arms to our parents and given so much to them. I believe in the American dream. I'm a product of it and I want to help that dream come true for every single citizen in this land, with a good job and good wages, with good schools in every part of this country and every community in this country.",,Removing additional reference,"You know, my friends, my parents came to this country as immigrants like millions and millions of Americans before them and since, seeking opportunities, seeking the American dream.  I'm a product of it and I want to help that dream come true for every single citizen in this land, with a good job and good wages, with good schools in every part of this country and every community in this country."
1996,"I believe, and Bob Dole believes, is causing not only problems for this country throughout the world, but particularly here at home.",AppealtoEmotion,Flag waving,"That's dangerous and it's provocative. And the mixed message, the ambiguities of U. S. foreign policy, uh are -- I believe, and Bob Dole believes, is causing not only problems for this country throughout the world, but particularly here at home. And the type of changes that were made overnight in California caused very severe dislocations.",This is causing problems everywhere.,Generalizing + removing additional reference,"That's dangerous and it's provocative. And the mixed message, the ambiguities of U. S. foreign policy, uh are -- This is causing problems everywhere. And the type of changes that were made overnight in California caused very severe dislocations."
2012,"And that's why the plan that I've put forward for manufacturing and education, and reducing our deficit in a sensible way, using the savings from ending wars, to rebuild America and putting people back to work.",AppealtoEmotion,Flag waving,"A lot of us are. And that's why the plan that I've put forward for manufacturing and education, and reducing our deficit in a sensible way, using the savings from ending wars, to rebuild America and putting people back to work. Making sure that we are controlling our own energy, but not only the energy of today, but also the energy of the future.","And that's the plan that I've put forward for manufacturing and education, and reducing our deficit in a sensible way.",Generalizing + removing additional reference,"A lot of us are. And that's the plan that I've put forward for manufacturing and education, and reducing our deficit in a sensible way. Making sure that we are controlling our own energy, but not only the energy of today, but also the energy of the future."
2000,Our bonds with Israel are larger than agreements or disagreements on some details of diplomatic initiatives.,AppealtoEmotion,Flag waving,"But one thing I would say where diplomacy is concerned, Israel should feel absolutely secure about one thing. Our bonds with Israel are larger than agreements or disagreements on some details of diplomatic initiatives. They are historic, they are strong, and they are enduring.",We have bonds with Israel.,Generalizing + weakening,"But one thing I would say where diplomacy is concerned, Israel should feel absolutely secure about one thing. We have bonds with Israel. They are historic, they are strong, and they are enduring."
1996,"The United States of America shouldn't be blamed for the management of Mexico's monetary policy. We helped our neighbor in an hour of need, and they survived. They're stronger. They're coming back. They paid us back, and we got a dividend in the process.",AppealtoEmotion,Flag waving,"I never liked that phrase, but if it was going to be applied today, it would have to be applied to this statement. The United States of America shouldn't be blamed for the management of Mexico's monetary policy. We helped our neighbor in an hour of need, and they survived. They're stronger. They're coming back. They paid us back, and we got a dividend in the process.",Mexico has been helped and it's coming back. They're paying back the help received.,Generalizing + weakening + removing additional information,"I never liked that phrase, but if it was going to be applied today, it would have to be applied to this statement. Mexico has been helped and it's coming back. They're paying back the help received."
1960,"This is a great country, but I think it could be a greater country",AppealtoEmotion,Flag waving,"I should make it very clear that I do not think we're doing enough, that I am not satisfied as an American with the progress that we're making. This is a great country, but I think it could be a greater country; and this is a powerful country, but I think it could be a more powerful country. I'm not satisfied to have fifty percent of our steel - mill capacity unused.",,Removing additional reference,"I should make it very clear that I do not think we're doing enough, that I am not satisfied as an American with the progress that we're making. ; and this is a powerful country, but I think it could be a more powerful country. I'm not satisfied to have fifty percent of our steel - mill capacity unused."
1992,"Give us a chance. With your help, we'll change this country and we can't wait to get started.",AppealtoEmotion,Flag waving,"We are bigger than George Bush has told us we are, as a nation, and we have a much brighter future. Give us a chance. With your help, we'll change this country and we can't wait to get started. ",,Removing additional reference,"We are bigger than George Bush has told us we are, as a nation, and we have a much brighter future.  "
2016,I want us to invest in your future.,AppealtoEmotion,Flag waving,"I want us to invest in you. I want us to invest in your future. That means jobs in infrastructure, in advanced manufacturing, innovation and technology, clean, renewable energy, and small business, because most of the new jobs will come from small business.",,Removing additional reference,"I want us to invest in you.  That means jobs in infrastructure, in advanced manufacturing, innovation and technology, clean, renewable energy, and small business, because most of the new jobs will come from small business."
2016,And I will tell you that I’m going to make our country safe.,AppealtoEmotion,Flag waving,"And I will tell you: No, I have not. And I will tell you that I’m going to make our country safe. We’re going to have borders in our country, which we don’t have now.",,Removing additional reference,"And I will tell you: No, I have not.  We’re going to have borders in our country, which we don’t have now."
1976,"I think the greatest thing that ever happened to the South was the passage of the Civil Rights Act and the opening up of opportunities - uh to black people - the chance to vote, to hold a job, to buy a house, to go to school, and to participate in public affairs.",AppealtoEmotion,Flag waving,"There was a time when there was hope for those who uh - were poor and downtrodden and who were - uh elderly or who were - uh ill or who were in minority groups, but that time has been gone. I think the greatest thing that ever happened to the South was the passage of the Civil Rights Act and the opening up of opportunities - uh to black people - the chance to vote, to hold a job, to buy a house, to go to school, and to participate in public affairs. It not only liberated - uh black people but it also liberated the whites.",The passage of the Civil Rights Act and the opening up of opportunities has been a great thing.,Generalizing + removing additional reference,"There was a time when there was hope for those who uh - were poor and downtrodden and who were - uh elderly or who were - uh ill or who were in minority groups, but that time has been gone. The passage of the Civil Rights Act and the opening up of opportunities has been a great thing. It not only liberated - uh black people but it also liberated the whites."
1980,I would not leave this country go undefended.,AppealtoEmotion,Flag waving,"That only makes sense. But I would leave you with this thought, sir, to be quite specific in my answer to your question: that, of course, to protect the vital interests of this country, if that became impossible; if I could not, despite the very best efforts that I asked the Congress to put forward, to raise those pay and incentives and allowances, of course, I would not leave this country go undefended. Mr. Corddry, it's a shame now that there are only two of us here debating, because the two that are here are in more agreement than disagreement on this particular issue, and the only one who would be disagreeing with us is the President, if he were present.",The country would not be undefended.,Generalizing,"That only makes sense. But I would leave you with this thought, sir, to be quite specific in my answer to your question: that, of course, to protect the vital interests of this country, if that became impossible; if I could not, despite the very best efforts that I asked the Congress to put forward, to raise those pay and incentives and allowances, of course, The country would not be undefended. Mr. Corddry, it's a shame now that there are only two of us here debating, because the two that are here are in more agreement than disagreement on this particular issue, and the only one who would be disagreeing with us is the President, if he were present."
1992,The facts are though -- the facts are -- the American people are hurting. These people are hurting in the inner cities.,AppealtoEmotion,Flag waving,"That's another story that we're going to pay a big price for right after the election. The facts are though -- the facts are -- the American people are hurting. These people are hurting in the inner cities. We're shipping the quote, ""low paying jobs"" overseas.",There is a bad situation in the inner cities.,Generalizing + removing additional reference,"That's another story that we're going to pay a big price for right after the election. There is a bad situation in the inner cities. We're shipping the quote, ""low paying jobs"" overseas."
2008,I think we all know America is going through tough times right now.,AppealtoEmotion,Flag waving,"Well, I want to thank Senator McCain and Bob for moderating. I think we all know America is going through tough times right now. The policies of the last eight years and -- and Washington's unwillingness to tackle the tough problems for decades has left us in the worst economic crisis since the Great Depression.",,Removing additional reference,"Well, I want to thank Senator McCain and Bob for moderating.  The policies of the last eight years and -- and Washington's unwillingness to tackle the tough problems for decades has left us in the worst economic crisis since the Great Depression."
2004,The American people decide.,AppealtoEmotion,Flag waving,Osama bin Laden doesn't get to decide. The American people decide. I decided the right action was in Iraq.,We're deciding.,Generalizing,Osama bin Laden doesn't get to decide. We're deciding. I decided the right action was in Iraq.
1960,"this is a powerful country, but I think it could be a more powerful country",AppealtoEmotion,Flag waving,"I should make it very clear that I do not think we're doing enough, that I am not satisfied as an American with the progress that we're making. This is a great country, but I think it could be a greater country; and this is a powerful country, but I think it could be a more powerful country. I'm not satisfied to have fifty percent of our steel - mill capacity unused.",,Removing additional reference,"I should make it very clear that I do not think we're doing enough, that I am not satisfied as an American with the progress that we're making. This is a great country, but I think it could be a greater country; and . I'm not satisfied to have fifty percent of our steel - mill capacity unused."
2016,"else. If we set those goals and we go together to try to achieve them, there’s nothing in my opinion that America can’t do.",AppealtoEmotion,Flag waving,"I have a very positive and optimistic view about what we can do together. else. If we set those goals and we go together to try to achieve them, there’s nothing in my opinion that America can’t do. So that’s why I hope that we will come together in this campaign.",Setting those goals and going together to try to achieve them shoud be a good idea.,Generalizing + removing additional reference,I have a very positive and optimistic view about what we can do together. Setting those goals and going together to try to achieve them shoud be a good idea. So that’s why I hope that we will come together in this campaign.
1980,"If wind, water or fire destroyed them, we built them again.",AppealtoEmotion,Flag waving,"We landed on this Eastern shore and then went out over the mountains and the prairies and the deserts and the far western mountains to the Pacific, building cities and towns and farms, and schools and churches. If wind, water or fire destroyed them, we built them again. And in so doing, at the same time, we built a new breed of human called an American - a proud, an independent., and a most compassionate individual, for the most part.",,Removing additional information,"We landed on this Eastern shore and then went out over the mountains and the prairies and the deserts and the far western mountains to the Pacific, building cities and towns and farms, and schools and churches.  And in so doing, at the same time, we built a new breed of human called an American - a proud, an independent., and a most compassionate individual, for the most part."
1960,"I think it will depend in great measure upon what we do here in the United States, on the kind of society that we build, on the kind of strength that we maintain",AppealtoEmotion,Flag waving,"In the election of 1960, and with the world around us, the question is whether the world will exist half - slave or half - free, whether it will move in the direction of freedom, in the direction of the road that we are taking, or whether it will move in the direction of slavery. I think it will depend in great measure upon what we do here in the United States, on the kind of society that we build, on the kind of strength that we maintain. We discuss tonight domestic issues, but I would not want that to be any implication to be given that this does not involve directly our struggle with Mr. Khrushchev for survival.",,Removing additional reference,"In the election of 1960, and with the world around us, the question is whether the world will exist half - slave or half - free, whether it will move in the direction of freedom, in the direction of the road that we are taking, or whether it will move in the direction of slavery. . We discuss tonight domestic issues, but I would not want that to be any implication to be given that this does not involve directly our struggle with Mr. Khrushchev for survival."
2004,We're on the move.,AppealtoEmotion,Flag waving,"Homeownership rate is at an all - time high in America. We're on the move. Tonight I had a chance to discuss with you what to do to keep this economy going: keep the taxes low, don't increase the scope of the federal government, keep regulations down, legal reform, a health- care policy that does not empower the federal government but empowers individuals, and an energy plan that will help us become less dependent on foreign sources of energy.",,Removing additional reference,"Homeownership rate is at an all - time high in America.  Tonight I had a chance to discuss with you what to do to keep this economy going: keep the taxes low, don't increase the scope of the federal government, keep regulations down, legal reform, a health- care policy that does not empower the federal government but empowers individuals, and an energy plan that will help us become less dependent on foreign sources of energy."
2000,I want everybody to know should I be the president Israel's going to be our friend.,AppealtoEmotion,Flag waving,I think credibility is going to be very important in the future in the Middle East. I want everybody to know should I be the president Israel's going to be our friend. I'm going to stand by Israel.,,Removing additional reference,I think credibility is going to be very important in the future in the Middle East.  I'm going to stand by Israel.
2016,Look at that horrible—these are radical Islamic terrorists,AppealtoEmotion,Flag waving,Look at Paris. Look at that horrible—these are radical Islamic terrorists. And she won’t even mention the word and nor will President Obama.,There are terrorists.,Generalizing + weakening + removing additional information,Look at Paris. There are terrorists.. And she won’t even mention the word and nor will President Obama.
1980,"The living Americans today have fought harder, paid a higher price for freedom, and done more to advance the dignity of man than any people who ever lived on this earth.",AppealtoEmotion,Flag waving,"But we came through all of those things and we achieved even new heights and new greatness. The living Americans today have fought harder, paid a higher price for freedom, and done more to advance the dignity of man than any people who ever lived on this earth. For 200 years, we've lived in the future, believing that tomorrow would be better than today, and today would be better than yesterday.",,Removing additional reference,"But we came through all of those things and we achieved even new heights and new greatness.  For 200 years, we've lived in the future, believing that tomorrow would be better than today, and today would be better than yesterday."
1960,"The kind of country we have here, the kind of society we have, the kind of strength we build in the United States will be the defense of freedom",AppealtoEmotion,Flag waving,"But they are important and dangerous now because they are mounting a major effort within their own country. The kind of country we have here, the kind of society we have, the kind of strength we build in the United States will be the defense of freedom. If we do well here, if we meet our obligations, if we're moving ahead, then I think freedom will be secure around the world.",,Removing additional reference,"But they are important and dangerous now because they are mounting a major effort within their own country. . If we do well here, if we meet our obligations, if we're moving ahead, then I think freedom will be secure around the world."
1992,The US is in deep trouble.,AppealtoEmotion,Flag waving,"And so I think that my closing statement is that I think I'm in a room with people that aren't the life of reality. The US is in deep trouble. We've got to have somebody that can get up there and bring out the firehoses and get it stopped, and that's what we're about in the Perot campaign.",,Removing additional reference,"And so I think that my closing statement is that I think I'm in a room with people that aren't the life of reality.  We've got to have somebody that can get up there and bring out the firehoses and get it stopped, and that's what we're about in the Perot campaign."
1960,The United States cannot continue to carry the major share of this burden by itself.,AppealtoEmotion,Flag waving,"That's why I am advocating, and will develop during the course of the next Administration - if, of course, I get the opportunity - a program in which we enlist more aid from these other countries on a concerted basis in the programs of economic development for Africa, Asia and Latin America. The United States cannot continue to carry the major share of this burden by itself. We can a big share of it, but we've got to have more help from our friends abroad; and these three factors, I think, will be very helpful in reversing the gold flow which you spoke about.",It's an important workload.,Generalizing + removing additional reference,"That's why I am advocating, and will develop during the course of the next Administration - if, of course, I get the opportunity - a program in which we enlist more aid from these other countries on a concerted basis in the programs of economic development for Africa, Asia and Latin America. It's an important workload. We can a big share of it, but we've got to have more help from our friends abroad; and these three factors, I think, will be very helpful in reversing the gold flow which you spoke about."
1996,It's unbelievable that we could cause a drop in the standard of living of a friendly country like Mexico by nearly 40 to 50 percent.,AppealtoEmotion,Flag waving,"It's going down even more toward a balanced budget, and this is helping. It's unbelievable that we could cause a drop in the standard of living of a friendly country like Mexico by nearly 40 to 50 percent. Unemployment goes up, we send U. S. tax dollars and IMF monies to Mexico, and we make a profit.",Mexico's standard of living is dropping by nearly 40 to 50 percent.,Generalizing + removing additional reference,"It's going down even more toward a balanced budget, and this is helping. Mexico's standard of living is dropping by nearly 40 to 50 percent. Unemployment goes up, we send U. S. tax dollars and IMF monies to Mexico, and we make a profit."
2004,"My message to our troops is, ""Thank you for what you're doing. We're standing with you strong. We'll give you all the equipment you need. And we'll get you home as soon as the mission's done, because this is a vital mission.""",AppealtoEmotion,Flag waving,"You can't do that and expect to win the war on terror. My message to our troops is, ""Thank you for what you're doing. We're standing with you strong. We'll give you all the equipment you need. And we'll get you home as soon as the mission's done, because this is a vital mission."" A free Iraq will be an ally in the war on terror, and that's essential.",,Removing additional reference,"You can't do that and expect to win the war on terror.  A free Iraq will be an ally in the war on terror, and that's essential."
1996,"Bob Dole and Jack Kemp will try to remind the American people of what a tremendous asset our children are and why there should be protection for innocent human life, including that of the unborn.",AppealtoEmotion,Flag waving,"We must use persuasion, not intimidation. Bob Dole and Jack Kemp will try to remind the American people of what a tremendous asset our children are and why there should be protection for innocent human life, including that of the unborn. But to think that this administration vetoed the one chance they had to ban that practice without working with people in the Congress who would have loved to have had the opportunity to stop that gruesome practice is just unacceptable to the American people.",,Removing additional reference,"We must use persuasion, not intimidation.  But to think that this administration vetoed the one chance they had to ban that practice without working with people in the Congress who would have loved to have had the opportunity to stop that gruesome practice is just unacceptable to the American people."
2000,"I believe, though -- I believe, as sure as I'm sitting here, that most Americans really care. They're tolerant people. They're good, tolerant people.",AppealtoEmotion,Flag waving,"And as we become a diverse society, we're going to have to deal with it more and more. I believe, though -- I believe, as sure as I'm sitting here, that most Americans really care. They're tolerant people. They're good, tolerant people. It's the very few that create most of the crises, and we just have to find them and deal with them.",,Removing additional reference,"And as we become a diverse society, we're going to have to deal with it more and more.  It's the very few that create most of the crises, and we just have to find them and deal with them."
2012,"But first of all, this is a nation of immigrants. We welcome people coming to this country as immigrants.",AppealtoEmotion,Flag waving,"And let me step back and tell you what I would like to do with our immigration policy broadly and include an answer to your question. But first of all, this is a nation of immigrants. We welcome people coming to this country as immigrants. My dad was born in Mexico of American parents; Ann's dad was born in Wales and is a first - generation American.",There are many immigrants.,Generalizing + removing additional reference,And let me step back and tell you what I would like to do with our immigration policy broadly and include an answer to your question. There are many immigrants. My dad was born in Mexico of American parents; Ann's dad was born in Wales and is a first - generation American.
1992,"Now when I heard George Bush say at the convention in Houston, that when he heard the phrase ""we won the Cold War,"" it made him wonder who the ""we"" was. Well, I want to tell you, President Bush, the ""we"" is the people of the US of America.",AppealtoEmotion,Flag waving,"-- the military portions of our plan, even though he was the chairman of the Joint Chiefs under George Bush, and John White has endorsed the economic aspects of our plan, even though I believe he was the architect of Ross Perot's economic plan. Now when I heard George Bush say at the convention in Houston, that when he heard the phrase ""we won the Cold War,"" it made him wonder who the ""we"" was. Well, I want to tell you, President Bush, the ""we"" is the people of the US of America. This wasn't a partisan victory that came suddenly, a few months after you took the oath of office.","Now when I heard George Bush say at the convention in Houston, that when he heard the phrase ""we won the Cold War,"" it made him wonder who the ""we"" was.",Removing additional reference,"-- the military portions of our plan, even though he was the chairman of the Joint Chiefs under George Bush, and John White has endorsed the economic aspects of our plan, even though I believe he was the architect of Ross Perot's economic plan. Now when I heard George Bush say at the convention in Houston, that when he heard the phrase ""we won the Cold War,"" it made him wonder who the ""we"" was. This wasn't a partisan victory that came suddenly, a few months after you took the oath of office."
1992,It's the US that's taken the lead in humanitarian aid into Bosnia. We're doing this all around the world.,AppealtoEmotion,Flag waving,"Right this very minute we're sending supplies in to help these little starving kids in Somalia. It's the US that's taken the lead in humanitarian aid into Bosnia. We're doing this all around the world. Yes, we got problems at home.",Bosnia is receiving help.,Generalizing + removing additional reference,"Right this very minute we're sending supplies in to help these little starving kids in Somalia. Bosnia is receiving help. Yes, we got problems at home."
2016,We need American Muslims to be part of our eyes and ears on our front lines.,AppealtoEmotion,Flag waving,It’s also very short - sighted and even dangerous to be engaging in the kind of demagogic rhetoric that Donald has about Muslims. We need American Muslims to be part of our eyes and ears on our front lines. I’ve worked with a lot of different Muslim groups around America.,,Removing additional reference,It’s also very short - sighted and even dangerous to be engaging in the kind of demagogic rhetoric that Donald has about Muslims.  I’ve worked with a lot of different Muslim groups around America.
1960,I'm talking about our willingness to bear any burdens in order to maintain our own freedom and in order to meet our freedom around the globe.,AppealtoEmotion,Flag waving,I'm talking about a national mood. I'm talking about our willingness to bear any burdens in order to maintain our own freedom and in order to meet our freedom around the globe. We don't know what the future's going to bring.,,Removing additional reference,I'm talking about a national mood.  We don't know what the future's going to bring.
1996,The American people should make up their own mind.,AppealtoEmotion,Flag waving,"And I just don't think that dog will hunt this time. The American people should make up their own mind. Here's the record: We cut deficit four years in a row for the first time before the Civil War -- I mean, before World War II, and maybe before the Civil War, too.",,Removing additional reference,"And I just don't think that dog will hunt this time.  Here's the record: We cut deficit four years in a row for the first time before the Civil War -- I mean, before World War II, and maybe before the Civil War, too."
1992,I am here because I have in my brain and in my heart what it takes to lead America through tough times.,AppealtoEmotion,Flag waving,Why am I here tonight? I am here because I have in my brain and in my heart what it takes to lead America through tough times.,I am here because I know how to lead through tough times.,Generalizing + removing additional reference,Why am I here tonight? I am here because I know how to lead through tough times.
1976,"We've lost in our foreign policy, the character of the American people.",AppealtoEmotion,Flag waving,"We can only be strong overseas if we're strong at home; and when I became president we'll not only be strong in those areas but also in defense - a defense capability second to none. We've lost in our foreign policy, the character of the American people. We've uh - ignored or excluded the American people and the Congress from participation in the shaping of our foreign policy.",,Removing additional reference,We can only be strong overseas if we're strong at home; and when I became president we'll not only be strong in those areas but also in defense - a defense capability second to none.  We've uh - ignored or excluded the American people and the Congress from participation in the shaping of our foreign policy.
1992,"This election is about the future of our country, not about personal attacks against one candidate or another.",AppealtoEmotion,Flag waving,"But that is a question that is a valid one, and you know, I would like to brag about the character of my boss. This election is about the future of our country, not about personal attacks against one candidate or another. Our nation is in trouble and it is appalling to me that with 10 million Americans out work, with the rest working harder for less money than they did 4 years ago, with the loss of 1.4 million manufacturing jobs in our nation, with the health care crisis, a crisis of crime and drugs and AIDS, substandard education, that George Bush would constantly try to level personal attacks at his opponent.",,Removing additional reference,"But that is a question that is a valid one, and you know, I would like to brag about the character of my boss.  Our nation is in trouble and it is appalling to me that with 10 million Americans out work, with the rest working harder for less money than they did 4 years ago, with the loss of 1.4 million manufacturing jobs in our nation, with the health care crisis, a crisis of crime and drugs and AIDS, substandard education, that George Bush would constantly try to level personal attacks at his opponent."
1996,The problems between races in America must be addressed.,AppealtoEmotion,Flag waving,"If it were not so, he would have told you. The problems between races in America must be addressed. The good news is we're making progress.",There is a racism problem.,Generalizing + removing additional reference,"If it were not so, he would have told you. There is a racism problem. The good news is we're making progress."
2000,"I had a friend a while ago who works in the government, works at the White House, African - American, stopped, surrounded by police for no other cause that anyone can determine than the color of his skin. That can't be in America anymore.",AppealtoEmotion,Flag waving,"And our values are violently contradicted by the kind of racial profiling that I know exists. I had a friend a while ago who works in the government, works at the White House, African - American, stopped, surrounded by police for no other cause that anyone can determine than the color of his skin. That can't be in America anymore. Bernie, I would like to answer your question to the best of my ability, but I don't think I can understand fully what it would be like.",,Removing additional reference,"And our values are violently contradicted by the kind of racial profiling that I know exists.  Bernie, I would like to answer your question to the best of my ability, but I don't think I can understand fully what it would be like."
1996,"But I believe America is the greatest country in human history because we have maintained freedom and increasing prosperity by relentlessly pushing the barriers of knowledge, the barriers of the present, always moving into the future.",AppealtoEmotion,Flag waving,"He's troubled, as I am, by some of the things that go on today. But I believe America is the greatest country in human history because we have maintained freedom and increasing prosperity by relentlessly pushing the barriers of knowledge, the barriers of the present, always moving into the future. That's why when I became President I was determined to kind of move beyond this whole stale debate that had gone on in Washington for too long to get this country moving again.",,Removing additional reference,"He's troubled, as I am, by some of the things that go on today.  That's why when I became President I was determined to kind of move beyond this whole stale debate that had gone on in Washington for too long to get this country moving again."
1960,"Beyond that, as far as the gold supply is concerned, and as far as the movement of gold is concerned, uh - we have to bear in mind that we must get more help from our allies abroad in this great venture in which all free men are involved of winning the battle for freedom.",AppealtoEmotion,Flag waving,"This one must be stepped up. Beyond that, as far as the gold supply is concerned, and as far as the movement of gold is concerned, uh - we have to bear in mind that we must get more help from our allies abroad in this great venture in which all free men are involved of winning the battle for freedom. Now America has been carrying a tremendous load in this respect.","Beyond that, as far as the gold supply is concerned, and as far as the movement of gold is concerned, uh - we have to bear in mind that we must get more help from our allies abroad.",Removing additional reference,"This one must be stepped up. Beyond that, as far as the gold supply is concerned, and as far as the movement of gold is concerned, uh - we have to bear in mind that we must get more help from our allies abroad. Now America has been carrying a tremendous load in this respect."
1992,This issue is an issue that divides Americans deeply.,AppealtoEmotion,Flag waving,Can you say that? This issue is an issue that divides Americans deeply. I happen to be pro - life.,,Removing additional reference,Can you say that?  I happen to be pro - life.
2008,"Now, look, Americans are hurting tonight and they're angry and I understand that, and they want a new direction.",AppealtoEmotion,Flag waving,"I will balance our budgets and I will get them and I will... ... reduce this -- I can -- we can do it with this kind of job creation of energy independence. Now, look, Americans are hurting tonight and they're angry and I understand that, and they want a new direction. I can bring them in that direction by eliminating spending.",There's need for a new direction.,Generalizing + weakening + removing additional information,I will balance our budgets and I will get them and I will... ... reduce this -- I can -- we can do it with this kind of job creation of energy independence. There's need for a new direction. I can bring them in that direction by eliminating spending.
2016,I've heard from so many of you about the difficult choices you face and the stresses that you're under,AppealtoEmotion,Flag waving,"And I want us to do more to support people who are struggling to balance family and work. I've heard from so many of you about the difficult choices you face and the stresses that you're under. So let's have paid family leave, earned sick days.",,Removing additional reference,"And I want us to do more to support people who are struggling to balance family and work. . So let's have paid family leave, earned sick days."
1996,"This country is split between those who call themselves pro - choice, and I'm sure, very sincerely, and those of us who call ourselves pro - life, this is a very emotional issue.",AppealtoEmotion,Flag waving,"Putting that aside, the -- we recognize there's no consensus in America. This country is split between those who call themselves pro - choice, and I'm sure, very sincerely, and those of us who call ourselves pro - life, this is a very emotional issue. I'm sure it is for a woman.",There is a split between pro-choice and pro-life.,Generalizing + removing additional reference,"Putting that aside, the -- we recognize there's no consensus in America. There is a split between pro-choice and pro-life. I'm sure it is for a woman."
2000,I think it's the hard - working people of America's money and I want to share some of that money with you so you have more money to build and save and dream for your families.,AppealtoEmotion,Flag waving,That's not what I think. I think it's the hard - working people of America's money and I want to share some of that money with you so you have more money to build and save and dream for your families. It's a difference of opinion.,I want people have more money for their needs.,Generalizing + removing additional reference,That's not what I think. I want people have more money for their needs. It's a difference of opinion.
2016,"That’s why—to go back to your question—I want to send a message—we all should—to every boy and girl and, indeed, to the entire world that America already is great, but we are great because we are good, and we will respect one another, and we will work with one another, and we will celebrate our diversity.",AppealtoEmotion,Flag waving,"And the question for us, the question our country must answer is that this is not who we are. That’s why—to go back to your question—I want to send a message—we all should—to every boy and girl and, indeed, to the entire world that America already is great, but we are great because we are good, and we will respect one another, and we will work with one another, and we will celebrate our diversity. These are very important values to me, because this is the America that I know and love.","The goodness, the respect, the work and diversity are important values.",Generalizing + weakening + removing additional information,"And the question for us, the question our country must answer is that this is not who we are. The goodness, the respect, the work and diversity are important values. These are very important values to me, because this is the America that I know and love."
2000,"First of all Â I want to make it clear, our military is the strongest, best - trained, best - equipped, best - led fighting force in the world and in the history of the world.",AppealtoEmotion,Flag waving,"Let me tell you what Iâ€™ll do. First of all Â I want to make it clear, our military is the strongest, best - trained, best - equipped, best - led fighting force in the world and in the history of the world. Nobody should have any doubt about that, least of all our adversaries or potential adversaries.","Our military is strong, well-trained, well-equipped, well-led.",Generalizing + removing additional reference,"Let me tell you what Iâ€™ll do. Our military is strong, well-trained, well-equipped, well-led. Nobody should have any doubt about that, least of all our adversaries or potential adversaries."
1960,Communism is the enemy of all religions; and we who do believe in God must join together.,AppealtoEmotion,Flag waving,I see what it does. Communism is the enemy of all religions; and we who do believe in God must join together. We must not be divided on this issue.,Christians have many things in common with Communism.,Generalizing + weakening + removing additional information,I see what it does. Christians have many things in common with Communism. We must not be divided on this issue.
1980,"And in so doing, at the same time, we built a new breed of human called an American - a proud, an independent., and a most compassionate individual, for the most part.",AppealtoEmotion,Flag waving,"If wind, water or fire destroyed them, we built them again. And in so doing, at the same time, we built a new breed of human called an American - a proud, an independent., and a most compassionate individual, for the most part. Two hundred years ago, Tom Paine, when the 13 tiny colonies were trying to become a nation, said, we have it in our power to begin the world over again.",,Removing additional reference,"If wind, water or fire destroyed them, we built them again.  Two hundred years ago, Tom Paine, when the 13 tiny colonies were trying to become a nation, said, we have it in our power to begin the world over again."
2016,And what that’s going to do is a disaster for the country.,AppealtoEmotion,Flag waving,She’s raising your taxes really high. And what that’s going to do is a disaster for the country. But she is raising your taxes and I’m lowering your taxes.,,Removing additional reference,She’s raising your taxes really high.  But she is raising your taxes and I’m lowering your taxes.
2016,"I think Aleppo is a disaster, humanitarian - wise.",AppealtoEmotion,Flag waving,"And she didn’t. I think Aleppo is a disaster, humanitarian - wise. I think that it basically has fallen.",Aleppo has many problems.,Generalizing,And she didn’t. Aleppo has many problems. I think that it basically has fallen.
2000,I'm going to stand by Israel,AppealtoEmotion,Flag waving,"I want everybody to know should I be the president Israel's going to be our friend. I'm going to stand by Israel. Secondly, that I think it's important to reach out to moderate Arab nations, like Jordan and Egypt, Saudi Arabia and Kuwait.",,Removing additional reference,"I want everybody to know should I be the president Israel's going to be our friend. . Secondly, that I think it's important to reach out to moderate Arab nations, like Jordan and Egypt, Saudi Arabia and Kuwait."
1960,We also have to see that all of the people of the United States - the tremendous talents that our people have - are used adequately.,AppealtoEmotion,Flag waving,"We have to move into those areas with programs so that we make adequate use of the resources of those areas. We also have to see that all of the people of the United States - the tremendous talents that our people have - are used adequately. That's why in this whole area of civil rights, the equality of opportunity for employment and education is not just for the benefit of the minority groups, it's for the benefit of the nation so that we can get the scientists and the engineers and all the rest that we need.",,Removing additional reference,"We have to move into those areas with programs so that we make adequate use of the resources of those areas.  That's why in this whole area of civil rights, the equality of opportunity for employment and education is not just for the benefit of the minority groups, it's for the benefit of the nation so that we can get the scientists and the engineers and all the rest that we need."
2004,"But I can't take what is an article of faith for me and legislate it for someone who doesn't share that article of faith, whether they be agnostic, atheist, Jew, Protestant, whatever. I can't do that.",AppealtoEmotion,Flag waving,"It helped lead me through a war, leads me today. But I can't take what is an article of faith for me and legislate it for someone who doesn't share that article of faith, whether they be agnostic, atheist, Jew, Protestant, whatever. I can't do that. But I can counsel people.",People can have different beliefs.,Generalizing + removing additional reference,"It helped lead me through a war, leads me today. People can have different beliefs. But I can counsel people."
1960,I'm talking about a national mood.,AppealtoEmotion,Flag waving,I have talked in every speech about the fact that these are going to be very difficult times in the nineteen - sixties and that we're going to have to meet our responsibilities as citizens. I'm talking about a national mood. I'm talking about our willingness to bear any burdens in order to maintain our own freedom and in order to meet our freedom around the globe.,,Removing additional reference,I have talked in every speech about the fact that these are going to be very difficult times in the nineteen - sixties and that we're going to have to meet our responsibilities as citizens.  I'm talking about our willingness to bear any burdens in order to maintain our own freedom and in order to meet our freedom around the globe.
1960,I am not satisfied as an American with the progress that we're making,AppealtoEmotion,Flag waving,"Are we as strong as we must be if we're going to maintain our independence, and if we're going to maintain and hold out the hand of friendship to those who look to us for assistance, to those who look to us for survival? I should make it very clear that I do not think we're doing enough, that I am not satisfied as an American with the progress that we're making. This is a great country, but I think it could be a greater country; and this is a powerful country, but I think it could be a more powerful country.",,Removing additional reference,"Are we as strong as we must be if we're going to maintain our independence, and if we're going to maintain and hold out the hand of friendship to those who look to us for assistance, to those who look to us for survival? I should make it very clear that I do not think we're doing enough, that . This is a great country, but I think it could be a greater country; and this is a powerful country, but I think it could be a more powerful country."
1960,we have programs which we believe will move America,AppealtoEmotion,Flag waving,"I think that the means that I advocate will reach that goal better than the means that he advocates. I could give better examples, but for - for whatever it is, whether it's in the field of housing, or health, or medical care, or schools, or the eh- development of electric power, we have programs which we believe will move America, move her forward and build on the wonderful record that we have made over these past seven and a half years. Now, when we look at these programs, might I suggest that in evaluating them we often have a tendency to say that the test of a program is how much you're spending.",we have programs which we believe will better the situation,Generalizing,"I think that the means that I advocate will reach that goal better than the means that he advocates. I could give better examples, but for - for whatever it is, whether it's in the field of housing, or health, or medical care, or schools, or the eh- development of electric power, we have programs which we believe will better the situation, move her forward and build on the wonderful record that we have made over these past seven and a half years. Now, when we look at these programs, might I suggest that in evaluating them we often have a tendency to say that the test of a program is how much you're spending."
2000,"We're America, and we believe in our future and we know we have the ability to shape our future.",AppealtoEmotion,Flag waving,"But thank goodness we've always had enough people who have been willing in every generation to push past the fear of a broken heart and become deeply involved in forming a more perfect union. We're America, and we believe in our future and we know we have the ability to shape our future. Now, we've got to address one of the biggest threats to our democracy.",,Removing additional reference,"But thank goodness we've always had enough people who have been willing in every generation to push past the fear of a broken heart and become deeply involved in forming a more perfect union.  Now, we've got to address one of the biggest threats to our democracy."
2000,I will fight for middle - class families and working men and women and I will never let you down.,AppealtoEmotion,Flag waving,"I have devoted 24 years of my life to public service and I've said this before and I'll say it again, if you entrust me with the presidency, I may not be the most exciting politician, but I will work hard for you every day. I will fight for middle - class families and working men and women and I will never let you down. They ought to factor in it when they go to the voting booth.",Middle-class families and working men and women will be helped.,Removing additional reference,"I have devoted 24 years of my life to public service and I've said this before and I'll say it again, if you entrust me with the presidency, I may not be the most exciting politician, but I will work hard for you every day. Middle-class families and working men and women will be helped. They ought to factor in it when they go to the voting booth."
2016,I want us to invest in you. I want us to invest in your future.,AppealtoEmotion,Flag waving,"That means we need new jobs, good jobs, with rising incomes. I want us to invest in you. I want us to invest in your future. That means jobs in infrastructure, in advanced manufacturing, innovation and technology, clean, renewable energy, and small business, because most of the new jobs will come from small business.",The future is the key.,Generalizing + removing additional reference,"That means we need new jobs, good jobs, with rising incomes. The future is the key. That means jobs in infrastructure, in advanced manufacturing, innovation and technology, clean, renewable energy, and small business, because most of the new jobs will come from small business."
2000,"Throughout my career in public service, I have fought for the working men and women of this country, middle - class families.",AppealtoEmotion,Flag waving,"One important way of looking at this is to ask who are you going to fight for? Throughout my career in public service, I have fought for the working men and women of this country, middle - class families. Why?",,Removing additional reference,One important way of looking at this is to ask who are you going to fight for?  Why?
2016,"I want to do things that haven’t been done, including fixing and making our inner cities better for the African - American citizens that are so great, and for the Latinos, Hispanics, and I look forward to doing it. It’s called make America great again.",AppealtoEmotion,Flag waving,"We need justice. I want to do things that haven’t been done, including fixing and making our inner cities better for the African - American citizens that are so great, and for the Latinos, Hispanics, and I look forward to doing it. It’s called make America great again. No, I didn’t say that at all.",I want to fix and make inner cities better.,Generalizing + removing additional reference,"We need justice. I want to fix and make inner cities better. No, I didn’t say that at all."
2000,Government ought to stand on the side of parents.,AppealtoEmotion,Flag waving,"Laura and I are proud parents of teenage girls, twin daughters, and I know what you're saying. Government ought to stand on the side of parents. Parents are teaching their children right from wrong, and the message oftentimes gets undermined by the popular culture.",,Removing additional reference,"Laura and I are proud parents of teenage girls, twin daughters, and I know what you're saying.  Parents are teaching their children right from wrong, and the message oftentimes gets undermined by the popular culture."
2016,"I’m going to help the African - Americans. I’m going to help the Latinos, Hispanics.",AppealtoEmotion,Flag waving,"I’ve heard them where Hillary is constantly talking about the inner cities of our country, which are a disaster education - wise, job - wise, safety - wise, in every way possible. I’m going to help the African - Americans. I’m going to help the Latinos, Hispanics. I am going to help the inner cities.",,Removing additional reference,"I’ve heard them where Hillary is constantly talking about the inner cities of our country, which are a disaster education - wise, job - wise, safety - wise, in every way possible.  I am going to help the inner cities."
1980,"I would like to have a crusade today, and I would like to lead that crusade with your help. And it would be one to take Government off the backs of the great people of this country, and turn you loose again to do those things that I know you can do so well, because you did them and made this country great.",AppealtoEmotion,Flag waving,"And I know that we did give back authority and autonomy to the people. I would like to have a crusade today, and I would like to lead that crusade with your help. And it would be one to take Government off the backs of the great people of this country, and turn you loose again to do those things that I know you can do so well, because you did them and made this country great.",,Removing additional reference,And I know that we did give back authority and autonomy to the people. 
2000,"You know, I think the American people deserve credit for the great economy that we have.",AppealtoEmotion,Flag waving,"Can I comment on that? You know, I think the American people deserve credit for the great economy that we have. It's their ingenuity, I agree with that.",People built a great economy.,Generalizing + removing additional reference,"Can I comment on that? People built a great economy. It's their ingenuity, I agree with that."
2008,"We need to cut the business tax rate in America. We need to encourage business. Now, of all times in America, we need to cut people's taxes. We need to encourage business, create jobs, not spread the wealth around.",AppealtoEmotion,Flag waving,"Where are companies going to go where they can create jobs and where they can do best in business? We need to cut the business tax rate in America. We need to encourage business. Now, of all times in America, we need to cut people's taxes. We need to encourage business, create jobs, not spread the wealth around.",,Removing additional reference,Where are companies going to go where they can create jobs and where they can do best in business? 
2000,I will not do anything to affect the rights of hunters or sportsmen.,AppealtoEmotion,Flag waving,"But that having been said, I believe that -- well, first of all, let me say that the governor and I agree on some things where this subject is concerned. I will not do anything to affect the rights of hunters or sportsmen. I think that homeowners have to be respected and their right to have a gun if they wish to.",,Removing additional reference,"But that having been said, I believe that -- well, first of all, let me say that the governor and I agree on some things where this subject is concerned.  I think that homeowners have to be respected and their right to have a gun if they wish to."
1980,"We landed on this Eastern shore and then went out over the mountains and the prairies and the deserts and the far western mountains to the Pacific, building cities and towns and farms, and schools and churches.",AppealtoEmotion,Flag waving,"We spoke a multitude of tongues. We landed on this Eastern shore and then went out over the mountains and the prairies and the deserts and the far western mountains to the Pacific, building cities and towns and farms, and schools and churches. If wind, water or fire destroyed them, we built them again.",,Removing additional reference,"We spoke a multitude of tongues.  If wind, water or fire destroyed them, we built them again."
1988,"Were ready to go to work at the state and local level, all of us. I know the private sector is. People are all over the country.",AppealtoEmotion,Flag waving,"So these are the ways that you help families, you help youngsters to live better lives, and more decent lives. Were ready to go to work at the state and local level, all of us. I know the private sector is. People are all over the country. But it takes presidential leadership.",Public and private sector are ready.,Generalizing + removing additional reference,"So these are the ways that you help families, you help youngsters to live better lives, and more decent lives. Public and private sector are ready. But it takes presidential leadership."
2016,"Ali. My vision of America is an America where everyone has a place, if you’re willing to work hard, you do your part, you contribute to the community. That’s what America is. That’s what we want America to be for our children and our grandchildren.",AppealtoEmotion,Flag waving,"And we’ve had many successful Muslims. Ali. My vision of America is an America where everyone has a place, if you’re willing to work hard, you do your part, you contribute to the community. That’s what America is. That’s what we want America to be for our children and our grandchildren. It’s also very short - sighted and even dangerous to be engaging in the kind of demagogic rhetoric that Donald has about Muslims.",,Removing additional reference,And we’ve had many successful Muslims.  It’s also very short - sighted and even dangerous to be engaging in the kind of demagogic rhetoric that Donald has about Muslims.
2012,"I want to make America the most attractive place in the world for entrepreneurs, for small business, for big business, to invest and grow in America.",AppealtoEmotion,Flag waving,"Trickle - down government has never worked here, has never worked anywhere. I want to make America the most attractive place in the world for entrepreneurs, for small business, for big business, to invest and grow in America. Now, we're going to have to make sure that as we trade with other nations that they play by the rules.",,Removing additional reference,"Trickle - down government has never worked here, has never worked anywhere.  Now, we're going to have to make sure that as we trade with other nations that they play by the rules."
1976,I know I'm ready for it. I think the American people are too.,AppealtoEmotion,Flag waving,"But I think uh - uh - a balanced approach, with everybody being part of it and a striving for unselfishness, could help as it did in 1973 to let people sacrifice for their own country. I know I'm ready for it. I think the American people are too.",I know I'm ready for it.,Removing additional reference,"But I think uh - uh - a balanced approach, with everybody being part of it and a striving for unselfishness, could help as it did in 1973 to let people sacrifice for their own country. I know I'm ready for it."
1980,"The United States must be a nation strong; the United States must be a nation secure. We must have a society that's just and fair. And we must extend the benefits of our own commitment to peace, to create a peaceful world.",AppealtoEmotion,Flag waving,"I consider myself in the mainstream even of the bipartisan list of Presidents who served before me. The United States must be a nation strong; the United States must be a nation secure. We must have a society that's just and fair. And we must extend the benefits of our own commitment to peace, to create a peaceful world. I believe that since I've been in office, there have been six or eight areas of combat evolved in other parts of the world.",,Removing additional reference,"I consider myself in the mainstream even of the bipartisan list of Presidents who served before me.  I believe that since I've been in office, there have been six or eight areas of combat evolved in other parts of the world."
2016,I want us to invest in you.,AppealtoEmotion,Flag waving,"First, we have to build an economy that works for everyone, not just those at the top. incomes. I want us to invest in you. I want us to invest in your future.",,Removing additional reference,"First, we have to build an economy that works for everyone, not just those at the top. incomes.  I want us to invest in your future."
1980,We came from 100 different corners of the earth.,AppealtoEmotion,Flag waving,"That it was placed here to be found by a special kind of people - people who had a special love for freedom and who had the courage to uproot themselves and leave hearth and homeland, and came to what, in the beginning, was the most undeveloped wilderness possible. We came from 100 different corners of the earth. We spoke a multitude of tongues.",,Removing additional reference,"That it was placed here to be found by a special kind of people - people who had a special love for freedom and who had the courage to uproot themselves and leave hearth and homeland, and came to what, in the beginning, was the most undeveloped wilderness possible.  We spoke a multitude of tongues."
1976,"I believe that if we are inspired, if we can achieve a degree of unity, if we can set our goals high enough and work toward recognized goals with industry and labor and agriculture along with government at all levels, then we can achieve great things.",AppealtoEmotion,Flag waving,"But I do know that if the president of the United States and the Congress of the United States and the people of the United States said, ""I believe our nation is greater than what we are now."" I believe that if we are inspired, if we can achieve a degree of unity, if we can set our goals high enough and work toward recognized goals with industry and labor and agriculture along with government at all levels, then we can achieve great things. We might have to do it slowly.","Goals need to be achieved and industry, labor and agriculture need to be improved.",Generalizing + removing additional reference,"But I do know that if the president of the United States and the Congress of the United States and the people of the United States said, ""I believe our nation is greater than what we are now."" Goals need to be achieved and industry, labor and agriculture need to be improved. We might have to do it slowly."
1988,"But in the final analysis - in the final analysis, the person goes into that voting booth, they're going to say, Who has the values I believe in? Who has the experience that we trust? Who has the integrity and stability to get the job done? My fellow Americans, I am that man and I ask for your support.",AppealtoEmotion,Flag waving,"And we've got a wide array of differences on those. But in the final analysis - in the final analysis, the person goes into that voting booth, they're going to say, Who has the values I believe in? Who has the experience that we trust? Who has the integrity and stability to get the job done? My fellow Americans, I am that man and I ask for your support. Thank you very much.","But in the final analysis - in the final analysis, the person goes into that voting booth aksing itself who vote for. ",Generalizing + weakening + removing additional information,"And we've got a wide array of differences on those. But in the final analysis - in the final analysis, the person goes into that voting booth aksing itself who vote for.  Thank you very much."
2016,We’re going to have a strong border. We’re going to bring back law and order.,AppealtoEmotion,Flag waving,"We’re going to make great trade deals. We’re going to have a strong border. We’re going to bring back law and order. Just today, policemen was shot, two killed.",,Removing additional reference,"We’re going to make great trade deals.  Just today, policemen was shot, two killed."
1996,"That when people own something, they have a stake in the American dream. That is Affirmative Action in America.",AppealtoEmotion,Flag waving,"And that's what Abraham Lincoln believed. That when people own something, they have a stake in the American dream. That is Affirmative Action in America. With all due respect, I do not believe that Abraham Lincoln would have adopted Bob Dole's position to end all affirmative action.",People contributes in the economy.,Generalizing + removing additional reference,"And that's what Abraham Lincoln believed. People contributes in the economy. With all due respect, I do not believe that Abraham Lincoln would have adopted Bob Dole's position to end all affirmative action."
1992,Bill Clinton's top priority is putting America back to work.,AppealtoEmotion,Flag waving,"That's -- that's my answer. Bill Clinton's top priority is putting America back to work. Bill Clinton and I will create good, high - wage jobs for our people, the same way he has done in his state.",,Removing additional reference,"That's -- that's my answer.  Bill Clinton and I will create good, high - wage jobs for our people, the same way he has done in his state."
2004,"I believe America's best days are ahead of us. I'm an optimist, but we have to make the right choices, to be fiscally responsible and to create the new jobs of the future.",AppealtoEmotion,Flag waving,"That's the test. I believe America's best days are ahead of us. I'm an optimist, but we have to make the right choices, to be fiscally responsible and to create the new jobs of the future. We can do this.",Right choiches are necessary to be fiscally responsible and to create the new jobs of the future.,Generalizing + removing additional reference,That's the test. Right choiches are necessary to be fiscally responsible and to create the new jobs of the future. We can do this.
1988,It's very unfair to the average taxpayer who pays his taxes and pays them on time to permit these monies to go uncollected.,AppealtoEmotion,Flag waving,"And, finally, we've got to go out there and collect billions and billions of dollars in taxes owed that aren't being paid to this country. It's very unfair to the average taxpayer who pays his taxes and pays them on time to permit these monies to go uncollected. I've also suggested that on the domestic side there are areas where we can make some cuts.",Money from taxes need to be collected.,Generalizing + removing additional reference,"And, finally, we've got to go out there and collect billions and billions of dollars in taxes owed that aren't being paid to this country. Money from taxes need to be collected. I've also suggested that on the domestic side there are areas where we can make some cuts."
2000,"And you guys have been having a hard time, and I want to fight for you.",AppealtoEmotion,Flag waving,"Because the 2% of the country that is involved in farming is important because the rest of us wouldn't eat except for them. And you guys have been having a hard time, and I want to fight for you. I want to change those provisions.",It's been having hard time.,Generalizing,Because the 2% of the country that is involved in farming is important because the rest of us wouldn't eat except for them. It's been having hard time. I want to change those provisions.
1996,"We have people getting access to capital. Small businessmen and women, African - American, Asian Americans, Latino Americans, female Americans would be able to start their businesses.",AppealtoEmotion,Flag waving,"But capital would flow out into the economy. We have people getting access to capital. Small businessmen and women, African - American, Asian Americans, Latino Americans, female Americans would be able to start their businesses. Dana Crist of Lancaster said the day the tax bill is passed in Congress, she will open a new factory with 40 or 50 or 60 employees in Lancaster, Pennsylvania.",Small businessmen and women would be able to start their businesses.,Generalizing + removing additional reference,"But capital would flow out into the economy. Small businessmen and women would be able to start their businesses. Dana Crist of Lancaster said the day the tax bill is passed in Congress, she will open a new factory with 40 or 50 or 60 employees in Lancaster, Pennsylvania."
2004,"The future of things that matter to you -- in terms of civil rights, what kind of Justice Department you'll have, whether we'll enforce the law. Will we have equal opportunity? Will women's rights be protected? Will we have equal pay for women, which is going backwards? Will a woman's right to choose be protected?",AppealtoEmotion,Flag waving,"What I want to find, if I am privileged to have the opportunity to do it -- and the Supreme Court of the United States is at stake in this race, ladies and gentlemen. The future of things that matter to you -- in terms of civil rights, what kind of Justice Department you'll have, whether we'll enforce the law. Will we have equal opportunity? Will women's rights be protected? Will we have equal pay for women, which is going backwards? Will a woman's right to choose be protected?","Civil rights, Justice Department, law enforcement, equal opportunity, women's rights, equal pay for women, and woman's right to choose be protected are the topics.",Generalizing + removing additional reference,"What I want to find, if I am privileged to have the opportunity to do it -- and the Supreme Court of the United States is at stake in this race, ladies and gentlemen. Civil rights, Justice Department, law enforcement, equal opportunity, women's rights, equal pay for women, and woman's right to choose be protected are the topics."
1996,This is the greatest democracy in the world.,AppealtoEmotion,Flag waving,"We see them as our opponents. This is the greatest democracy in the world. People are watching not only throughout this country, but all over the world as to how this democracy can function with civility and respect, and decency and integrity.",,Removing additional reference,"We see them as our opponents.  People are watching not only throughout this country, but all over the world as to how this democracy can function with civility and respect, and decency and integrity."
2008,"Well, it is a terribly painful situation for Americans.",AppealtoEmotion,Flag waving,"This will cost some money on the front end, but over the long term this is the only way that not only are we going to make families healthy, but it's also how we're going to save the federal budget, because we can't afford these escalating costs. Well, it is a terribly painful situation for Americans. They're seeing their premiums, their co - pays go up.",It is a bad situation.,Generalizing + removing additional reference,"This will cost some money on the front end, but over the long term this is the only way that not only are we going to make families healthy, but it's also how we're going to save the federal budget, because we can't afford these escalating costs. It is a bad situation. They're seeing their premiums, their co - pays go up."
2004,"But I also believe that because we are the United States of America, we're a country with a great, unbelievable Constitution, with rights that we afford people, that you can't discriminate in the workplace.",AppealtoEmotion,Flag waving,"I believe marriage is between a man and a woman. But I also believe that because we are the United States of America, we're a country with a great, unbelievable Constitution, with rights that we afford people, that you can't discriminate in the workplace. You can't discriminate in the rights that you afford people.","People are afforded by rights, that can't be discriminated in the workplace.",Generalizing + removing additional reference,"I believe marriage is between a man and a woman. People are afforded by rights, that can't be discriminated in the workplace. You can't discriminate in the rights that you afford people."
2008,"They're innocent victims of greed and excess on Wall Street and as well as Washington, D. C. And they're angry, and they have every reason to be angry.",AppealtoEmotion,Flag waving,"They're hurting, and they're angry. They're innocent victims of greed and excess on Wall Street and as well as Washington, D. C. And they're angry, and they have every reason to be angry. And they want this country to go in a new direction.",,Removing additional reference,"They're hurting, and they're angry.  And they want this country to go in a new direction."
2008,We have to change the culture of America.,AppealtoEmotion,Flag waving,Let me talk to you about an important aspect of this issue. We have to change the culture of America. Those of us who are proudly pro - life understand that.,,Removing additional reference,Let me talk to you about an important aspect of this issue.  Those of us who are proudly pro - life understand that.
1996,"Civility, responsibility, racial reconciliation, healing the wounds of our country has to be one of the greatest, most singularly important goals for this country here on the edge of the 21st Century.",AppealtoEmotion,Flag waving,"Civility, responsibility, racial reconciliation, healing the wounds of our country has to be one of the greatest, most singularly important goals for this country here on the edge of the 21st Century. How in the name of American democracy can we say to eastern Europe that democratic capitalism will work there if we can't make it work in East L. A. or East Harlem or East Palo Alto, California?",,Removing additional reference," How in the name of American democracy can we say to eastern Europe that democratic capitalism will work there if we can't make it work in East L. A. or East Harlem or East Palo Alto, California?"
1976,"But I do make a pledge that in the next ten days when we're asking the American people to make one of the most important decisions in their lifetime, because I think this election is one of the mast vital in the history of America, that uh - we do together what we can to stimulate voter participation.",AppealtoEmotion,Flag waving,"Now, like uh - any hardworking uh - person seeking public office uh - in the campaign, inevitably sometimes you will use uh - rather graphic language and I'm guilty of that just like I think most others in the political arena. But I do make a pledge that in the next ten days when we're asking the American people to make one of the most important decisions in their lifetime, because I think this election is one of the mast vital in the history of America, that uh - we do together what we can to stimulate voter participation.",Voter participation needs to be stimulated.,Generalizing + removing additional reference,"Now, like uh - any hardworking uh - person seeking public office uh - in the campaign, inevitably sometimes you will use uh - rather graphic language and I'm guilty of that just like I think most others in the political arena. Voter participation needs to be stimulated."
1992,America is the mockery of the world.,AppealtoEmotion,Flag waving,"Bill Clinton wants to empower government, we want to empower people. In St. Louis, Missouri, in June of this year, Bill Clinton said this: ""America is the mockery of the world."" He is wrong.",,Removing additional reference,"Bill Clinton wants to empower government, we want to empower people. In St. Louis, Missouri, in June of this year, Bill Clinton said this: """" He is wrong."
1976,"The American people are healed, are working together.",AppealtoEmotion,Flag waving,"As a result of that wonderful experience all over the United States, there is a new spirit in America. The American people are healed, are working together. The American people are moving again, and moving in the right direction.",,Removing additional reference,"As a result of that wonderful experience all over the United States, there is a new spirit in America.  The American people are moving again, and moving in the right direction."
1984,"We are a government by the people, and when we move, it should be for very severe and extreme reasons that serve our national interests and end up with a stronger country behind us. It is only in that way that we can persevere.",AppealtoEmotion,Flag waving,"We need to be strong, we need to be prepared to use that strength, but we must understand that we are a democracy. We are a government by the people, and when we move, it should be for very severe and extreme reasons that serve our national interests and end up with a stronger country behind us. It is only in that way that we can persevere. Nicaragua What I'm referring to there is the mutual self - defense provisions that exist in the Inter - American treaty, the so - called Rio Pact, that permits the nations, our friends in that region, to combine to take steps -- diplomatic and otherwise -- to prevent Nicaragua, when she acts irresponsibly in asserting power in other parts outside of her border, to take those steps, whatever they might be, to stop it.",,Removing additional reference,"We need to be strong, we need to be prepared to use that strength, but we must understand that we are a democracy.  Nicaragua What I'm referring to there is the mutual self - defense provisions that exist in the Inter - American treaty, the so - called Rio Pact, that permits the nations, our friends in that region, to combine to take steps -- diplomatic and otherwise -- to prevent Nicaragua, when she acts irresponsibly in asserting power in other parts outside of her border, to take those steps, whatever they might be, to stop it."
1996,"We are the greatest country on the face of the earth. We do more good things for more people in our communities, our neighborhoods, than anywhere that I know of.",AppealtoEmotion,Flag waving,"I know who I am, and I know where I'm from, and I know where I want to take America. We are the greatest country on the face of the earth. We do more good things for more people in our communities, our neighborhoods, than anywhere that I know of. This is important business.",Communities and neighbohoods are always supported.,Generalizing + removing additional reference,"I know who I am, and I know where I'm from, and I know where I want to take America. Communities and neighbohoods are always supported. This is important business."
2012,What I will do as president is make sure it's more attractive to come to America again.,AppealtoEmotion,Flag waving,We have made it less attractive for enterprises to stay here than to go offshore from time to time. What I will do as president is make sure it's more attractive to come to America again. This is the way we're going to create jobs in this country.,I'll make the come back more attractive.,Generalizing + removing additional reference,We have made it less attractive for enterprises to stay here than to go offshore from time to time. I'll make the come back more attractive. This is the way we're going to create jobs in this country.
2008,America needs a new direction.,AppealtoEmotion,Flag waving,And they were graphically demonstrated again today. America needs a new direction. We cannot be satisfied with what we've been doing for the last eight years.,,Removing additional reference,And they were graphically demonstrated again today.  We cannot be satisfied with what we've been doing for the last eight years.
2016,mess,AppealtoEmotion,Loaded Language,"Trickle - down did not work. It got us into the mess we were in, in 2008 and 2009. Slashing taxes on the wealthy hasn't worked.",issue,Rephrasing,"Trickle - down did not work. It got us into the issue we were in, in 2008 and 2009. Slashing taxes on the wealthy hasn't worked."
2008,the old - boy network and the cronyism,AppealtoEmotion,Loaded Language,She's a reformer through and through. And it's time we had that bresh of freth air (sic) -- breath of fresh air coming into our nation's capital and sweep out the old - boy network and the cronyism that's been so much a part of it that I've fought against for all these years. She'll be my partner.,the previous generation and the cronyism,Rephrasing,She's a reformer through and through. And it's time we had that bresh of freth air (sic) -- breath of fresh air coming into our nation's capital and sweep out the previous generation and the cronyism that's been so much a part of it that I've fought against for all these years. She'll be my partner.
2004,"And when I'm president, we're going to shut that loophole in a nanosecond and we're going to use that money to lower corporate tax rates in America for all corporations, 5 percent.",AppealtoEmotion,Loaded Language,"I don't want American workers subsidizing the loss of their own job. And when I'm president, we're going to shut that loophole in a nanosecond and we're going to use that money to lower corporate tax rates in America for all corporations, 5 percent. And we're going to have a manufacturing jobs credit and a job hiring credit so we actually help people be able to hire here.","And when I'm president, we're going to use that money to lower corporate tax rates in America for all corporations, 5 percent.",Removing additional reference,"I don't want American workers subsidizing the loss of their own job. And when I'm president, we're going to use that money to lower corporate tax rates in America for all corporations, 5 percent. And we're going to have a manufacturing jobs credit and a job hiring credit so we actually help people be able to hire here."
2004,"Now, my fellow Americans, that's an invitation to disaster.",AppealtoEmotion,Loaded Language,"You just heard the president say that young people ought to be able to take money out of Social Security and put it in their own accounts. Now, my fellow Americans, that's an invitation to disaster. The CBO said very clearly that if you were to adopt the president's plan, there would be a $2 trillion hole in Social Security, because today's workers pay in to the system for today's retirees.","Now, my fellow Americans, that's a bad idea.",Rephrasing,"You just heard the president say that young people ought to be able to take money out of Social Security and put it in their own accounts. Now, my fellow Americans, that's a bad idea. The CBO said very clearly that if you were to adopt the president's plan, there would be a $2 trillion hole in Social Security, because today's workers pay in to the system for today's retirees."
2016,"down. We are in a big, fat, ugly bubble.",AppealtoEmotion,Loaded Language,"… it is… Lester, how much? down. We are in a big, fat, ugly bubble. It got us into the mess we were in, in 2008 and 2009.",We are in a big bubble.,Removing additional information,"… it is… Lester, how much? We are in a big bubble. It got us into the mess we were in, in 2008 and 2009."
2004,"I don't know how you can govern in this country when you look at New York City and you see that 50 percent of the black males there are unemployed, when you see 40 percent of Hispanic children -- of black children in some cities -- dropping out of high school.",AppealtoEmotion,Flag waving,"We have a long distance yet to travel in terms of fairness in America. I don't know how you can govern in this country when you look at New York City and you see that 50 percent of the black males there are unemployed, when you see 40 percent of Hispanic children -- of black children in some cities -- dropping out of high school. And yet the president who talks about No Child Left Behind refused to fully fund -- by $28 billion -- that particular program so you can make a difference in the lives of those young people.",I don't know how you can govern in this country when you look at education and unemployment's problems in some cities.,Generalizing,We have a long distance yet to travel in terms of fairness in America. I don't know how you can govern in this country when you look at education and unemployment's problems in some cities. And yet the president who talks about No Child Left Behind refused to fully fund -- by $28 billion -- that particular program so you can make a difference in the lives of those young people.
2016,Obamacare is a disaster. You know it. We all know it.,AppealtoEmotion,Loaded Language,"It is such a great question and it’s maybe the question I get almost more than anything else, outside of defense. Obamacare is a disaster. You know it. We all know it. It’s going up at numbers that nobody’s ever seen worldwide.",Obamacare is not working properly.,Rephrasing,"It is such a great question and it’s maybe the question I get almost more than anything else, outside of defense. Obamacare is not working properly. It’s going up at numbers that nobody’s ever seen worldwide."
2004,white - collar criminals,AppealtoEmotion,Loaded Language,"Every action being taken against terrorists requires court order, requires scrutiny. As a matter of fact, the tools now given to the terrorist fighters are the same tools that we've been using against drug dealers and white - collar criminals. So I really don't think so.",office worker.,Rephrasing,"Every action being taken against terrorists requires court order, requires scrutiny. As a matter of fact, the tools now given to the terrorist fighters are the same tools that we've been using against drug dealers and office worker.. So I really don't think so."
2000,the ugly American,AppealtoEmotion,Loaded Language,"We can work with them on security matters, for example, but it's their call to make. So I'm not exactly sure where the vice president is coming from, but I think one way for us to end up being viewed as the ugly American is for us to go around the world saying, ""we do it this way, so should you."" Now, we trust freedom. We know freedom is a powerful, powerful, powerful force, much bigger than the United States of America, as we saw recently in the Balkans.",the bad country,Rephrasing,"We can work with them on security matters, for example, but it's their call to make. So I'm not exactly sure where the vice president is coming from, but I think one way for us to end up being viewed as the bad country is for us to go around the world saying, ""we do it this way, so should you."" Now, we trust freedom. We know freedom is a powerful, powerful, powerful force, much bigger than the United States of America, as we saw recently in the Balkans."
2000,"Some desperate child needs to have somebody put their arm around them and say, we love you.",AppealtoEmotion,Loaded Language,"So gun laws are important, no question about it, but so is loving children, and character education classes, and faith - based programs being a part of after - school programs. Some desperate child needs to have somebody put their arm around them and say, we love you. So there's a -- this is a society that -- of ours that's got to do a better job of teaching children right from wrong.","Some child needs to have somebody put their arm around them and say, we love you.",Removing adjective,"So gun laws are important, no question about it, but so is loving children, and character education classes, and faith - based programs being a part of after - school programs. Some child needs to have somebody put their arm around them and say, we love you. So there's a -- this is a society that -- of ours that's got to do a better job of teaching children right from wrong."
1996,"this massive, massive takeover by the Federal government",AppealtoEmotion,Loaded Language,"If you change your job, you're going to be covered. So there are a lot of good things in this bill we should have done instead of trying this massive, massive takeover by the Federal government. But then of course we had a Democratic Congress and they didn't want to do that.",this takeover by the Federal government,Removing adjective,"If you change your job, you're going to be covered. So there are a lot of good things in this bill we should have done instead of trying this takeover by the Federal government. But then of course we had a Democratic Congress and they didn't want to do that."
2016,the greatest disaster trade deal,AppealtoEmotion,Loaded Language,"And I’ll be a president that will turn our inner cities around and will give strength to people and will give economics to people and will bring jobs back. Because NAFTA, signed by her husband, is perhaps the greatest disaster trade deal in the history of the world. Not in this country.",the greatest debacle trade deal,Rephrasing,"And I’ll be a president that will turn our inner cities around and will give strength to people and will give economics to people and will bring jobs back. Because NAFTA, signed by her husband, is perhaps the greatest debacle trade deal in the history of the world. Not in this country."
1960,dangerous,AppealtoEmotion,Loaded Language,"The Chinese Communists have always had a large population. But they are important and dangerous now because they are mounting a major effort within their own country. The kind of country we have here, the kind of society we have, the kind of strength we build in the United States will be the defense of freedom.",exposed,Rephrasing,"The Chinese Communists have always had a large population. But they are important and exposed now because they are mounting a major effort within their own country. The kind of country we have here, the kind of society we have, the kind of strength we build in the United States will be the defense of freedom."
1960,a phony interest rate,AppealtoEmotion,Loaded Language,"We're going to go right back to what we had under Mr. Truman when he had political control of the Federal Reserve Board. I don't believe we ought to pay our bills through inflation, through a phony interest rate.",an assumed interest rate,Rephrasing,"We're going to go right back to what we had under Mr. Truman when he had political control of the Federal Reserve Board. I don't believe we ought to pay our bills through inflation, through an assumed interest rate."
2008,a very healthy discussion,AppealtoEmotion,Loaded Language,"And it's great to be with you again. I think we've had a very healthy discussion. My friends, as I said in my opening remarks, these are very difficult times and challenges for America.",a sound discussion,Rephrasing,"And it's great to be with you again. I think we've had a sound discussion. My friends, as I said in my opening remarks, these are very difficult times and challenges for America."
1960,That's absurd.,AppealtoEmotion,Loaded Language,"I do not suggest in any way, nor have I ever, that that indicates that Mr. Nixon has the slightest sympathy, involvement, or in any way imply any inferences in regard to the Ku Klux Klan. That's absurd. I don't suggest that, I don't support it.",,Removing additional information,"I do not suggest in any way, nor have I ever, that that indicates that Mr. Nixon has the slightest sympathy, involvement, or in any way imply any inferences in regard to the Ku Klux Klan.  I don't suggest that, I don't support it."
2004,a brutal practice,AppealtoEmotion,Loaded Language,I signed the partial - birth -- the ban on partial - birth abortion. It's a brutal practice. It's one way to help reduce abortions.,an insensitive practice,Rephrasing,I signed the partial - birth -- the ban on partial - birth abortion. It's an insensitive practice. It's one way to help reduce abortions.
2004,I've never seen such ideological squabbles in the Congress of the United States. I've never seen members of a party locked out of meetings the way they're locked out today.,AppealtoEmotion,Loaded Language,"I regret to say that the president who called himself a uniter, not a divider, is now presiding over the most divided America in the recent memory of our country. I've never seen such ideological squabbles in the Congress of the United States. I've never seen members of a party locked out of meetings the way they're locked out today. We have to change that.",I've never seen such ideological disagreement in the Congress of the United States. I've never seen members of a party locked out of meetings the way they're locked out today.,Rephrasing,"I regret to say that the president who called himself a uniter, not a divider, is now presiding over the most divided America in the recent memory of our country. I've never seen such ideological disagreement in the Congress of the United States. I've never seen members of a party locked out of meetings the way they're locked out today. We have to change that."
2004,"But the most important thing to relieve the pressure on all of the armed forces is frankly to run a foreign policy that recognizes that America is strongest when we are working with real alliances, when we are sharing the burdens of the world by working through our statesmanship at the highest levels and our diplomacy to bring other nations to our side.",AppealtoEmotion,Flag waving,"And that would relieve an enormous amount of pressure. But the most important thing to relieve the pressure on all of the armed forces is frankly to run a foreign policy that recognizes that America is strongest when we are working with real alliances, when we are sharing the burdens of the world by working through our statesmanship at the highest levels and our diplomacy to bring other nations to our side. I've said it before, I say it again: I believe the president broke faith with the American people in the way that he took this nation to war.",But the most important thing to relieve the pressure on all of the armed forces is frankly to run a foreign policy.,Removing additional reference,"And that would relieve an enormous amount of pressure. But the most important thing to relieve the pressure on all of the armed forces is frankly to run a foreign policy. I've said it before, I say it again: I believe the president broke faith with the American people in the way that he took this nation to war."
2008,"The D. C. school system is in terrible shape, and it has been for a very long time.",AppealtoEmotion,Loaded Language,"I'll just make a quick comment about vouchers in D. C.Senator McCain's absolutely right: The D. C. school system is in terrible shape, and it has been for a very long time. And we've got a wonderful new superintendent there who's working very hard with the young mayor there to try... Who supports vouchers.","The D. C. school system is unacceptable, and it has been for a very long time.",Rephrasing,"I'll just make a quick comment about vouchers in D. C.Senator McCain's absolutely right: The D. C. school system is unacceptable, and it has been for a very long time. And we've got a wonderful new superintendent there who's working very hard with the young mayor there to try... Who supports vouchers."
1988,"So, there can be no concessions under any circumstances, because if we do it's an open invitation to others to do the same.",AppealtoEmotion,Loaded Language,"And, yet, after sitting through meeting after meeting, he endorsed that decision, endorsed the sale of arms to the Ayatollah in exchange for hostages, one of the most tragic, one of the most mistaken foreign policy decisions we've ever made in this country and I dare say encouraged others to take hostages as we now know. So, there can be no concessions under any circumstances, because if we do it's an open invitation to others to do the same. We've got to be tough on international terrorism.","So, there can be no concessions under any circumstances.",Removing additional information,"And, yet, after sitting through meeting after meeting, he endorsed that decision, endorsed the sale of arms to the Ayatollah in exchange for hostages, one of the most tragic, one of the most mistaken foreign policy decisions we've ever made in this country and I dare say encouraged others to take hostages as we now know. So, there can be no concessions under any circumstances. We've got to be tough on international terrorism."
2016,just awfully good,AppealtoEmotion,Loaded Language,"We have literally Trump—you can fact check him in real time. Last time at the first debate, we had millions of people fact checking, so I expect we’ll have millions more fact checking, because, you know, it is—it’s just awfully good that someone with the temperament of Donald Trump is not in charge of the law in our country. Because you’d be in jail.",good,Removing adjective,"We have literally Trump—you can fact check him in real time. Last time at the first debate, we had millions of people fact checking, so I expect we’ll have millions more fact checking, because, you know, it is—it’s good that someone with the temperament of Donald Trump is not in charge of the law in our country. Because you’d be in jail."
1980,"But when a man who hopes to be President says, take this treaty, discard it, do not vote, do not debate, do not explore the issues, do not finally capitalize on this long negotiation - that is a very dangerous and disturbing thing.",AppealtoEmotion,Loaded Language,"You've got 99 other senators to correct that mistake, if it is a mistake. But when a man who hopes to be President says, take this treaty, discard it, do not vote, do not debate, do not explore the issues, do not finally capitalize on this long negotiation - that is a very dangerous and disturbing thing. Yes.","But when a man who hopes to be President says, take this treaty, discard it, do not vote, do not debate, do not explore the issues, do not finally capitalize on this long negotiation. ",Removing adjective,"You've got 99 other senators to correct that mistake, if it is a mistake. But when a man who hopes to be President says, take this treaty, discard it, do not vote, do not debate, do not explore the issues, do not finally capitalize on this long negotiation.  Yes."
1980,a distortion of the situation,AppealtoEmotion,Loaded Language,"Yes. The figures that the President has just used about California is a distortion of the situation there, because while I was Governor of California, our spending in California increased less per capita than the spending in Georgia while Mr. Carter was Governor of Georgia in the same four years. The size of government increased only one - sixth in California of what it increased in proportion to the population in Georgia.",a misleading situation,Rephrasing,"Yes. The figures that the President has just used about California is a misleading situation there, because while I was Governor of California, our spending in California increased less per capita than the spending in Georgia while Mr. Carter was Governor of Georgia in the same four years. The size of government increased only one - sixth in California of what it increased in proportion to the population in Georgia."
1996,"Our military is the strongest military in the world. It is the strongest, best prepared, best equipped it has ever been.",AppealtoEmotion,Flag waving,"We provide the leadership and we're going to have to continue to provide the leadership, but let's do it on our terms when our interests are involved and not when somebody blows the whistle at the United Nations. Our military is the strongest military in the world. It is the strongest, best prepared, best equipped it has ever been. There is very little difference in the budget that I proposed and the Republican budget over the next six - year period.",,Removing additional reference,"We provide the leadership and we're going to have to continue to provide the leadership, but let's do it on our terms when our interests are involved and not when somebody blows the whistle at the United Nations.  There is very little difference in the budget that I proposed and the Republican budget over the next six - year period."
2000,more crude available,AppealtoEmotion,Loaded Language,They're operating at 96% or 97% capacity. Even with more crude available they're probably not going to be able to do very much by way of producing additional home heating oil for this winter. We have a growing problem with our growing dependence on foreign sources of energy.,more oil available,Rephrasing,They're operating at 96% or 97% capacity. Even with more oil available they're probably not going to be able to do very much by way of producing additional home heating oil for this winter. We have a growing problem with our growing dependence on foreign sources of energy.
2016,It was a disaster.,AppealtoEmotion,Loaded Language,"I’m sure you probably have heard that. It was a disaster. Because the fact is, almost everything she’s done in foreign policy has been a mistake and it’s been a disaster.",,Removing additional information,"I’m sure you probably have heard that.  Because the fact is, almost everything she’s done in foreign policy has been a mistake and it’s been a disaster."
2008,pay into a kitty,AppealtoEmotion,Loaded Language,"Zero, because as I said in our last debate and I'll repeat, John, I exempt small businesses from the requirement for large businesses that can afford to provide health care to their employees, but are not doing it. I exempt small businesses from having to pay into a kitty. But large businesses that can afford it, we've got a choice.",pay a fund,Rephrasing,"Zero, because as I said in our last debate and I'll repeat, John, I exempt small businesses from the requirement for large businesses that can afford to provide health care to their employees, but are not doing it. I exempt small businesses from having to pay a fund. But large businesses that can afford it, we've got a choice."
2000,"In the last several years, the so - called Freedom To Farm Law has, in my view, been mostly a failure.",AppealtoEmotion,Loaded Language,"The prices are low. In the last several years, the so - called Freedom To Farm Law has, in my view, been mostly a failure. I want to change many of its provisions.","In the last several years, the so - called Freedom To Farm Law has been bad.",Rephrasing,"The prices are low. In the last several years, the so - called Freedom To Farm Law has been bad. I want to change many of its provisions."
1996,"So I rolled the dice, I put my career on the line because I really believe the future of America is on the line.",AppealtoEmotion,Loaded Language,"I wasn't just getting more power and more power. So I rolled the dice, I put my career on the line because I really believe the future of America is on the line. We can give you all these numbers, they don't mean a thing.",,Removing additional information,"I wasn't just getting more power and more power.  We can give you all these numbers, they don't mean a thing."
1984,villain,AppealtoEmotion,Loaded Language,"I'll tell you what I think has been the most outrageous thing in political dialog, both in this campaign and the one in '82. And that is the continued discussion and claim that somehow I am the villain who is going to pull the Social Security checks out from those people who are dependent on them. And why I think it is outrageous -- first of all, it isn't true.",offender,Rephrasing,"I'll tell you what I think has been the most outrageous thing in political dialog, both in this campaign and the one in '82. And that is the continued discussion and claim that somehow I am the offender who is going to pull the Social Security checks out from those people who are dependent on them. And why I think it is outrageous -- first of all, it isn't true."
2016,"But it's a bad, bad experience.",AppealtoEmotion,Loaded Language,"We have made so many bad deals during the last—so she's got experience, that I agree.  But it's a bad, bad experience. Whether it's the Iran deal that you're so in love with, where we gave them $150 billion back, whether it's the Iran deal, whether it's anything you can—name—you almost can't name a good deal.",But it's not a good experience.,Rephrasing,"We have made so many bad deals during the last—so she's got experience, that I agree. But it's not a good experience.. Whether it's the Iran deal that you're so in love with, where we gave them $150 billion back, whether it's the Iran deal, whether it's anything you can—name—you almost can't name a good deal."
1996,"I believe the United States is at peace tonight in part because of the disciplined, careful, effective deployment of our military resources.",AppealtoEmotion,Flag waving,"When we've worked hard to end the Northern Korean nuclear threat. I believe the United States is at peace tonight in part because of the disciplined, careful, effective deployment of our military resources. Well I failed to mention North Korea and Cuba, a while ago.",Military resources has done their duty.,Generalizing + removing additional reference,"When we've worked hard to end the Northern Korean nuclear threat. Military resources has done their duty. Well I failed to mention North Korea and Cuba, a while ago."
1992,"And so I favor, strongly favor, term limits.",AppealtoEmotion,Loaded Language,"And I think you get a certain arrogance, bureaucratic arrogance, if people stay there too long. And so I favor, strongly favor, term limits. And how to get them passed?",I side with term limits.,Rephrasing,"And I think you get a certain arrogance, bureaucratic arrogance, if people stay there too long. I side with term limits. And how to get them passed?"
1996,They're working harder and higher and harder paying more taxes.,AppealtoEmotion,Flag waving,"But are the American people? They're working harder and higher and harder paying more taxes. For the first time in history, you pay about 40 percent of what you earn.",Taxes are very high.,Generalizing,"But are the American people? Taxes are very high. For the first time in history, you pay about 40 percent of what you earn."
1980,with all my heart,AppealtoEmotion,Loaded Language,"I do know what he has said about mine. And I'm only here to tell you that I believe with all my heart that our first priority must be world peace, and that use of force is always and only a last resort, when everything else has failed, and then only with regard to our national security. Now, I believe, also, that this meeting this mission, this responsibility for preserving the peace, which I believe is a responsibility peculiar to our country, and that we cannot shirk our responsibility as a leader of the free world because we're the only ones that can do it.",,Removing additional information,"I do know what he has said about mine. And I'm only here to tell you that I believe  that our first priority must be world peace, and that use of force is always and only a last resort, when everything else has failed, and then only with regard to our national security. Now, I believe, also, that this meeting this mission, this responsibility for preserving the peace, which I believe is a responsibility peculiar to our country, and that we cannot shirk our responsibility as a leader of the free world because we're the only ones that can do it."
2004,"So we use diplomacy every chance we get, believe me.",AppealtoEmotion,Loaded Language,"There's just no doubt in my mind we would rue the day, had Saddam Hussein been in power. So we use diplomacy every chance we get, believe me. And I would hope to never have to use force.",Diplomacy is the best option.,Rephrasing,"There's just no doubt in my mind we would rue the day, had Saddam Hussein been in power. Diplomacy is the best option. And I would hope to never have to use force."
2000,crumbling classrooms,AppealtoEmotion,Loaded Language,"To recruit 100,000 new teachers to reduce the size of classrooms. To help local school districts build new buildings so our children are not learning in crumbling classrooms. And we're not just going to stop at high school.",bad classrooms,Rephrasing,"To recruit 100,000 new teachers to reduce the size of classrooms. To help local school districts build new buildings so our children are not learning in bad classrooms. And we're not just going to stop at high school."
2008,this cockamamie idea,AppealtoEmotion,Loaded Language,"He voted against it and, obviously, we had to take Saddam Hussein out of Kuwait or it would've threatened the Middle Eastern world supply. In Iraq, he had this cockamamie idea about dividing Iraq into three countries. We're seeing Iraq united as Iraqis, tough, hard, but we're seeing them.",this silly idea,Rephrasing,"He voted against it and, obviously, we had to take Saddam Hussein out of Kuwait or it would've threatened the Middle Eastern world supply. In Iraq, he had this silly idea about dividing Iraq into three countries. We're seeing Iraq united as Iraqis, tough, hard, but we're seeing them."
1976,a heroic and brave and very outstanding leader of the military,AppealtoEmotion,Loaded Language,"I don't think that's a proper way to describe aayuh- chairman of the Joint Chiefs of Staff who has fought for his country for thirty - five years, and I'm sure the governor would agree with me on that. Uh - I think Senator Dole would show more good judgment and discretion than to so describe uh - a heroic and brave and very outstanding leader of the military. So I think our selection uh - of Bob Dole as vice president uh - is based on merit.",a good leader of the military,Rephrasing,"I don't think that's a proper way to describe aayuh- chairman of the Joint Chiefs of Staff who has fought for his country for thirty - five years, and I'm sure the governor would agree with me on that. Uh - I think Senator Dole would show more good judgment and discretion than to so describe uh - a good leader of the military. So I think our selection uh - of Bob Dole as vice president uh - is based on merit."
1976,mess,AppealtoEmotion,Loaded Language,"Uh - we'll have uh - a safety version built in with complete reorganization of the executive branch of government which I am pledged to do. The present bureaucratic structure of the - of the Federal Government is a mess. And if I'm elected president that's gonna be a top priority of mine to completely revise the structure of the federal government, to make it economical, efficient, purposeful and manageable for a change.",flop,Rephrasing,"Uh - we'll have uh - a safety version built in with complete reorganization of the executive branch of government which I am pledged to do. The present bureaucratic structure of the - of the Federal Government is a flop. And if I'm elected president that's gonna be a top priority of mine to completely revise the structure of the federal government, to make it economical, efficient, purposeful and manageable for a change."
1992,"I don't think there are any villains, but, boy, is the system rotten.",AppealtoEmotion,Loaded Language,"They're all nice people, they're just in a bad system. I don't think there are any villains, but, boy, is the system rotten.",I think the system is corrupted.,Generalizing,"They're all nice people, they're just in a bad system. I think the system is corrupted."
1960,distortion of the facts,AppealtoEmotion,Loaded Language,"But certainly we're not going to have peace by giving in and indicating in advance that we are not going to defend what has become a symbol of freedom. I don't think it's possible for Mr. Nixon to state the record in distortion of the facts with more precision than he just did. In 1955, Mr. Dulles at a press conference said: ""The treaty that we have with the Republic of China excludes Quemoy and Matsu from the treaty area.""",misinterpretation of the facts,Rephrasing,"But certainly we're not going to have peace by giving in and indicating in advance that we are not going to defend what has become a symbol of freedom. I don't think it's possible for Mr. Nixon to state the record in misinterpretation of the facts with more precision than he just did. In 1955, Mr. Dulles at a press conference said: ""The treaty that we have with the Republic of China excludes Quemoy and Matsu from the treaty area."""
2016,the hateful and divisive campaign,AppealtoEmotion,Loaded Language,"Well, within hours I said that I was sorry about the way I talked about that, because my argument is not with his supporters. It’s with him and with the hateful and divisive campaign that he has run, and the inciting of violence at his rallies, and the very brutal kinds of comments about not just women, but all Americans, all kinds of Americans. And what he has said about African - Americans and Latinos, about Muslims, about POWs, about immigrants, about people with disabilities, he’s never apologized for.",the offensive and divisive campaign,Rephrasing,"Well, within hours I said that I was sorry about the way I talked about that, because my argument is not with his supporters. It’s with him and with the offensive and divisive campaign that he has run, and the inciting of violence at his rallies, and the very brutal kinds of comments about not just women, but all Americans, all kinds of Americans. And what he has said about African - Americans and Latinos, about Muslims, about POWs, about immigrants, about people with disabilities, he’s never apologized for."
2000,"But I will promise you this with all the confidence in my heart and in the world, that I will do my best if I'm elected president, I'll work my heart out to get the big things right for the American people.",AppealtoEmotion,Flag waving,"I can promise you that I will try not to, and hard. But I will promise you this with all the confidence in my heart and in the world, that I will do my best if I'm elected president, I'll work my heart out to get the big things right for the American people. That's going to be up to the people, isn't it?","But I will promise you this with all the confidence in my heart and in the world, that I will do my best if I'm elected president, I'll work my heart out to get the big things right.",Removing additional reference,"I can promise you that I will try not to, and hard. But I will promise you this with all the confidence in my heart and in the world, that I will do my best if I'm elected president, I'll work my heart out to get the big things right. That's going to be up to the people, isn't it?"
2000,"See, I think the mission has somewhat become fuzzy.",AppealtoEmotion,Loaded Language,"I'm concerned that we're overdeployed around the world. See, I think the mission has somewhat become fuzzy. Should I be fortunate enough to earn your confidence, the mission of the United States military will be to be prepared and ready to fight and win war.","See, I think the mission has somewhat become vague.",Rephrasing,"I'm concerned that we're overdeployed around the world. See, I think the mission has somewhat become vague. Should I be fortunate enough to earn your confidence, the mission of the United States military will be to be prepared and ready to fight and win war."
2000,to fish in troubled waters,AppealtoEmotion,Loaded Language,"By virtue of the end of the Cold War, the Soviets were no longer a factor. They used to fish in troubled waters whenever they had the opportunity in the Middle East. With the end of the Soviet Union, the implosion of the empire, that created a vacuum if you will, and made it easier for us to operate there.",to take advantage,Rephrasing,"By virtue of the end of the Cold War, the Soviets were no longer a factor. They used to take advantage whenever they had the opportunity in the Middle East. With the end of the Soviet Union, the implosion of the empire, that created a vacuum if you will, and made it easier for us to operate there."
1984,swamping,AppealtoEmotion,Loaded Language,"One final point if I might. There's another part of the lopsided economy that we're in today, and that is that these heavy deficits have killed exports and are swamping the Nation with cheap imports. We are now $120 billion of imports, 3 million jobs lost, and farmers are having their worst year.",saturing,Rephrasing,"One final point if I might. There's another part of the lopsided economy that we're in today, and that is that these heavy deficits have killed exports and are saturing the Nation with cheap imports. We are now $120 billion of imports, 3 million jobs lost, and farmers are having their worst year."
1984,killed,AppealtoEmotion,Loaded Language,"One final point if I might. There's another part of the lopsided economy that we're in today, and that is that these heavy deficits have killed exports and are swamping the Nation with cheap imports. We are now $120 billion of imports, 3 million jobs lost, and farmers are having their worst year.",reduced,Rephrasing,"One final point if I might. There's another part of the lopsided economy that we're in today, and that is that these heavy deficits have reduced exports and are swamping the Nation with cheap imports. We are now $120 billion of imports, 3 million jobs lost, and farmers are having their worst year."
1960,any hope for success,AppealtoEmotion,Loaded Language,"I thought the. U-2 flight in May just before the conference was a mistake in timing because of the hazards involved, if the summit conference had any hope for success. I never criticized the U-2 flights in general, however.",,Rephrasing,"I thought the. U-2 flight in May just before the conference was a mistake in timing because of the hazards involved, if the summit conference had . I never criticized the U-2 flights in general, however."
2016,Because she has been a disaster as a senator. A disaster.,AppealtoEmotion,Loaded Language,"I mean, I think we should be allowed to maybe… Excuse me. Because she has been a disaster as a senator. A disaster.",Because  the work has not been done in a good way as a senator.,Rephrasing,"I mean, I think we should be allowed to maybe… Excuse me. Because  the work has not been done in a good way as a senator."
2016,a tremendous impact,AppealtoEmotion,Loaded Language,And it was terminated by current mayor. But stop - and - frisk had a tremendous impact on the safety of New York City. Tremendous beyond belief.,a big impact,Rephrasing,And it was terminated by current mayor. But stop - and - frisk had a big impact on the safety of New York City. Tremendous beyond belief.
1976,a ridiculous thing,AppealtoEmotion,Loaded Language,"I have never advocated a Communist government for Italy. That would obviously be a ridiculous thing for anyone to do who wanted to be president of this country. I think that this is uh - an instance of uh - deliberate distortion, and this has occurred also in the question about defense.",an indesirable thing,Rephrasing,"I have never advocated a Communist government for Italy. That would obviously be an indesirable thing for anyone to do who wanted to be president of this country. I think that this is uh - an instance of uh - deliberate distortion, and this has occurred also in the question about defense."
1984,the most deadly issue of our times,AppealtoEmotion,Loaded Language,"When Mr. Nitze, a good negotiator, returned, he was rebuked, and his boss was fired. This is the kind of leadership that we've had in this administration on the most deadly issue of our times. Now we have a runaway arms race.",the worst times of the nation.,Rephrasing,"When Mr. Nitze, a good negotiator, returned, he was rebuked, and his boss was fired. This is the kind of leadership that we've had in this administration on the worst times of the nation.. Now we have a runaway arms race."
2004,My biggest disappointment in Washington is how partisan the town is.,AppealtoEmotion,Loaded Language,"And one of the ways we're going to do it is, I'm going to work with my friend, John McCain, to further campaign finance reform so we get these incredible amounts of money out of the system and open it up to average people, so America is really represented by the people who make up America. My biggest disappointment in Washington is how partisan the town is. I had a record of working with Republicans and Democrats as the governor of Texas, and I was hopeful I'd be able to do the same thing.",Washington looked very partisan.,Rephrasing,"And one of the ways we're going to do it is, I'm going to work with my friend, John McCain, to further campaign finance reform so we get these incredible amounts of money out of the system and open it up to average people, so America is really represented by the people who make up America. Washington looked very partisan. I had a record of working with Republicans and Democrats as the governor of Texas, and I was hopeful I'd be able to do the same thing."
2000,"The use of diplomacy in this situation has already, well, it goes hour - by - hour and day - by - day now. It's a very tense situation there.",AppealtoEmotion,Loaded Language,"I think that we also have to keep a weather eye toward Saddam Hussein because he is taking advantage of this situation to once again make threats, and he needs to understand that he's not only dealing with Israel, he is dealing -- he's dealing with us if he is making the kind of threats that he's talking about there. The use of diplomacy in this situation has already, well, it goes hour - by - hour and day - by - day now. It's a very tense situation there. But in the last 24 hours there has been some subsiding of the violence there.",,Removing additional information,"I think that we also have to keep a weather eye toward Saddam Hussein because he is taking advantage of this situation to once again make threats, and he needs to understand that he's not only dealing with Israel, he is dealing -- he's dealing with us if he is making the kind of threats that he's talking about there.  But in the last 24 hours there has been some subsiding of the violence there."
1996,"I've worked on the food stamp program, proudly.",AppealtoEmotion,Flag waving,"I've reached out to people all my life. I've worked on the food stamp program, proudly. And the WIC program, and the school lunch program with senators like George McGovern, Hubert Humphrey and others, to name a few of my Democratic friends.",One topic was the food stamp program.,Rephrasing,"I've reached out to people all my life. One topic was the food stamp program. And the WIC program, and the school lunch program with senators like George McGovern, Hubert Humphrey and others, to name a few of my Democratic friends."
1980,the deleterious comments,AppealtoEmotion,Loaded Language,"I think this debate on Social Security, Medicare, national health insurance typifies, as vividly any other subject tonight, the basic historical differences between the Democratic Party and Republican Party. The allusions to basic changes in the minimum wage is another, and the deleterious comments that Governor Reagan has made about unemployment compensation. These commitments that the Democratic Party has historically made to the working families of this nation have been extremely important to the growth in their stature and in a better quality of life for them.",the bad comments,Rephrasing,"I think this debate on Social Security, Medicare, national health insurance typifies, as vividly any other subject tonight, the basic historical differences between the Democratic Party and Republican Party. The allusions to basic changes in the minimum wage is another, and the bad comments that Governor Reagan has made about unemployment compensation. These commitments that the Democratic Party has historically made to the working families of this nation have been extremely important to the growth in their stature and in a better quality of life for them."
1980,always and only a last resort,AppealtoEmotion,Loaded Language,"I do know what he has said about mine. And I'm only here to tell you that I believe with all my heart that our first priority must be world peace, and that use of force is always and only a last resort, when everything else has failed, and then only with regard to our national security. Now, I believe, also, that this meeting this mission, this responsibility for preserving the peace, which I believe is a responsibility peculiar to our country, and that we cannot shirk our responsibility as a leader of the free world because we're the only ones that can do it.",the last chance,Rephrasing,"I do know what he has said about mine. And I'm only here to tell you that I believe with all my heart that our first priority must be world peace, and that use of force is the last chance, when everything else has failed, and then only with regard to our national security. Now, I believe, also, that this meeting this mission, this responsibility for preserving the peace, which I believe is a responsibility peculiar to our country, and that we cannot shirk our responsibility as a leader of the free world because we're the only ones that can do it."
2004,"That's not wishy - washy, and that's what I'm fighting for, you.",AppealtoEmotion,Loaded Language,"I think that's wrong. That's not wishy - washy, and that's what I'm fighting for, you. Charlie, thank you, and thank our panelists.","That's not a vague thing, and that's what I'm fighting for, you.",Rephrasing,"I think that's wrong. That's not a vague thing, and that's what I'm fighting for, you. Charlie, thank you, and thank our panelists."
1980,It would be very disturbing to American people.,AppealtoEmotion,Flag waving,"This would mean the resumption of a very dangerous nuclear arms race. It would be very disturbing to American people. It would change the basic tone and commitment that our nation has experienced ever since the Second World War, with al Presidents, Democratic and Republican.",,Removing additional reference,"This would mean the resumption of a very dangerous nuclear arms race.  It would change the basic tone and commitment that our nation has experienced ever since the Second World War, with al Presidents, Democratic and Republican."
1976,a disgrace,AppealtoEmotion,Loaded Language,But we ought to stand staunch. And I think it's a disgrace that so far Mr. Ford's administration has blocked the passage of legislation that would've revealed by law every instance of the boycott and it would've prevented the boycott from continuing. Again Governor Carter is inaccurate.,a shame,Rephrasing,But we ought to stand staunch. And I think it's a shame that so far Mr. Ford's administration has blocked the passage of legislation that would've revealed by law every instance of the boycott and it would've prevented the boycott from continuing. Again Governor Carter is inaccurate.
1980,The most important crucial difference,AppealtoEmotion,Loaded Language,"This is a contest between a Democrat in the mainstream of my party, as exemplified by the actions that I have taken in the Oval Office the last four years, as contrasted with Governor Reagan, who in most cases does typify his party, but in some cases, there is a radical departure by him from the heritage of Eisenhower and others. The most important crucial difference in this election campaign, in my judgment, is the approach to the control of nuclear weaponry and the inclination to control or not to control the spread of atomic weapons to other nations who don't presently have it, particularly terrorist nations. The inclination that Governor Reagan has exemplified in many troubled times since he has been running for President - I think since 1968 - to inject American military forces in places like North Korea, to put a blockade around Cuba this year, or in some instances, to project American forces into a fishing dispute against the small nation of Ecuador on the west coast of South America.",The main difference,Rephrasing,"This is a contest between a Democrat in the mainstream of my party, as exemplified by the actions that I have taken in the Oval Office the last four years, as contrasted with Governor Reagan, who in most cases does typify his party, but in some cases, there is a radical departure by him from the heritage of Eisenhower and others. The main difference in this election campaign, in my judgment, is the approach to the control of nuclear weaponry and the inclination to control or not to control the spread of atomic weapons to other nations who don't presently have it, particularly terrorist nations. The inclination that Governor Reagan has exemplified in many troubled times since he has been running for President - I think since 1968 - to inject American military forces in places like North Korea, to put a blockade around Cuba this year, or in some instances, to project American forces into a fishing dispute against the small nation of Ecuador on the west coast of South America."
1960,a splendid example,AppealtoEmotion,Loaded Language,"It means seeing that our economy moves forward even faster than it has. It means making more progress in civil rights than we have so that we can be a splendid example for all the world to see - a democracy in action at its best. Now, looking at the other parts of the world - South America - talking about our record and the previous one.",a good example,Rephrasing,"It means seeing that our economy moves forward even faster than it has. It means making more progress in civil rights than we have so that we can be a good example for all the world to see - a democracy in action at its best. Now, looking at the other parts of the world - South America - talking about our record and the previous one."
1988,"We've had enough of that, ladies and gentlemen.",AppealtoEmotion,Loaded Language,"Why that's more than the average teacher makes. We've had enough of that, ladies and gentlemen. We've run up more debt in the last eight years than under all the presidents from George Washington to Jimmy Carter combined.","I'm tired of this, ladies and gentlemen.",Rephrasing,"Why that's more than the average teacher makes. I'm tired of this, ladies and gentlemen. We've run up more debt in the last eight years than under all the presidents from George Washington to Jimmy Carter combined."
2008,"the most dedicated, patriotic men and women that are in this nation and they're great citizens",AppealtoEmotion,Flag waving,"And I've -- and we've always said that that's not appropriate. But to somehow say that group of young women who said ""Military wives for McCain"" are somehow saying anything derogatory about you, but anything -- and those veterans that wear those hats that say ""World War II, Vietnam, Korea, Iraq,"" I'm not going to stand for people saying that the people that come to my rallies are anything but the most dedicated, patriotic men and women that are in this nation and they're great citizens. And I'm not going to stand for somebody saying that because someone yelled something at a rally -- there's a lot of things that have been yelled at your rallies, Senator Obama, that I'm not happy about either.",dedicated and patriotic people.,Removing additional reference,"And I've -- and we've always said that that's not appropriate. But to somehow say that group of young women who said ""Military wives for McCain"" are somehow saying anything derogatory about you, but anything -- and those veterans that wear those hats that say ""World War II, Vietnam, Korea, Iraq,"" I'm not going to stand for people saying that the people that come to my rallies are anything but dedicated and patriotic people.. And I'm not going to stand for somebody saying that because someone yelled something at a rally -- there's a lot of things that have been yelled at your rallies, Senator Obama, that I'm not happy about either."
1960,foolish,AppealtoEmotion,Loaded Language,"General Twining, in January, fifty - nine, described the position of the United States. The position of the United States has been that this build - up, in the words of the president, has been foolish. Mr. Herter has said these islands are indefensible.",irrational,Rephrasing,"General Twining, in January, fifty - nine, described the position of the United States. The position of the United States has been that this build - up, in the words of the president, has been irrational. Mr. Herter has said these islands are indefensible."
1960,this great venture,AppealtoEmotion,Loaded Language,"This one must be stepped up. Beyond that, as far as the gold supply is concerned, and as far as the movement of gold is concerned, uh - we have to bear in mind that we must get more help from our allies abroad in this great venture in which all free men are involved of winning the battle for freedom. Now America has been carrying a tremendous load in this respect.",this operation,Rephrasing,"This one must be stepped up. Beyond that, as far as the gold supply is concerned, and as far as the movement of gold is concerned, uh - we have to bear in mind that we must get more help from our allies abroad in this operation in which all free men are involved of winning the battle for freedom. Now America has been carrying a tremendous load in this respect."
1976,disgrace,AppealtoEmotion,Loaded Language,Mr. Nixon resigned. That is disgrace. The first President out of thirty - eight that ever resigned from public office under pressure.,bad,Rephrasing,Mr. Nixon resigned. That is bad. The first President out of thirty - eight that ever resigned from public office under pressure.
2008,most repressive and brutal regime probably on Earth,AppealtoEmotion,Loaded Language,"As far as North Korea is concerned, our secretary of state, Madeleine Albright, went to North Korea. By the way, North Korea, most repressive and brutal regime probably on Earth. The average South Korean is three inches taller than the average North Korean, a huge gulag.",has a tough regime.,Rephrasing,"As far as North Korea is concerned, our secretary of state, Madeleine Albright, went to North Korea. By the way, North Korea, has a tough regime.. The average South Korean is three inches taller than the average North Korean, a huge gulag."
1960,the worst slums,AppealtoEmotion,Loaded Language,"Third, I would say this with regard to this report, with regard to Gallup Polls of prestige abroad and everything else that we've been hearing about ""what about American prestige abroad"": America's prestige abroad will be just as high as the spokesmen for America allow it to be. Now, when we have a presidential candidate, for example - Senator Kennedy - stating over and over again that the United States is second in space and the fact of the matter is that the space score today is twenty - eight to eight - we've had twenty - eight successful shots, they've had eight; when he states that we're second in education, and I have seen Soviet education and I've seen ours, and we're not; that we're second in science because they may be ahead in one area or another, when overall we're way ahead of the Soviet Union and all other countries in science; when he says as he did in January of this year that we have the worst slums, that we have the most crowded schools; when he says that seventeen million people go to bed hungry every night; when he makes statements like this, what does this do to American prestige? Well, it can only have the effect certainly of reducing it.",a bad situation in the downtown,Rephrasing,"Third, I would say this with regard to this report, with regard to Gallup Polls of prestige abroad and everything else that we've been hearing about ""what about American prestige abroad"": America's prestige abroad will be just as high as the spokesmen for America allow it to be. Now, when we have a presidential candidate, for example - Senator Kennedy - stating over and over again that the United States is second in space and the fact of the matter is that the space score today is twenty - eight to eight - we've had twenty - eight successful shots, they've had eight; when he states that we're second in education, and I have seen Soviet education and I've seen ours, and we're not; that we're second in science because they may be ahead in one area or another, when overall we're way ahead of the Soviet Union and all other countries in science; when he says as he did in January of this year that we have a bad situation in the downtown, that we have the most crowded schools; when he says that seventeen million people go to bed hungry every night; when he makes statements like this, what does this do to American prestige? Well, it can only have the effect certainly of reducing it."
2016,ripped off,AppealtoEmotion,Loaded Language,"But that's the kind of thinking that our country needs. When we have a country that's doing so badly, that's being ripped off by every single country in the world, it's the kind of thinking that our country needs, because everybody—Lester, we have a trade deficit with all of the countries that we do business with, of almost $800 billion a year. You know what that is?",fleeced,Rephrasing,"But that's the kind of thinking that our country needs. When we have a country that's doing so badly, that's being fleeced by every single country in the world, it's the kind of thinking that our country needs, because everybody—Lester, we have a trade deficit with all of the countries that we do business with, of almost $800 billion a year. You know what that is?"
1960,it was disastrous,AppealtoEmotion,Loaded Language,"He also expressed the hope that there should be some understanding of the general situation in Berlin. The Soviet Union refused to agree to that, and we went to the summit and it was disastrous. I believe we should not go to the summit until there is some reason to believe that a meeting of minds can be obtained on either Berlin, outer space, or general disarmament - including nuclear testing.",it was unfortunate,Rephrasing,"He also expressed the hope that there should be some understanding of the general situation in Berlin. The Soviet Union refused to agree to that, and we went to the summit and it was unfortunate. I believe we should not go to the summit until there is some reason to believe that a meeting of minds can be obtained on either Berlin, outer space, or general disarmament - including nuclear testing."
1976,a disgrace to this country,AppealtoEmotion,Loaded Language,"Well, Mr. Ford is - is uh changing uh considerably his previous philosophy. The present tax structure is a disgrace to this country; it's just a welfare program for the rich. As a matter of fact, uh - 25 percent of the total tax deductions, go for only 1 percent of the richest people in this country, and over 50 percent of the tax uh credits go for the 14 percent of the richest people in this country.",a shame to this country,Rephrasing,"Well, Mr. Ford is - is uh changing uh considerably his previous philosophy. The present tax structure is a shame to this country; it's just a welfare program for the rich. As a matter of fact, uh - 25 percent of the total tax deductions, go for only 1 percent of the richest people in this country, and over 50 percent of the tax uh credits go for the 14 percent of the richest people in this country."
1984,this ever - rising arms race madness,AppealtoEmotion,Loaded Language,"Now, why do I support the freeze? Because this ever - rising arms race madness makes both nations less secure. It's more difficult to defend this nation.",this ever-rising arms race,Removing adjective,"Now, why do I support the freeze? Because this ever-rising arms race makes both nations less secure. It's more difficult to defend this nation."
2000,We have gone from the biggest deficits eight years ago to the biggest surpluses in history today.,AppealtoEmotion,Loaded Language,"I think the record shows otherwise. We have gone from the biggest deficits eight years ago to the biggest surpluses in history today. Instead of high unemployment, we now have the lowest African - American unemployment, the lowest Latino unemployment ever measured.","Comparing to the deficits of eight years ago, now we are going in a surplus.",Rephrasing,"I think the record shows otherwise. Comparing to the deficits of eight years ago, now we are going in a surplus. Instead of high unemployment, we now have the lowest African - American unemployment, the lowest Latino unemployment ever measured."
2004,The only thing consistent about my opponent's position is that he's been inconsistent.,AppealtoEmotion,Loaded Language,And the president chose the wrong way. The only thing consistent about my opponent's position is that he's been inconsistent. He changes positions.,He ad an uncertain attitude.,Rephrasing,And the president chose the wrong way. He ad an uncertain attitude. He changes positions.
1980,our first priority must be world peace,AppealtoEmotion,Loaded Language,"I do know what he has said about mine. And I'm only here to tell you that I believe with all my heart that our first priority must be world peace, and that use of force is always and only a last resort, when everything else has failed, and then only with regard to our national security. Now, I believe, also, that this meeting this mission, this responsibility for preserving the peace, which I believe is a responsibility peculiar to our country, and that we cannot shirk our responsibility as a leader of the free world because we're the only ones that can do it.",our priority is the peace in the world,Weakening,"I do know what he has said about mine. And I'm only here to tell you that I believe with all my heart that our priority is the peace in the world, and that use of force is always and only a last resort, when everything else has failed, and then only with regard to our national security. Now, I believe, also, that this meeting this mission, this responsibility for preserving the peace, which I believe is a responsibility peculiar to our country, and that we cannot shirk our responsibility as a leader of the free world because we're the only ones that can do it."
2000,But I support the death penalty in the most heinous cases.,AppealtoEmotion,Loaded Language,And in some cases may be still at large. But I support the death penalty in the most heinous cases. I do.,But I support the death penalty when it's scandalous.,Rephrasing,And in some cases may be still at large. But I support the death penalty when it's scandalous. I do.
1960,wholly indifferent,AppealtoEmotion,Loaded Language,"Yes. We have been wholly indifferent to Latin America until the last few months. The program that was put forward this summer, after we broke off the sugar quota with Cuba, really was done because we wanted to get through the O. A.S.",completely indifferent,Rephrasing,"Yes. We have been completely indifferent to Latin America until the last few months. The program that was put forward this summer, after we broke off the sugar quota with Cuba, really was done because we wanted to get through the O. A.S."
1996,overly litigated economy,AppealtoEmotion,Loaded Language,"Both are important. This is the most overregulated, overly litigated economy in our nation's history. And to call a businessman or woman who sits down and has a chance to express his or her interest in how to make these laws work and call them a polluter is just outrageous.",overly contested economy,Rephrasing,"Both are important. This is the most overregulated, overly contested economy in our nation's history. And to call a businessman or woman who sits down and has a chance to express his or her interest in how to make these laws work and call them a polluter is just outrageous."
1976,plaguing,AppealtoEmotion,Loaded Language,"The first President out of thirty - eight that ever resigned from public office under pressure. So when you look at the penalty that he paid, and when you analyze the requirements that I had - to spend all of my time working on the economy, which was in trouble, that I inherited; working on our problems in Southeast Asia - which were still plaguing us - it seemed to me that Mr. Nixon had been penalized enough by his resignation in disgrace and the need, and necessity for me to concentrate on the problems of the country fully justified the action that I took. Well, Mr. Carter has uh indicated that uh - he would give a blanket pardon to all uh - draft evaders.",afflicting,Rephrasing,"The first President out of thirty - eight that ever resigned from public office under pressure. So when you look at the penalty that he paid, and when you analyze the requirements that I had - to spend all of my time working on the economy, which was in trouble, that I inherited; working on our problems in Southeast Asia - which were still afflicting us - it seemed to me that Mr. Nixon had been penalized enough by his resignation in disgrace and the need, and necessity for me to concentrate on the problems of the country fully justified the action that I took. Well, Mr. Carter has uh indicated that uh - he would give a blanket pardon to all uh - draft evaders."
1980,This ultimate terrorist threat is the most fearsome of all,AppealtoEmotion,Loaded Language,"And recently when he was asked specifically about Iraq, he said there is nothing we can do about it. This ultimate terrorist threat is the most fearsome of all, and it's part of a pattern where our country must stand firm to control terrorism of all kinds. We will maintain our position of neutrality in the Iran and Iraq war.",This latest terrorist threat is the most terrifying of all,Rephrasing,"And recently when he was asked specifically about Iraq, he said there is nothing we can do about it. This latest terrorist threat is the most terrifying of all, and it's part of a pattern where our country must stand firm to control terrorism of all kinds. We will maintain our position of neutrality in the Iran and Iraq war."
2000,"We know freedom is a powerful, powerful, powerful force, much bigger than the United States of America, as we saw recently in the Balkans.",AppealtoEmotion,Loaded Language,"So I'm not exactly sure where the vice president is coming from, but I think one way for us to end up being viewed as the ugly American is for us to go around the world saying, â€œwe do it this way, so should you.â€ Now, we trust freedom. We know freedom is a powerful, powerful, powerful force, much bigger than the United States of America, as we saw recently in the Balkans. But maybe I misunderstand where you're coming from, Mr. Vice President, but I think the United States must be humble and must be proud and confident of our values, but humble in how we treat nations that are figuring out how to chart their own course.",We know freedom is a robust force.,Rephrasing + Removing additional info,"So I'm not exactly sure where the vice president is coming from, but I think one way for us to end up being viewed as the ugly American is for us to go around the world saying, â€œwe do it this way, so should you.â€ Now, we trust freedom. We know freedom is a robust force. But maybe I misunderstand where you're coming from, Mr. Vice President, but I think the United States must be humble and must be proud and confident of our values, but humble in how we treat nations that are figuring out how to chart their own course."
1976,ridiculous,AppealtoEmotion,Loaded Language,"And the shipment of Spruance - class destroyers to Iran are much more highly sophisticated than the Spruance - class destroyers that are present being delivered to our own Navy. This is ridiculous and it ought to be changed. If - Iran is not an Arab country, as you know, it is a Moslem country - but if Saudi Arabia should declare an oil embargo against us, then I would consider that an economic declaration of war.",bizarre,Rephrasing,"And the shipment of Spruance - class destroyers to Iran are much more highly sophisticated than the Spruance - class destroyers that are present being delivered to our own Navy. This is bizarre and it ought to be changed. If - Iran is not an Arab country, as you know, it is a Moslem country - but if Saudi Arabia should declare an oil embargo against us, then I would consider that an economic declaration of war."
1980,"In 1974, we had the worst recession, the deepest and most penetrating recession since the Second World War.",AppealtoEmotion,Loaded Language,"We had an even worse oil shock in 1979. In 1974, we had the worst recession, the deepest and most penetrating recession since the Second World War. The recession that resulted this time was the briefest since the Second World War.","In 1974, we had the a big recession since the Second World War.",Weakening,"We had an even worse oil shock in 1979. In 1974, we had the a big recession since the Second World War. The recession that resulted this time was the briefest since the Second World War."
1960,stagnation,AppealtoEmotion,Loaded Language,"Is the United States standing still? Is it true that this Administration, as Senator Kennedy has charged, has been an Administration of retreat, of defeat, of stagnation? Is it true that, as far as this country is concerned, in the field of electric power, in all of the fields that he has mentioned, we have not been moving ahead.",inaction,Rephrasing,"Is the United States standing still? Is it true that this Administration, as Senator Kennedy has charged, has been an Administration of retreat, of defeat, of inaction? Is it true that, as far as this country is concerned, in the field of electric power, in all of the fields that he has mentioned, we have not been moving ahead."
2000,an extraordinarily important decision,AppealtoEmotion,Loaded Language,"Good. I think this is an extraordinarily important decision we'll make on November 7th. We're really going to choose between what I consider to be an old way of governing ourselves of high levels of spending, high taxes, ever more intrusive bureaucracy or a new course, a new era, if you will.",an significant decision,Weakening,"Good. I think this is an significant decision we'll make on November 7th. We're really going to choose between what I consider to be an old way of governing ourselves of high levels of spending, high taxes, ever more intrusive bureaucracy or a new course, a new era, if you will."
2004,"And secondly, to think that another round of resolutions would have caused Saddam Hussein to disarm, disclose, is ludicrous, in my judgment.",AppealtoEmotion,Loaded Language,"I know that. And secondly, to think that another round of resolutions would have caused Saddam Hussein to disarm, disclose, is ludicrous, in my judgment. It just shows a significant difference of opinion.","And secondly, to think of disarming, getting revelations from Saddam Hussein is silly.",Rephrasing,"I know that. And secondly, to think of disarming, getting revelations from Saddam Hussein is silly. It just shows a significant difference of opinion."
2004,And now our kids are being killed with ammos right out of that dump,AppealtoEmotion,Loaded Language,Didn't even guard the ammo dumps. And now our kids are being killed with ammos right out of that dump.,And we'll be in trubles.,Weakening,Didn't even guard the ammo dumps. And we'll be in trubles..
1960,he's been wrong - dead wrong,AppealtoEmotion,Loaded Language,"Senator Kennedy has a responsibility to criticize those things that are wrong, but he has also a responsibility to be right in his criticism. Every one of these items that I have mentioned he's been wrong - dead wrong. And for that reason he has contributed to any lack of prestige.",he's been completely wrong,Rephrasing,"Senator Kennedy has a responsibility to criticize those things that are wrong, but he has also a responsibility to be right in his criticism. Every one of these items that I have mentioned he's been completely wrong. And for that reason he has contributed to any lack of prestige."
1996,I'm proud of the fact that America is stronger and more prosperous and more secure than we were four years ago.,AppealtoEmotion,Flag waving,"I never could have dreamed anything like this would come my way in life, and I've done my best to be faithful to the charge you've given me. I'm proud of the fact that America is stronger and more prosperous and more secure than we were four years ago. And I'm glad we're going in the right direction.",,Removing additional reference,"I never could have dreamed anything like this would come my way in life, and I've done my best to be faithful to the charge you've given me.  And I'm glad we're going in the right direction."
2004,I have no intention of wilting. I've never wilted in my life. And I've never wavered in my life.,AppealtoEmotion,Loaded Language,"Otherwise, the world won't be better off. I have no intention of wilting. I've never wilted in my life. And I've never wavered in my life. I know exactly what we need to do in Iraq, and my position has been consistent: Saddam Hussein is a threat.",I have always been determined.,Rephrasing,"Otherwise, the world won't be better off. I have always been determined. I know exactly what we need to do in Iraq, and my position has been consistent: Saddam Hussein is a threat."
2000,"I've worked hard in the State of Texas to make sure our institutions reflect the state with good, smart policy.",AppealtoEmotion,Loaded Language,"But I want a diverse administration, I think it's important. I've worked hard in the State of Texas to make sure our institutions reflect the state with good, smart policy. Policy that rejects quotas.","State of Texas has begun to have a good, smart policy.",Rephrasing,"But I want a diverse administration, I think it's important. State of Texas has begun to have a good, smart policy. Policy that rejects quotas."
2016,"It’s just words, folks. It’s just words.",AppealtoEmotion,Loaded Language,"I assume I am. It’s just words, folks. It’s just words. Those words, I’ve been hearing them for many years.",,Removing repetition,"I assume I am.  Those words, I’ve been hearing them for many years."
2016,It is a disaster.,AppealtoEmotion,Loaded Language,"We lost our plants. It is a disaster. And now she wants to sign TPP, even though she says now she’s for it.",It's bad.,Rephrasing,"We lost our plants. It's bad. And now she wants to sign TPP, even though she says now she’s for it."
2000,a flood of cheap handguns,AppealtoEmotion,Loaded Language,"I mean, the fact is that there -- even though no state wants them, there are guns in some schools. And the reason it's so difficult for schools to control that is because in recent years there has been a flood of cheap handguns that are so widely available that kids are finding ways to get ahold of them. And I think that if you look at the situation as it exists here in the United States compared to any other country in the world, it seems to me pretty obvious that while we respect the rights of hunters and sportsmen, we do need some common sense gun safety steps to stem this flood of guns that are getting into the wrong hands.",a wave of low-cost guns,Rephrasing,"I mean, the fact is that there -- even though no state wants them, there are guns in some schools. And the reason it's so difficult for schools to control that is because in recent years there has been a wave of low-cost guns that are so widely available that kids are finding ways to get ahold of them. And I think that if you look at the situation as it exists here in the United States compared to any other country in the world, it seems to me pretty obvious that while we respect the rights of hunters and sportsmen, we do need some common sense gun safety steps to stem this flood of guns that are getting into the wrong hands."
1960,"Because in this critical year - period of the sixties we've got to move forward, all Americans must move forward together, and we have to get the greatest cooperation possible between labor and management.",AppealtoEmotion,Flag waving,"And I only want to say that however good the record is, it's got to be better. Because in this critical year - period of the sixties we've got to move forward, all Americans must move forward together, and we have to get the greatest cooperation possible between labor and management. We cannot afford stoppages of massive effect on the economy when we're in the terrible competition we're in with the Soviets.",Because in this critical year - it's necessary the greatest cooperation possible between labor and management.,Rephrasing,"And I only want to say that however good the record is, it's got to be better. Because in this critical year - it's necessary the greatest cooperation possible between labor and management. We cannot afford stoppages of massive effect on the economy when we're in the terrible competition we're in with the Soviets."
2004,"a great, unbelievable Constitution",AppealtoEmotion,Loaded Language,"I believe marriage is between a man and a woman. But I also believe that because we are the United States of America, we're a country with a great, unbelievable Constitution, with rights that we afford people, that you can't discriminate in the workplace. You can't discriminate in the rights that you afford people.",valuable Constitution,Weakening,"I believe marriage is between a man and a woman. But I also believe that because we are the United States of America, we're a country with valuable Constitution, with rights that we afford people, that you can't discriminate in the workplace. You can't discriminate in the rights that you afford people."
1984,shameful,AppealtoEmotion,Loaded Language,"I believe that we will be better off if we protect this environment. And contrary to what the President says, I think their record on the environment is inexcusable and often shameful. These laws are not being enforced, have not been enforced, and the public health and the air and the water are paying the price.",embarassing,Rephrasing,"I believe that we will be better off if we protect this environment. And contrary to what the President says, I think their record on the environment is inexcusable and often embarassing. These laws are not being enforced, have not been enforced, and the public health and the air and the water are paying the price."
2016,tremendous,AppealtoEmotion,Loaded Language,"Well, I'm really calling for major jobs, because the wealthy are going to create tremendous jobs. They're going to expand their companies.",bad,Rephrasing,"Well, I'm really calling for major jobs, because the wealthy are going to create bad jobs. They're going to expand their companies."
2004,"the serious, serious threat",AppealtoEmotion,Loaded Language,"And the unique threat was that he could give weapons of mass destruction to an organization like Al Qaida, and the harm they inflicted on us with airplanes would be multiplied greatly by weapons of mass destruction. And that was the serious, serious threat. So I tried diplomacy, went to the United Nations.",serious threat,Removing repetition,"And the unique threat was that he could give weapons of mass destruction to an organization like Al Qaida, and the harm they inflicted on us with airplanes would be multiplied greatly by weapons of mass destruction. And that was serious threat. So I tried diplomacy, went to the United Nations."
2016,Tremendous beyond belief.,AppealtoEmotion,Loaded Language,"But stop - and - frisk had a tremendous impact on the safety of New York City. Tremendous beyond belief. So when you say it has no impact, it really did.",,Removing additional information,"But stop - and - frisk had a tremendous impact on the safety of New York City.  So when you say it has no impact, it really did."
2016,disaster,AppealtoEmotion,Loaded Language,"""We will take out ISIS."" Well, President Obama and Secretary Clinton created a vacuum the way they got out of Iraq, because they got out—what, they shouldn't have been in, but once they got in, the way they got out was a disaster. And ISIS was formed.",flop,Rephrasing,"""We will take out ISIS."" Well, President Obama and Secretary Clinton created a vacuum the way they got out of Iraq, because they got out—what, they shouldn't have been in, but once they got in, the way they got out was a flop. And ISIS was formed."
1996,"We have defeated in this system of ours fascism, Nazism, communism, socialism is defunct or debunked around the world, the evil of apartheid has ended.",AppealtoEmotion,Loaded Language,"We have lived through what Jean Kirpatrick called the bloodiest century in mankind's history. We have defeated in this system of ours fascism, Nazism, communism, socialism is defunct or debunked around the world, the evil of apartheid has ended. There is only one last question remaining for the next century, indeed the next millennium.",We have defeated many bad systems.,Generalizing + weakening,"We have lived through what Jean Kirpatrick called the bloodiest century in mankind's history. We have defeated many bad systems. There is only one last question remaining for the next century, indeed the next millennium."
2016,How stupid is our country?,AppealtoEmotion,Loaded Language,"Why do they have to say we’re going to be attacking Mosul within the next four to six weeks, which is what they’re saying? How stupid is our country? I can’t think of any.",,Removing additional information,"Why do they have to say we’re going to be attacking Mosul within the next four to six weeks, which is what they’re saying?  I can’t think of any."
1996,This country should not be torn asunder over this debate,AppealtoEmotion,Loaded Language,"We thank God every night of our life that a young woman was given a choice, was given the opportunity to choose life. This country should not be torn asunder over this debate, it has to be carried out with civility and respect, and Bob and I believe it can be. But we should recognize that every human life is precious and there should be all of the protection that we can give for an unborn human being.",This country should not be divided over this debate,Rephrasing,"We thank God every night of our life that a young woman was given a choice, was given the opportunity to choose life. This country should not be divided over this debate, it has to be carried out with civility and respect, and Bob and I believe it can be. But we should recognize that every human life is precious and there should be all of the protection that we can give for an unborn human being."
2008,a tragic situation,AppealtoEmotion,Loaded Language,"Those are all things that we put in the Democratic platform for the first time this year, and I think that's where we can find some common ground, because nobody's pro - abortion. I think it's always a tragic situation. We should try to reduce these circumstances.",an unfortunate situation,Rephrasing,"Those are all things that we put in the Democratic platform for the first time this year, and I think that's where we can find some common ground, because nobody's pro - abortion. I think it's always an unfortunate situation. We should try to reduce these circumstances."
2004,"And that's hopeful, and that's positive.",AppealtoEmotion,Loaded Language,"Today in America more minorities own a home than ever before. And that's hopeful, and that's positive. Well, I respect everything that the president has said and certainly respect his faith.",It's a good thing.,Weakening,"Today in America more minorities own a home than ever before. It's a good thing. Well, I respect everything that the president has said and certainly respect his faith."
2000,a million acres of wilderness,AppealtoEmotion,Loaded Language,"I worked on that with my good friend Al Simpson for about four years. We set aside a part of Wyoming, nearly a million acres of wilderness that ought to be separate and not be developed. We think that was important.",a million acre of forest,Rephrasing,"I worked on that with my good friend Al Simpson for about four years. We set aside a part of Wyoming, nearly a million acre of forest that ought to be separate and not be developed. We think that was important."
2004,"He's a brave, brave man.",AppealtoEmotion,Loaded Language,"He is the leader of that country. He's a brave, brave man. When he came, after giving a speech to the Congress, my opponent questioned his credibility.",He's a confident man.,Rephrasing,"He is the leader of that country. He's a confident man. When he came, after giving a speech to the Congress, my opponent questioned his credibility."
2004,dead wrong,AppealtoEmotion,Loaded Language,"We will not outsource our responsibility to keep this country safe. Well, Gwen, the 90 percent figure is just dead wrong. When you include the Iraqi security forces that have suffered casualties, as well as the allies, they've taken almost 50 percent of the casualties in operations in Iraq, which leaves the U. S. with 50 percent, not 90 percent.",completely wrong,Rephrasing,"We will not outsource our responsibility to keep this country safe. Well, Gwen, the 90 percent figure is just completely wrong. When you include the Iraqi security forces that have suffered casualties, as well as the allies, they've taken almost 50 percent of the casualties in operations in Iraq, which leaves the U. S. with 50 percent, not 90 percent."
2016,extreme vetting,AppealtoEmotion,Loaded Language,So he would have been alive today. The Muslim ban is something that in some form has morphed into a extreme vetting from certain areas of the world. Hillary Clinton wants to allow hundreds of thousands—excuse me.,severe check,Weakening,So he would have been alive today. The Muslim ban is something that in some form has morphed into a severe check from certain areas of the world. Hillary Clinton wants to allow hundreds of thousands—excuse me.
2012,those terrible things,AppealtoEmotion,Loaded Language,"Thank you Kerry for your question, it's an important one. And -- and I -- I think the president just said correctly that the buck does stop at his desk and -- and he takes responsibility for -- for that -- for the failure in providing those security resources, and -- and those terrible things may well happen from time to time. I -- I'm -- I feel very deeply sympathetic for the families of those who lost loved ones.",those bad things,Weakening,"Thank you Kerry for your question, it's an important one. And -- and I -- I think the president just said correctly that the buck does stop at his desk and -- and he takes responsibility for -- for that -- for the failure in providing those security resources, and -- and those bad things may well happen from time to time. I -- I'm -- I feel very deeply sympathetic for the families of those who lost loved ones."
1992,"And I beg the American people, any time they think about reforming education to take this piece of society that doesn't have a chance and take these little pieces of clay that can be shaped and molded and give them the same love and nurture and affection and support you give your children and teach them that they're unique and that they're precious and that there's only one person in the world like them and you will see this nation bloom.",AppealtoEmotion,Flag waving,"They will live the American dream. And I beg the American people, any time they think about reforming education to take this piece of society that doesn't have a chance and take these little pieces of clay that can be shaped and molded and give them the same love and nurture and affection and support you give your children and teach them that they're unique and that they're precious and that there's only one person in the world like them and you will see this nation bloom. And we will have so many people who are qualified for the top job that it will be terrific.",,Removing additional reference,They will live the American dream.  And we will have so many people who are qualified for the top job that it will be terrific.
2008,a lot of screwy things,AppealtoEmotion,Loaded Language,"Earmarks account for 0.5 percent of the total federal budget. There's no doubt that the system needs reform and there are a lot of screwy things that we end up spending money on, and they need to be eliminated. But it's not going to solve the problem.",a lot of unconventional things,Rephrasing,"Earmarks account for 0.5 percent of the total federal budget. There's no doubt that the system needs reform and there are a lot of unconventional things that we end up spending money on, and they need to be eliminated. But it's not going to solve the problem."
1992,a fateful decision,AppealtoEmotion,Loaded Language,"We've got to have somebody that can get up there and bring out the firehoses and get it stopped, and that's what we're about in the Perot campaign. Three weeks from today, our nation will make a fateful decision. We can continue traveling the road we have been on, which has led to higher unemployment and worse economic times, or we can reach out for change.",a crucial decision,Rephrasing,"We've got to have somebody that can get up there and bring out the firehoses and get it stopped, and that's what we're about in the Perot campaign. Three weeks from today, our nation will make a crucial decision. We can continue traveling the road we have been on, which has led to higher unemployment and worse economic times, or we can reach out for change."
2004,a complete distortion,AppealtoEmotion,Loaded Language,May I respond briefly? What the vice president has just said is just a complete distortion. The American people saw John Kerry on Thursday night.,wrong.,Weakening,May I respond briefly? What the vice president has just said is just wrong.. The American people saw John Kerry on Thursday night.
2016,"But for you to say that there was nothing wrong with you deleting 39,000 e - mails, again, you should be ashamed of yourself.",AppealtoEmotion,Loaded Language,"Our Justice Department, where her husband goes onto the back of an airplane for 39 minutes, talks to the attorney general days before a ruling is going to be made on her case. But for you to say that there was nothing wrong with you deleting 39,000 e - mails, again, you should be ashamed of yourself. What you did—and this is after getting a subpoena from the United States Congress.","But for you to say that there was nothing wrong with you deleting 39,000 e - mails, again, you should apologize.",Rephrasing,"Our Justice Department, where her husband goes onto the back of an airplane for 39 minutes, talks to the attorney general days before a ruling is going to be made on her case. But for you to say that there was nothing wrong with you deleting 39,000 e - mails, again, you should apologize. What you did—and this is after getting a subpoena from the United States Congress."
1992,"So we have to have, in my judgment, a drastic simplification of the basic health insurance policies of this country, be very comprehensive for everybody.",AppealtoEmotion,Loaded Language,"Number one, we spend at least $60 billion a year on insurance, administrative cost, bureaucracy, and government regulation that wouldn't be spent in any other nation. So we have to have, in my judgment, a drastic simplification of the basic health insurance policies of this country, be very comprehensive for everybody. Employers would cover their employees, government would cover the unemployed.","So we have to simplify basic health insurance policies, be very comprehensive for everybody.",Rephrasing,"Number one, we spend at least $60 billion a year on insurance, administrative cost, bureaucracy, and government regulation that wouldn't be spent in any other nation. So we have to simplify basic health insurance policies, be very comprehensive for everybody. Employers would cover their employees, government would cover the unemployed."
1980,accused,AppealtoEmotion,Loaded Language,"And yet, his 1980 economic message stated that we would reduce productivity and gross national product and increase unemployment in order to get a handle on inflation, because in January, at the beginning of the year, it was more than 18%. Since then, he has blamed the people for inflation, OPEC, he has blamed the Federal Reserve system, he has blamed the lack of productivity of the American people, he has then accused the people of living too well and that we must share in scarcity, we must sacrifice and get used to doing with less. We don't have inflation because the people are living too well.",complained about,Weakening,"And yet, his 1980 economic message stated that we would reduce productivity and gross national product and increase unemployment in order to get a handle on inflation, because in January, at the beginning of the year, it was more than 18%. Since then, he has blamed the people for inflation, OPEC, he has blamed the Federal Reserve system, he has blamed the lack of productivity of the American people, he has then complained about the people of living too well and that we must share in scarcity, we must sacrifice and get used to doing with less. We don't have inflation because the people are living too well."
2016,"It is a disastrous plan, and it has to be repealed and replaced.",AppealtoEmotion,Loaded Language,"And not only are your rates going up by numbers that nobody’s ever believed, but your deductibles are going up, so that unless you get hit by a truck, you’re never going to be able to use it. It is a disastrous plan, and it has to be repealed and replaced. No, I mean, he clarified what he meant.",The plan has to be repealed and replaced.,Weakening,"And not only are your rates going up by numbers that nobody’s ever believed, but your deductibles are going up, so that unless you get hit by a truck, you’re never going to be able to use it. The plan has to be repealed and replaced. No, I mean, he clarified what he meant."
1984,"And the thought that we would share this with the Soviet Union is, in my opinion, a total non - STARTer.",AppealtoEmotion,Loaded Language,"And any research or development along the Star Wars schemes would inevitably involve our most advanced computers, our most advanced engineering. And the thought that we would share this with the Soviet Union is, in my opinion, a total non - STARTer. I would not let the Soviet Union get their hands on it at all.",And sharing this with the Soviet Union is a bad idea.,Weakening,"And any research or development along the Star Wars schemes would inevitably involve our most advanced computers, our most advanced engineering. And sharing this with the Soviet Union is a bad idea. I would not let the Soviet Union get their hands on it at all."
2016,a horrible thing,AppealtoEmotion,Loaded Language,"Come right over. It’s a horrible thing she’s doing. She’s got bad judgment, and honestly, so bad that she should never be president of the United States.",a bad thing,Weakening,"Come right over. It’s a bad thing she’s doing. She’s got bad judgment, and honestly, so bad that she should never be president of the United States."
2016,choking,AppealtoEmotion,Loaded Language,"But you look at the Middle East, you started the Iran deal, that's another beauty where you have a country that was ready to fall, I mean, they were doing so badly. They were choking on the sanctions. And now they're going to be actually probably a major power at some point pretty soon, the way they're going.",filling,Rephrasing,"But you look at the Middle East, you started the Iran deal, that's another beauty where you have a country that was ready to fall, I mean, they were doing so badly. They were filling on the sanctions. And now they're going to be actually probably a major power at some point pretty soon, the way they're going."
2012,the greatest failure,AppealtoEmotion,Loaded Language,"So we can make changes in the way our culture works to help bring people away from violence and give them opportunity, and bring them in the American system. The -- the greatest failure we've had with regards to -- to gun violence in some respects is what -- what is known as Fast and Furious. Which was a program under this administration, and how it worked exactly I think we don't know precisely, where thousands of automatic, and AK-47 type weapons were -- were given to people that ultimately gave them to -- to drug lords.",the disappointed,Rephrasing,"So we can make changes in the way our culture works to help bring people away from violence and give them opportunity, and bring them in the American system. The -- the disappointed we've had with regards to -- to gun violence in some respects is what -- what is known as Fast and Furious. Which was a program under this administration, and how it worked exactly I think we don't know precisely, where thousands of automatic, and AK-47 type weapons were -- were given to people that ultimately gave them to -- to drug lords."
2004,I believe it was a failure of presidential leadership not to reauthorize the assault weapons ban.,AppealtoEmotion,Loaded Language,"To me, that's the best way to secure America. I believe it was a failure of presidential leadership not to reauthorize the assault weapons ban. I am a hunter.",I believe it was a bad idea of presidential leadership not to reauthorize the assault weapons ban.,Weakening,"To me, that's the best way to secure America. I believe it was a bad idea of presidential leadership not to reauthorize the assault weapons ban. I am a hunter."
2004,the most significant effort,AppealtoEmotion,Loaded Language,"I've tried to find the common ground, because that's what makes us strong as Americans. And if Americans trust me with the presidency, I can pledge to you, we will have the most significant effort, openly -- not secret meetings in the White House with special interests, not ideologically driven efforts to push people aside -- but a genuine effort to try to restore America's hope and possibilities by bringing people together. And one of the ways we're going to do it is, I'm going to work with my friend, John McCain, to further campaign finance reform so we get these incredible amounts of money out of the system and open it up to average people, so America is really represented by the people who make up America.",do as much as we can,Rephrasing,"I've tried to find the common ground, because that's what makes us strong as Americans. And if Americans trust me with the presidency, I can pledge to you, we will have do as much as we can, openly -- not secret meetings in the White House with special interests, not ideologically driven efforts to push people aside -- but a genuine effort to try to restore America's hope and possibilities by bringing people together. And one of the ways we're going to do it is, I'm going to work with my friend, John McCain, to further campaign finance reform so we get these incredible amounts of money out of the system and open it up to average people, so America is really represented by the people who make up America."
1980,a disturbing pattern in the attitude of Governor Reagan,AppealtoEmotion,Loaded Language,"Every President who has served in the Oval Office since Harry Truman has been dedicated to the proposition of controlling nuclear weapons. To negotiate with the Soviet Union a balanced, controlled, observable, and then reducing levels of atomic weaponry, there is a disturbing pattern in the attitude of Governor Reagan. He has never supported any of those arms control agreements - the limited test ban, SALT I, nor the Antiballistic Missile Treaty, nor the Vladivostok Treaty negotiated with the Soviet Union by President Ford - and now he wants to throw into the wastebasket a treaty to control nuclear weapons on a balanced and equal basis between ourselves and the Soviet Union, negotiated over a seven - year period, by myself and my two Republican predecessors.",a perplexing way to act in Governor Reagan,Weakening,"Every President who has served in the Oval Office since Harry Truman has been dedicated to the proposition of controlling nuclear weapons. To negotiate with the Soviet Union a balanced, controlled, observable, and then reducing levels of atomic weaponry, there is a perplexing way to act in Governor Reagan. He has never supported any of those arms control agreements - the limited test ban, SALT I, nor the Antiballistic Missile Treaty, nor the Vladivostok Treaty negotiated with the Soviet Union by President Ford - and now he wants to throw into the wastebasket a treaty to control nuclear weapons on a balanced and equal basis between ourselves and the Soviet Union, negotiated over a seven - year period, by myself and my two Republican predecessors."
1996,"Thirdly, in Bosnia it's a virtual miracle that there has been no return to war and at least there has now been an election.",AppealtoEmotion,Loaded Language,"Secondly, in Haiti, political violence is much, much smaller than it was. Thirdly, in Bosnia it's a virtual miracle that there has been no return to war and at least there has now been an election. And institutions are beginning to function.","Thirdly, in Bosnia there is no more war and there's an election now.",Weakening,"Secondly, in Haiti, political violence is much, much smaller than it was. Thirdly, in Bosnia there is no more war and there's an election now. And institutions are beginning to function."
2016,mess,AppealtoEmotion,Loaded Language,OK?Because look at the mess that we're in. Look at the mess that we're in.,thing,Rephrasing,OK?Because look at the thing that we're in. Look at the thing that we're in.
1960,"the most fantastic program, the worst program",AppealtoEmotion,Loaded Language,"He also indicates as far as his agricultural program is concerned that he feels it will cost less than ours. Well, all that I can suggest is that all the experts who have studied the program indicate that it is the most fantastic program, the worst program, insofar as its effect on the farmers, that the - America has ever had foisted upon it in an election year or any other time. And I would also point out that Senator Kennedy left out a part of the cost of that program - a twenty - five percent rise in food prices that the people would have to pay.",a bad program,Weakening,"He also indicates as far as his agricultural program is concerned that he feels it will cost less than ours. Well, all that I can suggest is that all the experts who have studied the program indicate that it is a bad program, insofar as its effect on the farmers, that the - America has ever had foisted upon it in an election year or any other time. And I would also point out that Senator Kennedy left out a part of the cost of that program - a twenty - five percent rise in food prices that the people would have to pay."
1992,"You know, nobody likes who shot John, but I think the first negative campaign run in this election was by Governor Clinton, and I'm not going to sit there and be a punching bag; I'm going to stand up and say, hey, listen, here's my side of it.",AppealtoEmotion,Loaded Language,"My record on world affairs is pretty well known because I've been president for 4 years, so I feel I've been talking issues. You know, nobody likes who shot John, but I think the first negative campaign run in this election was by Governor Clinton, and I'm not going to sit there and be a punching bag; I'm going to stand up and say, hey, listen, here's my side of it. But character is an important part of the equation.",I'm here to explain my plan.,Rephrasing + Removing additional info,"My record on world affairs is pretty well known because I've been president for 4 years, so I feel I've been talking issues. I'm here to explain my plan. But character is an important part of the equation."
2000,"I think that one of the problems that we have faced in the world is that we are so much more powerful than any single nation has been in relationship to the rest of the world than at any time in history, that I know about, anyway.",AppealtoEmotion,Loaded Language,"I agree with that. I think that one of the problems that we have faced in the world is that we are so much more powerful than any single nation has been in relationship to the rest of the world than at any time in history, that I know about, anyway. That there is some resentment of U. S. power.",The country has showed its potential.,Rephrasing + Removing additional info,I agree with that. The country has showed its potential. That there is some resentment of U. S. power.
2000,extraordinary,AppealtoEmotion,Loaded Language,"I think this is a very important moment for our country. We have achieved extraordinary prosperity. And in this election, America has to make an important choice.",a good,Weakening,"I think this is a very important moment for our country. We have achieved a good prosperity. And in this election, America has to make an important choice."
1988,"a very, very bad message",AppealtoEmotion,Loaded Language,"And Mr. Bush is right - the two go hand in hand. But if our government itself is doing business with people who we know are engaged in drug profiteering and drug trafficking, if we don't understand that that sends out a very, very bad message to our young people, it's a little difficult for me to understand just how we can reach out to that youngster that I talked about and to young people like her all over the country, and say to them we want to help you. Now, I've outlined in great detail a program for being tough on enforcement at home and abroad, doubling the number of drug enforcement agents, having a hemispheric summit soon after the 20th of January when we bring our democratic neighbors and allies together here in this hemisphere and go to work together.",a bad message,Removing repetition,"And Mr. Bush is right - the two go hand in hand. But if our government itself is doing business with people who we know are engaged in drug profiteering and drug trafficking, if we don't understand that that sends out a bad message to our young people, it's a little difficult for me to understand just how we can reach out to that youngster that I talked about and to young people like her all over the country, and say to them we want to help you. Now, I've outlined in great detail a program for being tough on enforcement at home and abroad, doubling the number of drug enforcement agents, having a hemispheric summit soon after the 20th of January when we bring our democratic neighbors and allies together here in this hemisphere and go to work together."
2004,"Once again, the president is misleading America.",AppealtoEmotion,Loaded Language,"And in 2006, our seniors will get a prescription drug coverage in Medicare. Once again, the president is misleading America. I've actually passed 56 individual bills that I've personally written and, in addition to that, and not always under my name, there is amendments on certain bills.","Once again, the president is deceiving America.",Rephrasing,"And in 2006, our seniors will get a prescription drug coverage in Medicare. Once again, the president is deceiving America. I've actually passed 56 individual bills that I've personally written and, in addition to that, and not always under my name, there is amendments on certain bills."
1996,"But I do think we are right when we try to, for example, give mothers and newborns 48 hours before they can be kicked out of the hospital, ending these drive - by deliveries.",AppealtoEmotion,Loaded Language,"We've done a lot to give the people more powers to make their own decisions over their own lives. But I do think we are right when we try to, for example, give mothers and newborns 48 hours before they can be kicked out of the hospital, ending these drive - by deliveries. I think we were right to pass the Kassebaum - Kennedy bill, which says you can't lose your health insurance just because you change jobs or because someone in your family's been sick.","But I do think we are right when we try to, for example, give mothers and newborns 48 hours before they can be forced to leave the hospital, ending these drive - by deliveries.",Weakening,"We've done a lot to give the people more powers to make their own decisions over their own lives. But I do think we are right when we try to, for example, give mothers and newborns 48 hours before they can be forced to leave the hospital, ending these drive - by deliveries. I think we were right to pass the Kassebaum - Kennedy bill, which says you can't lose your health insurance just because you change jobs or because someone in your family's been sick."
2008,unnecessary and wasteful spending,AppealtoEmotion,Loaded Language,"And spending, I know, can be brought under control because I have fought against excessive spending my entire career. And I got plans to reduce and eliminate unnecessary and wasteful spending and if there's anybody here who thinks there aren't agencies of government where spending can be cut and their budgets slashed they have not spent a lot of time in Washington. I just want to make this point, Jim.",careless spending,Rephrasing,"And spending, I know, can be brought under control because I have fought against excessive spending my entire career. And I got plans to reduce and eliminate careless spending and if there's anybody here who thinks there aren't agencies of government where spending can be cut and their budgets slashed they have not spent a lot of time in Washington. I just want to make this point, Jim."
2004,the deadly technologies,AppealtoEmotion,Loaded Language,"I have not suggested there's a connection between Iraq and 9/11, but there's clearly an established Iraqi track record with terror. And the point is that that's the place where you're most likely to see the terrorists come together with weapons of mass destruction, the deadly technologies that Saddam Hussein had developed and used over the years. Now, the fact of the matter is, the big difference here, Gwen, is they are not prepared to deal with states that sponsor terror.",the harmful technologies,Rephrasing,"I have not suggested there's a connection between Iraq and 9/11, but there's clearly an established Iraqi track record with terror. And the point is that that's the place where you're most likely to see the terrorists come together with weapons of mass destruction, the harmful technologies that Saddam Hussein had developed and used over the years. Now, the fact of the matter is, the big difference here, Gwen, is they are not prepared to deal with states that sponsor terror."
1988,We're going to have to - the MX. We're going to have to do that. It's Christmas.,AppealtoEmotion,Loaded Language,"And under me, when I lead this country, the secretary of defense is going to have to make the choices, between how we keep, how we protect the survivability of our nuclear deployment on the Midgetman missile, or on the Minuteman, whatever it is. We're going to have to - the MX. We're going to have to do that. It's Christmas. (Laughter) Wouldn't it be nice to be perfect?",We're going to have to - the MX.,Removing repetition,"And under me, when I lead this country, the secretary of defense is going to have to make the choices, between how we keep, how we protect the survivability of our nuclear deployment on the Midgetman missile, or on the Minuteman, whatever it is. We're going to have to - the MX. (Laughter) Wouldn't it be nice to be perfect?"
2004,incredibly enough,AppealtoEmotion,Loaded Language,"And we made good progress early on. The No Child Left Behind Act, incredibly enough, was good work between me and my administration and people like Senator Ted Kennedy. And we worked together with Democrats to relieve the tax burden on the middle class and all who pay taxes in order to make sure this economy continues to grow.",,Removing additional information,"And we made good progress early on. The No Child Left Behind Act, , was good work between me and my administration and people like Senator Ted Kennedy. And we worked together with Democrats to relieve the tax burden on the middle class and all who pay taxes in order to make sure this economy continues to grow."
2016,you acid washed,AppealtoEmotion,Loaded Language,"And I was so surprised to see him sign on with the devil. But when you talk about apology, I think the one that you should really be apologizing for and the thing that you should be apologizing for are the 33,000 e - mails that you deleted, and that you acid washed, and then the two boxes of e - mails and other things last week that were taken from an office and are now missing. And I’ll tell you what.",you handled in your own way,Rephrasing,"And I was so surprised to see him sign on with the devil. But when you talk about apology, I think the one that you should really be apologizing for and the thing that you should be apologizing for are the 33,000 e - mails that you deleted, and that you handled in your own way, and then the two boxes of e - mails and other things last week that were taken from an office and are now missing. And I’ll tell you what."
1960,we found that six hundred million people went behind the Iron Curtain,AppealtoEmotion,Loaded Language,"First, we have to learn from the past, because we cannot afford to make the mistakes of the past. In the seven years before this Administration came into power in Washington, we found that six hundred million people went behind the Iron Curtain. And at the end of that seven years we were engaged in a war in Korea which cost of thirty thousand American lives.",we found that six hundred million people were censored,Rephrasing,"First, we have to learn from the past, because we cannot afford to make the mistakes of the past. In the seven years before this Administration came into power in Washington, we found that six hundred million people were censored. And at the end of that seven years we were engaged in a war in Korea which cost of thirty thousand American lives."
1984,pure,AppealtoEmotion,Loaded Language,"This nation is the most religious nation on Earth -- more people go to church and synagogues than any other nation on Earth -- and it's because we kept the politicians and the state out of the personal exercise of our faith. That's why faith in the United States is pure and unpolluted by the intervention of politicians. And I think if we want to continue -- as I do -- to have a religious nation, lets keep that line and never cross it.",chaste,Rephrasing,"This nation is the most religious nation on Earth -- more people go to church and synagogues than any other nation on Earth -- and it's because we kept the politicians and the state out of the personal exercise of our faith. That's why faith in the United States is chaste and unpolluted by the intervention of politicians. And I think if we want to continue -- as I do -- to have a religious nation, lets keep that line and never cross it."
2004,"It's like if you looked at the -- it's the equivalent of the buggy and horse days, compared to other industries here in America.",AppealtoEmotion,Loaded Language,"Thirdly, one of the reasons why there's still high cost in medicine is because this is -- they don't use any information technology. It's like if you looked at the -- it's the equivalent of the buggy and horse days, compared to other industries here in America. And so, we've got to introduce high technology into health care.","It's very slow, compared to other industries here in America.",Rephrasing,"Thirdly, one of the reasons why there's still high cost in medicine is because this is -- they don't use any information technology. It's very slow, compared to other industries here in America. And so, we've got to introduce high technology into health care."
2016,It is—our country has the slowest growth and jobs are a disaster.,AppealtoEmotion,Loaded Language,We have the slowest growth since 1929. It is—our country has the slowest growth and jobs are a disaster.,The growth is slow and there's a bad situation for the jobs.,Weakening,We have the slowest growth since 1929. The growth is slow and there's a bad situation for the jobs.
2016,such foolish things,AppealtoEmotion,Loaded Language,I agree with everything she said. I began this campaign because I was so tired of seeing such foolish things happen to our country. This is a great country.,silly things,Rephrasing,I agree with everything she said. I began this campaign because I was so tired of seeing silly things happen to our country. This is a great country.
1960,an offensive for the minds and hearts and souls of men,AppealtoEmotion,Loaded Language,"Now when they talk about our record here, it is well that they recognize that they have to stand up for their record as well. So let me summarize by saying this: I'm not satisfied with what we're doing in the cold war because I believe we have to step up our activities and launch an offensive for the minds and hearts and souls of men. It must be economic; it must be technological; above all it must be ideological.",a general offensive,Weakening,"Now when they talk about our record here, it is well that they recognize that they have to stand up for their record as well. So let me summarize by saying this: I'm not satisfied with what we're doing in the cold war because I believe we have to step up our activities and launch a general offensive. It must be economic; it must be technological; above all it must be ideological."
1988,"Now, that's a certain passion that in my view it's misguided passion.",AppealtoEmotion,Loaded Language,"He introduced or supported legislation back then that suggested that kids of Massachusetts should be exempt from going overseas in that war. Now, that's a certain passion that in my view it's misguided passion. He - we have a big difference on issues.",I don't stand with this situation.,Rephrasing,He introduced or supported legislation back then that suggested that kids of Massachusetts should be exempt from going overseas in that war. I don't stand with this situation. He - we have a big difference on issues.
2004,"I regret to say that the president who called himself a uniter, not a divider, is now presiding over the most divided America in the recent memory of our country.",AppealtoEmotion,Loaded Language,"That's not where we are today. I regret to say that the president who called himself a uniter, not a divider, is now presiding over the most divided America in the recent memory of our country. I've never seen such ideological squabbles in the Congress of the United States.",It's sad to see a former divider president presiding over a divided country more than ever.,Rephrasing,That's not where we are today. It's sad to see a former divider president presiding over a divided country more than ever. I've never seen such ideological squabbles in the Congress of the United States.
2004,the frivolous lawsuits,AppealtoEmotion,Loaded Language,"That shows a lack of understanding. Doctors practice defensive medicine because of all the frivolous lawsuits that cost our government $28 billion a year. And finally, he said he's going to have a novel health care plan.",the superficial lawsuits,Rephrasing,"That shows a lack of understanding. Doctors practice defensive medicine because of all the superficial lawsuits that cost our government $28 billion a year. And finally, he said he's going to have a novel health care plan."
1988,single most important public health emergency we've had in our lifetimes,AppealtoEmotion,Loaded Language,"(Applause) Let me say this about AIDS. It's the single most important public health crisis, single most important public health emergency we've had in our lifetimes and I think there are a number of things we have to do including supporting legislation which is now moving through the Congress, which will commit this nation to the resources to find a cure which will provide broad education and prevention, which will provide sensitive and caring treatment for the victims of AIDS. I think we have to demonstrate some flexibility and I think the FDA is attempting to do so now in trying to make it possible for new and experimental drugs to be available to people who are at risk at AIDS and I would hope that we could bring that kind of a policy to bear beginning in January.",an important public health emergency,Weakening,"(Applause) Let me say this about AIDS. It's the single most important public health crisis, an important public health emergency and I think there are a number of things we have to do including supporting legislation which is now moving through the Congress, which will commit this nation to the resources to find a cure which will provide broad education and prevention, which will provide sensitive and caring treatment for the victims of AIDS. I think we have to demonstrate some flexibility and I think the FDA is attempting to do so now in trying to make it possible for new and experimental drugs to be available to people who are at risk at AIDS and I would hope that we could bring that kind of a policy to bear beginning in January."
1996,Some schools aren't safe. Some schools aren't even safe. Your choice is nothing.,AppealtoEmotion,Loaded Language,"Why can't Landale Shakespeare in Cleveland or Pilar Gonzales in Milwaukee give their children an opportunity to go to a better school. Some schools aren't safe. Some schools aren't even safe. Your choice is nothing. Let's give them a real choice, the kind of choice you had, and the kind of choice a lot of people have in America.",Some school are not safe.,Removing repetition,"Why can't Landale Shakespeare in Cleveland or Pilar Gonzales in Milwaukee give their children an opportunity to go to a better school. Some school are not safe. Let's give them a real choice, the kind of choice you had, and the kind of choice a lot of people have in America."
2016,the stupidity of our foreign policy,AppealtoEmotion,Loaded Language,"You take a look at Mosul. The biggest problem I have with the stupidity of our foreign policy, we have Mosul. They think a lot of the ISIS leaders are in Mosul.",Mosul represents a minor problem fot our foreign policy.,Weakening,"You take a look at Mosul. The biggest problem I have with Mosul represents a minor problem fot our foreign policy., we have Mosul. They think a lot of the ISIS leaders are in Mosul."
1980,a heartless kind of approach,AppealtoEmotion,Loaded Language,"One of those ideas was to repeal the minimum wage, and several times this year, Governor Reagan has said that the major cause of unemployment is the minimum wage. This is a heartless kind of approach to the working families of our country, which is typical of many Republican leaders of the past, but, I think, has been accentuated under Governor Reagan. In California - I'm surprised Governor Reagan brought this up - he had the three largest tax increases in the history of that state under his administration.",a bad approach,Weakening,"One of those ideas was to repeal the minimum wage, and several times this year, Governor Reagan has said that the major cause of unemployment is the minimum wage. This is a bad approach to the working families of our country, which is typical of many Republican leaders of the past, but, I think, has been accentuated under Governor Reagan. In California - I'm surprised Governor Reagan brought this up - he had the three largest tax increases in the history of that state under his administration."
1980,boondoggle,AppealtoEmotion,Loaded Language,"That is just a downpayment, in my opinion. But, unlike Governor Reagan, I do not support a boondoggle like the MX missile. I've just gotten a report from the Air Force that indicates that the 30-year lifecycle cost of that system is going to be $100 billion.",lie,Rephrasing,"That is just a downpayment, in my opinion. But, unlike Governor Reagan, I do not support a lie like the MX missile. I've just gotten a report from the Air Force that indicates that the 30-year lifecycle cost of that system is going to be $100 billion."
2004,chaotic,AppealtoEmotion,Loaded Language,"The key to success in Afghanistan has been, again, to go in and go after the terrorists, which we've done, and also take down the Taliban regime which allowed them to function there, in effect sponsors, if you will, of the Al Qaida organization. John Edwards, two and a half years ago, six months after we went into Afghanistan announced that it was chaotic, the situation was deteriorating, the warlords were about to take over. Here we are, two and a half years later, we're four days away from a democratic election, the first one in history in Afghanistan.",turbulent,Rephrasing,"The key to success in Afghanistan has been, again, to go in and go after the terrorists, which we've done, and also take down the Taliban regime which allowed them to function there, in effect sponsors, if you will, of the Al Qaida organization. John Edwards, two and a half years ago, six months after we went into Afghanistan announced that it was turbulent, the situation was deteriorating, the warlords were about to take over. Here we are, two and a half years later, we're four days away from a democratic election, the first one in history in Afghanistan."
1980,eternally optimistic,AppealtoEmotion,Loaded Language,"I believe in it. I am eternally optimistic, and I happen to believe that we've made great progress from the days when I was young and when this country didn't even know it had a racial problem. I know those things can grow out of despair in an inner city, when there's hopelessness at home, lack of work, and so forth.",always optimistic,Rephrasing,"I believe in it. I am always optimistic, and I happen to believe that we've made great progress from the days when I was young and when this country didn't even know it had a racial problem. I know those things can grow out of despair in an inner city, when there's hopelessness at home, lack of work, and so forth."
2008,"That, to me, was so hurtful.",AppealtoEmotion,Loaded Language,"One of them happened just the other day, when a man I admire and respect -- I've written about him -- Congressman John Lewis, an American hero, made allegations that Sarah Palin and I were somehow associated with the worst chapter in American history, segregation, deaths of children in church bombings, George Wallace. That, to me, was so hurtful. And, Senator Obama, you didn't repudiate those remarks.",I didn't like it.,Rephrasing,"One of them happened just the other day, when a man I admire and respect -- I've written about him -- Congressman John Lewis, an American hero, made allegations that Sarah Palin and I were somehow associated with the worst chapter in American history, segregation, deaths of children in church bombings, George Wallace. I didn't like it. And, Senator Obama, you didn't repudiate those remarks."
2004,the catastrophic cases,AppealtoEmotion,Loaded Language,"I have a plan that's going to allow people 55 to 64 to buy into Medicare early. And I have a plan that will take the catastrophic cases out of the system, off your backs, pay for it out of a federal fund, which lowers the premiums for everybody in America, makes American business more competitive and makes health care more affordable. Now, all of that can happen, but I have to ask you to do one thing: Join me in rolling back the president's unaffordable tax cut for people earning more than $200,000 a year.",the unfortunate cases,Rephrasing,"I have a plan that's going to allow people 55 to 64 to buy into Medicare early. And I have a plan that will take the unfortunate cases out of the system, off your backs, pay for it out of a federal fund, which lowers the premiums for everybody in America, makes American business more competitive and makes health care more affordable. Now, all of that can happen, but I have to ask you to do one thing: Join me in rolling back the president's unaffordable tax cut for people earning more than $200,000 a year."
1984,a tough and a ruthless adversary,AppealtoEmotion,Loaded Language,"I have no illusions about the Soviet Union leadership or the nature of that state. They are a tough and a ruthless adversary, and we must be prepared to meet that challenge, and I would. Where I part with the President is that despite all of those differences we must, as past Presidents before this one have done, meet on the common ground of survival.",a demanding adversary,Weakening,"I have no illusions about the Soviet Union leadership or the nature of that state. They are a demanding adversary, and we must be prepared to meet that challenge, and I would. Where I part with the President is that despite all of those differences we must, as past Presidents before this one have done, meet on the common ground of survival."
1976,an absolute disgrace,AppealtoEmotion,Loaded Language,I believe that the boycott of American businesses by the Arab countries because those businesses trade with Israel or because they have American Jews who are owners or directors in the company is an absolute disgrace. This is the first time that I've - remember in the history of our country when we've let a foreign country circumvent or change our Bill of Rights.,a shame,Weakening,I believe that the boycott of American businesses by the Arab countries because those businesses trade with Israel or because they have American Jews who are owners or directors in the company is a shame. This is the first time that I've - remember in the history of our country when we've let a foreign country circumvent or change our Bill of Rights.
2008,"And the -- the worst symptom on this disease is what my friend, Tom Coburn, calls earmarking as a gateway drug, because it's a gateway.",AppealtoEmotion,Loaded Language,"We Republicans came to power to change government, and government changed us. And the -- the worst symptom on this disease is what my friend, Tom Coburn, calls earmarking as a gateway drug, because it's a gateway. It's a gateway to out - of - control spending and corruption.",Earmarking is a gateway.,Rephrasing,"We Republicans came to power to change government, and government changed us. Earmarking is a gateway. It's a gateway to out - of - control spending and corruption."
2000,"if we had evidence, credible evidence",AppealtoEmotion,Loaded Language,"I don't think you can afford to have a man like Saddam Hussein with nuclear weapons in the Middle East. It would, of course, be a very serious situation if we had evidence, credible evidence, that Saddam Hussein was developing weapons of mass destruction. I must say, I don't think a political campaign is the occasion to declare exactly what we would do in that case.",if we had evidence,Removing repetition,"I don't think you can afford to have a man like Saddam Hussein with nuclear weapons in the Middle East. It would, of course, be a very serious situation if we had evidence, that Saddam Hussein was developing weapons of mass destruction. I must say, I don't think a political campaign is the occasion to declare exactly what we would do in that case."
2004,And I don't appreciate it when a candidate for president denigrates the contributions of these brave soldiers.,AppealtoEmotion,Loaded Language,And I honor their sacrifices. And I don't appreciate it when a candidate for president denigrates the contributions of these brave soldiers. You cannot lead the world if you do not honor the contributions of those who are with us.,I don't apreciate it when soldiers' contribution are defamed.,Rephrasing,And I honor their sacrifices. I don't apreciate it when soldiers' contribution are defamed. You cannot lead the world if you do not honor the contributions of those who are with us.
2004,that fateful day,AppealtoEmotion,Loaded Language,And it requires a president who is steadfast and strong and determined. I vowed to the American people after that fateful day of September the 11th that we would not rest nor tire until we're safe. The 9/11 Commission put out a report that said America is safer but not yet safe.,that unfortunate day,Weakening,And it requires a president who is steadfast and strong and determined. I vowed to the American people after that unfortunate day of September the 11th that we would not rest nor tire until we're safe. The 9/11 Commission put out a report that said America is safer but not yet safe.
1980,blamed,AppealtoEmotion,Loaded Language,"And yet, his 1980 economic message stated that we would reduce productivity and gross national product and increase unemployment in order to get a handle on inflation, because in January, at the beginning of the year, it was more than 18%. Since then, he has blamed the people for inflation, OPEC, he has blamed the Federal Reserve system, he has blamed the lack of productivity of the American people, he has then accused the people of living too well and that we must share in scarcity, we must sacrifice and get used to doing with less. We don't have inflation because the people are living too well.",charged,Weakening,"And yet, his 1980 economic message stated that we would reduce productivity and gross national product and increase unemployment in order to get a handle on inflation, because in January, at the beginning of the year, it was more than 18%. Since then, he has charged the people for inflation, OPEC, he has charged the Federal Reserve system, he has charged the lack of productivity of the American people, he has then accused the people of living too well and that we must share in scarcity, we must sacrifice and get used to doing with less. We don't have inflation because the people are living too well."
2016,this is like medieval times,AppealtoEmotion,Loaded Language,"But this is locker room talk. You know, when we have a world where you have ISIS chopping off heads, where you have—and, frankly, drowning people in steel cages, where you have wars and horrible, horrible sights all over, where you have so many bad things happening, this is like medieval times. We haven’t seen anything like this, the carnage all over the world.",as it what had happened in the past,Rephrasing,"But this is locker room talk. You know, when we have a world where you have ISIS chopping off heads, where you have—and, frankly, drowning people in steel cages, where you have wars and horrible, horrible sights all over, where you have so many bad things happening, as it what had happened in the past. We haven’t seen anything like this, the carnage all over the world."
2000,Right now our military is the strongest in the entire history of the world.,AppealtoEmotion,Flag waving,We stand for those values and we have to be willing to assert them. Right now our military is the strongest in the entire history of the world. I will -- I pledge to you I will do whatever is necessary to make sure that it stays that way.,,Removing additional reference,We stand for those values and we have to be willing to assert them.  I will -- I pledge to you I will do whatever is necessary to make sure that it stays that way.
2000,the finger of blame looking for scapegoats,AppealtoEmotion,Loaded Language,"He managed to reach across partisan lines and unite republicans, and democrats and independents and put them to work to achieve good things for the State of Texas. Partly because he didn't point the finger of blame looking for scapegoats he was quick to share the credit. He ended up, as a result of that activity of his first term, having the top Democrat in the state, Bob Bulloch, endorse George Bush for reelection.",the finger of blame looking for martyrs,Weakening,"He managed to reach across partisan lines and unite republicans, and democrats and independents and put them to work to achieve good things for the State of Texas. Partly because he didn't point the finger of blame looking for martyrs he was quick to share the credit. He ended up, as a result of that activity of his first term, having the top Democrat in the state, Bob Bulloch, endorse George Bush for reelection."
2004,terrorist safe havens,AppealtoEmotion,Loaded Language,"I don't see how the Iraqis are going to have confidence in the American president if all they hear is that it was a mistake to be there in the first place. This war is a long, long war, and it requires steadfast determination and it requires a complete understanding that we not only chase down Al Qaida but we disrupt terrorist safe havens as well as people who could provide the terrorists with support. Well, the president and his experts have told America that it's not a question of if; it's a question of when.",terrorist hideouts,Rephrasing,"I don't see how the Iraqis are going to have confidence in the American president if all they hear is that it was a mistake to be there in the first place. This war is a long, long war, and it requires steadfast determination and it requires a complete understanding that we not only chase down Al Qaida but we disrupt terrorist hideouts as well as people who could provide the terrorists with support. Well, the president and his experts have told America that it's not a question of if; it's a question of when."
2004,Medicare belongs to you.,AppealtoEmotion,Flag waving,"Medicare is paid for by the American taxpayer. Medicare belongs to you. Medicare is for seniors, who many of them are on fixed income, to lift them out of poverty.",,Removing additional reference,"Medicare is paid for by the American taxpayer.  Medicare is for seniors, who many of them are on fixed income, to lift them out of poverty."
2004,"You see, we'll never be able to compete in the 21st century unless we have an education system that doesn't quit on children, an education system that raises standards, an education that makes sure there's excellence in every classroom.",AppealtoEmotion,Loaded Language,"In order to make sure people have jobs for the 21st century, we've got to get it right in the education system, and we're beginning to close a minority achievement gap now. You see, we'll never be able to compete in the 21st century unless we have an education system that doesn't quit on children, an education system that raises standards, an education that makes sure there's excellence in every classroom. What he's asking me is, will I have a litmus test for my judges?","You see, we'll never be able to compete in the 21st century unless we have a good education system.",Weakening,"In order to make sure people have jobs for the 21st century, we've got to get it right in the education system, and we're beginning to close a minority achievement gap now. You see, we'll never be able to compete in the 21st century unless we have a good education system. What he's asking me is, will I have a litmus test for my judges?"
1960,"The position of the United States has been that this build - up, in the words of the president, has been foolish.",AppealtoEmotion,Loaded Language,"General Twining, in January, fifty - nine, described the position of the United States. The position of the United States has been that this build - up, in the words of the president, has been foolish. Mr. Herter has said these islands are indefensible.",The president didn't agree with this build.,Rephrasing,"General Twining, in January, fifty - nine, described the position of the United States. The president didn't agree with this build. Mr. Herter has said these islands are indefensible."
1996,"It's going to be a big, big opportunity for a lot of people.",AppealtoEmotion,Loaded Language,"I'm excited about it. It's going to be a big, big opportunity for a lot of people. Let me say first of all, I'm all for students having more choices.",It's going to be a good opportunity for a lot of people.,Removing repetition,"I'm excited about it. It's going to be a good opportunity for a lot of people. Let me say first of all, I'm all for students having more choices."
1992,Right this very minute we're sending supplies in to help these little starving kids in Somalia.,AppealtoEmotion,Flag waving,"I think the US has to still have the Statue of Liberty as a symbol, caring for others. Right this very minute we're sending supplies in to help these little starving kids in Somalia. It's the US that's taken the lead in humanitarian aid into Bosnia.",,Removing additional reference,"I think the US has to still have the Statue of Liberty as a symbol, caring for others.  It's the US that's taken the lead in humanitarian aid into Bosnia."
2004,"This president has made, I regret to say, a colossal error of judgment.",AppealtoEmotion,Loaded Language,"And smart means not diverting your attention from the real war on terror in Afghanistan against Osama bin Laden and taking if off to Iraq where the 9/11 Commission confirms there was no connection to 9/11 itself and Saddam Hussein, and where the reason for going to war was weapons of mass destruction, not the removal of Saddam Hussein. This president has made, I regret to say, a colossal error of judgment. And judgment is what we look for in the president of the United States of America.",This president has made a mistake.,Rephrasing + Removing additional info,"And smart means not diverting your attention from the real war on terror in Afghanistan against Osama bin Laden and taking if off to Iraq where the 9/11 Commission confirms there was no connection to 9/11 itself and Saddam Hussein, and where the reason for going to war was weapons of mass destruction, not the removal of Saddam Hussein. This president has made a mistake. And judgment is what we look for in the president of the United States of America."
1984,voodoo economics,AppealtoEmotion,Loaded Language,"Mr. Reagan, as you saw tonight -- President Reagan takes the position it will disappear by magic. It was once called voodoo economics. I wish the President would say: Yes, the CBO is right.",,Removing additional information,"Mr. Reagan, as you saw tonight -- President Reagan takes the position it will disappear by magic. It was once called . I wish the President would say: Yes, the CBO is right."
2016,"General George Patton, General Douglas MacArthur are spinning in their grave at the stupidity of what we’re doing in the Middle East.",AppealtoEmotion,Loaded Language,"All I say is this. General George Patton, General Douglas MacArthur are spinning in their grave at the stupidity of what we’re doing in the Middle East. I would not use American ground forces in Syria.",,Removing additional reference,All I say is this.  I would not use American ground forces in Syria.
2016,an unbelievable company,AppealtoEmotion,Loaded Language,"Look, it's all words, it's all sound bites. I built an unbelievable company. Some of the greatest assets anywhere in the world, real estate assets anywhere in the world, beyond the United States, in Europe, lots of different places.",a good company,Weakening,"Look, it's all words, it's all sound bites. I built a good company. Some of the greatest assets anywhere in the world, real estate assets anywhere in the world, beyond the United States, in Europe, lots of different places."
1984,this arms madness,AppealtoEmotion,Loaded Language,"In other words, we've got to be tough. But in order to stop this arms madness, we've got to push ahead with tough negotiations that are verifiable so that we know the Soviets are agreeing and living up to their agreement. Support for U. S.",this phenomenon about arms,Generalizing,"In other words, we've got to be tough. But in order to stop this phenomenon about arms, we've got to push ahead with tough negotiations that are verifiable so that we know the Soviets are agreeing and living up to their agreement. Support for U. S."
1992,we've got to clean out the barn,AppealtoEmotion,Loaded Language,"Well, we've got to re -- we've got to clean out the barn, if I may quote my boss, and start getting this investment money on the street so we can get, and encourage entrepreneurs to build factories. We -- the program is out there.",we've got to start from scratch,Rephrasing,"Well, we've got to re -- we've got to start from scratch, if I may quote my boss, and start getting this investment money on the street so we can get, and encourage entrepreneurs to build factories. We -- the program is out there."
2008,the great honor of my life,AppealtoEmotion,Loaded Language,"I've spent my entire life in the service of this nation and putting my country first. Thereâ€™s a long line of McCains that have served our country for a long time in war and in peace, it's been the great honor of my life, and I've been proud to serve. And I hope you'll give me an opportunity to serve again.",an honor,Weakening,"I've spent my entire life in the service of this nation and putting my country first. Thereâ€™s a long line of McCains that have served our country for a long time in war and in peace, it's been an honor, and I've been proud to serve. And I hope you'll give me an opportunity to serve again."
2000,tremendous,AppealtoEmotion,Loaded Language,That is what it is. You leave future generations with tremendous IOUs. It's time to have a leader that doesn't put off tomorrow what we should do today.,big,Weakening,That is what it is. You leave future generations with big IOUs. It's time to have a leader that doesn't put off tomorrow what we should do today.
1980,"These kinds of approaches are very dangerous to the security, the well being and the peace of mind of the retired people of this country and those approaching retirement age.",AppealtoEmotion,Flag waving,"I noticed also in The Wall Street Journal early this week, that a preliminary report of his task force advocates making Social Security more sound by reducing the adjustment in Social Security for the retired people to compensate for the impact of inflation. These kinds of approaches are very dangerous to the security, the well being and the peace of mind of the retired people of this country and those approaching retirement age. But no matter what it takes in the future to keep Social Security sound, it must be kept that way.",These approaches can badly afflict retired people and those approaching retirement age.,Rephrasing,"I noticed also in The Wall Street Journal early this week, that a preliminary report of his task force advocates making Social Security more sound by reducing the adjustment in Social Security for the retired people to compensate for the impact of inflation. These approaches can badly afflict retired people and those approaching retirement age. But no matter what it takes in the future to keep Social Security sound, it must be kept that way."
2004,We've got battling green eye shades.,AppealtoEmotion,Loaded Language,"That raises, he says $800 billion; we say $600 billion. We've got battling green eye shades. Somewhere in between those numbers -- and so there's a difference, what he's promised and what he can raise.",,Removing additional information,"That raises, he says $800 billion; we say $600 billion.  Somewhere in between those numbers -- and so there's a difference, what he's promised and what he can raise."
2008,our brighter days,AppealtoEmotion,Loaded Language,"And you've confirmed once again the fundamental decency and generosity of the American people. And that's why I'm sure that our brighter days are still ahead. But we're going to have to invest in the American people again, in tax cuts for the middle class, in health care for all Americans, and college for every young person who wants to go.",the best,Weakening,"And you've confirmed once again the fundamental decency and generosity of the American people. And that's why I'm sure that the best are still ahead. But we're going to have to invest in the American people again, in tax cuts for the middle class, in health care for all Americans, and college for every young person who wants to go."
2016,a tremendous job.,AppealtoEmotion,Loaded Language,They're going to expand their companies. They're going to do a tremendous job. I'm getting rid of the carried interest provision.,a great job.,Rephrasing,They're going to expand their companies. They're going to do a great job. I'm getting rid of the carried interest provision.
1988,"the very important, very strong program of enforcement",AppealtoEmotion,Loaded Language,"Those are the values I want to bring to the presidency and to the White House beginning in January of 1989. I'm saying that those of us who are elected to positions of political leadership, Jim, have a special responsibility, not only to come up with programs, and I have outlined in detail the very important, very strong program of enforcement as well as drug education prevention. And Mr. Bush is right - the two go hand in hand.",the program of enforcement,Weakening,"Those are the values I want to bring to the presidency and to the White House beginning in January of 1989. I'm saying that those of us who are elected to positions of political leadership, Jim, have a special responsibility, not only to come up with programs, and I have outlined in detail the program of enforcement as well as drug education prevention. And Mr. Bush is right - the two go hand in hand."
2016,a tremendously successful club,AppealtoEmotion,Loaded Language,"No discrimination against African - Americans, against Muslims, against anybody. And it's a tremendously successful club. And I'm so glad I did it.",good club,Weakening,"No discrimination against African - Americans, against Muslims, against anybody. And it's good club. And I'm so glad I did it."
2016,the kind of demagogic rhetoric,AppealtoEmotion,Loaded Language,That’s what we want America to be for our children and our grandchildren. It’s also very short - sighted and even dangerous to be engaging in the kind of demagogic rhetoric that Donald has about Muslims. We need American Muslims to be part of our eyes and ears on our front lines.,thoughts,Rephrasing,That’s what we want America to be for our children and our grandchildren. It’s also very short - sighted and even dangerous to be engaging in thoughts that Donald has about Muslims. We need American Muslims to be part of our eyes and ears on our front lines.
2016,a wonderful charge,AppealtoEmotion,Loaded Language,"No, but I pay tax, and I pay federal tax, too. But I have a write - off, a lot of it’s depreciation, which is a wonderful charge. I love depreciation.",a charge,Removing additional information,"No, but I pay tax, and I pay federal tax, too. But I have a write - off, a lot of it’s depreciation, which is a charge. I love depreciation."
1996,"The biggest tax increase in history. The biggest crime increase in history, the biggest drug increase in history in Arkansas.",AppealtoEmotion,Loaded Language,"I know he wants to disown it. The biggest tax increase in history. The biggest crime increase in history, the biggest drug increase in history in Arkansas. Well, just for the record, when I was governor we had the lowest -- second lowest tax burden of any state in the country, the highest job growth rate of any state when I ran for president and were widely recognized for a lot of other advances.",Arkansas has got many troubles.,Generalizing + weakening,"I know he wants to disown it. Arkansas has got many troubles. Well, just for the record, when I was governor we had the lowest -- second lowest tax burden of any state in the country, the highest job growth rate of any state when I ran for president and were widely recognized for a lot of other advances."
2016,"a very, very sad thing.",AppealtoEmotion,Loaded Language,"They're the best, the best ever at it. What they're doing to us is a very, very sad thing. So we have to do that.",a sad thing.,Removing repetition,"They're the best, the best ever at it. What they're doing to us is a sad thing. So we have to do that."
2000,squabbling and finger pointing,AppealtoEmotion,Loaded Language,"It's called Immediate Helping Hand. Instead of squabbling and finger pointing, he gets immediate help. Let me say something.",conflicting,Rephrasing,"It's called Immediate Helping Hand. Instead of conflicting, he gets immediate help. Let me say something."
2008,wasteful and earmark spending,AppealtoEmotion,Loaded Language,That's the important thing. Who fought against wasteful and earmark spending? Who has been the person who has tried to keep spending under control?,waste and spending on appropriations,Rephrasing,That's the important thing. Who fought against waste and spending on appropriations? Who has been the person who has tried to keep spending under control?
1992,I've been disturbed by the tone and the tenor of this campaign.,AppealtoEmotion,Loaded Language,I also had a program starting last year. I've been disturbed by the tone and the tenor of this campaign. Thank goodness the networks have a fact check so I don't have to just go blue in the face anymore.,I didn't like this campaign.,Weakening,I also had a program starting last year. I didn't like this campaign. Thank goodness the networks have a fact check so I don't have to just go blue in the face anymore.
1960,This is the history of dealing with dictators.,AppealtoEmotion,Loaded Language,"I will only say this, however, in addition: to do what Senator Kennedy has suggested - to suggest that we will surrender these islands or force our Chinese Nationalist allies to surrender them in advance - is not something that would lead to peace; it is something that would lead, in my opinion, to war. This is the history of dealing with dictators. This is something that Senator Kennedy and all Americans must know.",Dealing with them is a bad choice.,Rephrasing,"I will only say this, however, in addition: to do what Senator Kennedy has suggested - to suggest that we will surrender these islands or force our Chinese Nationalist allies to surrender them in advance - is not something that would lead to peace; it is something that would lead, in my opinion, to war. Dealing with them is a bad choice. This is something that Senator Kennedy and all Americans must know."
2004,our boys,AppealtoEmotion,Flag waving,"That's exactly what we're doing. If you put American troops in there in larger number and don't get the Iraqis into the fight, you'll postpone the day when you can in fact bring our boys home. It's vital that we deal with any need for additional troops by putting Iraqis into the effort.",the military forces,Rephrasing,"That's exactly what we're doing. If you put American troops in there in larger number and don't get the Iraqis into the fight, you'll postpone the day when you can in fact bring the military forces home. It's vital that we deal with any need for additional troops by putting Iraqis into the effort."
1976,the deep discouragement of the American people,AppealtoEmotion,Loaded Language,"I think the major reason for a decrease in participation that we have experienced ever since 1960 has been the deep discouragement of the American people about the performance of public officials. When you've got seven and a half, eight million people out of work, and you've got three times as much inflation as you had during the last eight - year Democratic administration, when you have the highest deficits in history; when you have it uh - becoming increasingly difficult far a family to put a child through college or to own a home, there's a natural inclination to be turned off.",the discouragement of the American people,Removing adjective,"I think the major reason for a decrease in participation that we have experienced ever since 1960 has been the discouragement of the American people about the performance of public officials. When you've got seven and a half, eight million people out of work, and you've got three times as much inflation as you had during the last eight - year Democratic administration, when you have the highest deficits in history; when you have it uh - becoming increasingly difficult far a family to put a child through college or to own a home, there's a natural inclination to be turned off."
2016,disgraceful,AppealtoEmotion,Loaded Language,"That was done purposely. When you have your staff taking the Fifth Amendment, taking the Fifth so they're not prosecuted, when you have the man that set up the illegal server taking the Fifth, I think it's disgraceful. And believe me, this country thinks it's—really thinks it's disgraceful, also.",a shame,Weakening,"That was done purposely. When you have your staff taking the Fifth Amendment, taking the Fifth so they're not prosecuted, when you have the man that set up the illegal server taking the Fifth, I think it's a shame. And believe me, this country thinks it's—really thinks it's a shame, also."
2008,get a leg up,AppealtoEmotion,Loaded Language,"And, as a consequence, his consistent pattern throughout his career is to fight for the little guy. That's what he's done when it comes to economic policies that will help working families get a leg up. That's what he's done when it comes to, for example, passing the landmark 1994 crime bill, the Violence Against Women's Act.",boost,Rephrasing,"And, as a consequence, his consistent pattern throughout his career is to fight for the little guy. That's what he's done when it comes to economic policies that will help working families boost. That's what he's done when it comes to, for example, passing the landmark 1994 crime bill, the Violence Against Women's Act."
2000,"They are historic, they are strong, and they are enduring.",AppealtoEmotion,Loaded Language,"Our bonds with Israel are larger than agreements or disagreements on some details of diplomatic initiatives. They are historic, they are strong, and they are enduring. And our ability to serve as an honest broker is something that we need to shepherd.",They are very good.,Rephrasing,Our bonds with Israel are larger than agreements or disagreements on some details of diplomatic initiatives. They are very good. And our ability to serve as an honest broker is something that we need to shepherd.
2004,these extraordinarily difficult missions,AppealtoEmotion,Loaded Language,"We didn't guard the borders. Almost every step of the way, our troops have been left on these extraordinarily difficult missions. I know what it's like to go out on one of those missions when you don't know what's around the corner.",these difficult missions,Removing adjective,"We didn't guard the borders. Almost every step of the way, our troops have been left on these difficult missions. I know what it's like to go out on one of those missions when you don't know what's around the corner."
2004,"I think the greatest possibilities of our country, our dreams and our hopes, are out there just waiting for us to grab onto them.",AppealtoEmotion,Loaded Language,"I believe we can do better. I think the greatest possibilities of our country, our dreams and our hopes, are out there just waiting for us to grab onto them. And I ask you to embark on that journey with me.","There are many possibilities, dreams and hopes to be catched.",Rephrasing,"I believe we can do better. There are many possibilities, dreams and hopes to be catched. And I ask you to embark on that journey with me."
1988,"one of the most tragic, one of the most mistaken foreign policy decisions we've ever made in this country",AppealtoEmotion,Loaded Language,"As a matter of fact, Mr. Bush was the Chairman of a task force on international terrorism which issued a report shortly before that decision was made and said, and rightly so, that we never ever can make concessions to terrorists and hostage takers. And, yet, after sitting through meeting after meeting, he endorsed that decision, endorsed the sale of arms to the Ayatollah in exchange for hostages, one of the most tragic, one of the most mistaken foreign policy decisions we've ever made in this country and I dare say encouraged others to take hostages as we now know. So, there can be no concessions under any circumstances, because if we do it's an open invitation to others to do the same.",,Removing additional information,"As a matter of fact, Mr. Bush was the Chairman of a task force on international terrorism which issued a report shortly before that decision was made and said, and rightly so, that we never ever can make concessions to terrorists and hostage takers. And, yet, after sitting through meeting after meeting, he endorsed that decision, endorsed the sale of arms to the Ayatollah in exchange for hostages,  and I dare say encouraged others to take hostages as we now know. So, there can be no concessions under any circumstances, because if we do it's an open invitation to others to do the same."
2000,a fantastic program,AppealtoEmotion,Loaded Language,The Social Security system is in trouble. It's been a fantastic program and has been there for 65 years that has provided benefits for senior citizens over that period of time. For my parents.,a good program,Weakening,The Social Security system is in trouble. It's been a good program and has been there for 65 years that has provided benefits for senior citizens over that period of time. For my parents.
2016,the very brutal kinds of comments,AppealtoEmotion,Loaded Language,"Well, within hours I said that I was sorry about the way I talked about that, because my argument is not with his supporters. It’s with him and with the hateful and divisive campaign that he has run, and the inciting of violence at his rallies, and the very brutal kinds of comments about not just women, but all Americans, all kinds of Americans. And what he has said about African - Americans and Latinos, about Muslims, about POWs, about immigrants, about people with disabilities, he’s never apologized for.",the bad comments,Weakening,"Well, within hours I said that I was sorry about the way I talked about that, because my argument is not with his supporters. It’s with him and with the hateful and divisive campaign that he has run, and the inciting of violence at his rallies, and the bad comments about not just women, but all Americans, all kinds of Americans. And what he has said about African - Americans and Latinos, about Muslims, about POWs, about immigrants, about people with disabilities, he’s never apologized for."
1976,disarray,AppealtoEmotion,Loaded Language,"Also, we'll never be strong again overseas, unless we're strong at home. And with our economy in such terrible disarray and getting worse by the month. We've got five - hundred thousand more Americans unemployed today than we had three months ago.",disorder,Rephrasing,"Also, we'll never be strong again overseas, unless we're strong at home. And with our economy in such terrible disorder and getting worse by the month. We've got five - hundred thousand more Americans unemployed today than we had three months ago."
2004,a slush fund,AppealtoEmotion,Loaded Language,"Now, I voted the way I voted because I saw that he had the policy wrong and I wanted accountability. I didn't want to give a slush fund to Halliburton. I also thought the wealthiest people in America ought to pay for it, ladies and gentlemen.",a secret fund,Rephrasing,"Now, I voted the way I voted because I saw that he had the policy wrong and I wanted accountability. I didn't want to give a secret fund to Halliburton. I also thought the wealthiest people in America ought to pay for it, ladies and gentlemen."
2016,The education is a disaster. Jobs are essentially nonexistent.,AppealtoEmotion,Loaded Language,"African- Americans now 45 percent poverty in the inner cities. The education is a disaster. Jobs are essentially nonexistent. I mean, it’s—you know, and I’ve been saying at big speeches where I have 20,000 and 30,000 people, what do you have to lose?",Education and job sectors are living a bad moment.,Rephrasing,"African- Americans now 45 percent poverty in the inner cities. Education and job sectors are living a bad moment. I mean, it’s—you know, and I’ve been saying at big speeches where I have 20,000 and 30,000 people, what do you have to lose?"
1960,a fundamental error,AppealtoEmotion,Loaded Language,I would say that the issue will stay with us as a campaign issue just as long as Senator Kennedy persists in what I think is a fundamental error. He says he supports the President's position.,a mistake,Weakening,I would say that the issue will stay with us as a campaign issue just as long as Senator Kennedy persists in what I think is a mistake. He says he supports the President's position.
2004,But I'll never fail to protect the United States of America.,AppealtoEmotion,Flag waving,"That's how you gain legitimacy with your own countrypeople, and that's how you gain legitimacy in the world. But I'll never fail to protect the United States of America. In 1990, there was a vast coalition put together to run Saddam Hussein out of Kuwait.",,Removing additional reference,"That's how you gain legitimacy with your own countrypeople, and that's how you gain legitimacy in the world.  In 1990, there was a vast coalition put together to run Saddam Hussein out of Kuwait."
1996,a serious risk,AppealtoEmotion,Loaded Language,"We have seen progress during the last four years because policies like these have been working. This risky scheme that I've described tonight has been said by many objective observers to not add up, it would be a serious risk. Our plan, by contrast, has been working and will work more.",a bad approach,Weakening,"We have seen progress during the last four years because policies like these have been working. This risky scheme that I've described tonight has been said by many objective observers to not add up, it would be a bad approach. Our plan, by contrast, has been working and will work more."
1980,a very great insensitivity,AppealtoEmotion,Loaded Language,"We have made good progress, and there is no doubt in my mind that the commitment to unemployment compensation, the minimum wage, welfare, national health insurance, those kinds of commitments that have typified the Democratic party since ancient history in this country's political life are a very important element of the future. In all those elements, Governor Reagan has repeatedly spoken out against them, which, to me, shows a very great insensitivity to giving deprived families a better chance in life. This, to me, is a very important difference between him and me in this election, and I believe the American people will judge accordingly.",disinterest,Weakening,"We have made good progress, and there is no doubt in my mind that the commitment to unemployment compensation, the minimum wage, welfare, national health insurance, those kinds of commitments that have typified the Democratic party since ancient history in this country's political life are a very important element of the future. In all those elements, Governor Reagan has repeatedly spoken out against them, which, to me, shows disinterest to giving deprived families a better chance in life. This, to me, is a very important difference between him and me in this election, and I believe the American people will judge accordingly."
2016,a total mess,AppealtoEmotion,Loaded Language,"The secretary said very strongly about working with—we've been working with them for many years, and we have the greatest mess anyone's ever seen. You look at the Middle East, it's a total mess. Under your direction, to a large extent.",a chaos,Weakening,"The secretary said very strongly about working with—we've been working with them for many years, and we have the greatest mess anyone's ever seen. You look at the Middle East, it's a chaos. Under your direction, to a large extent."
1960,the tremendous talents that our people have,AppealtoEmotion,Loaded Language,"We have to move into those areas with programs so that we make adequate use of the resources of those areas. We also have to see that all of the people of the United States - the tremendous talents that our people have - are used adequately. That's why in this whole area of civil rights, the equality of opportunity for employment and education is not just for the benefit of the minority groups, it's for the benefit of the nation so that we can get the scientists and the engineers and all the rest that we need.",the great talents that our people have,Rephrasing,"We have to move into those areas with programs so that we make adequate use of the resources of those areas. We also have to see that all of the people of the United States - the great talents that our people have - are used adequately. That's why in this whole area of civil rights, the equality of opportunity for employment and education is not just for the benefit of the minority groups, it's for the benefit of the nation so that we can get the scientists and the engineers and all the rest that we need."
1984,insensitive,AppealtoEmotion,Loaded Language,"The American people want this environment protected. They know that these toxic waste dumps should have been cleaned up a long time ago, and they know that people's lives and health are being risked, because we've had an administration that has been totally insensitive to the law and the demand for the protection of the environment. The American people want their children educated.",unresponsive,Rephrasing,"The American people want this environment protected. They know that these toxic waste dumps should have been cleaned up a long time ago, and they know that people's lives and health are being risked, because we've had an administration that has been totally unresponsive to the law and the demand for the protection of the environment. The American people want their children educated."
1992,these deadly tenements,AppealtoEmotion,Loaded Language,"But here's something that we can take great pride in because it really does get to what you're talking about. Our home initiative -- our home ownership initiative -- HOPE -- that passed the Congress is a good start for having people own their own homes instead of living in these deadly tenements. Our enterprise zones, that we hear a lot of lip service about in Congress, would bring jobs into the inner city.",these bad flats,Weakening,"But here's something that we can take great pride in because it really does get to what you're talking about. Our home initiative -- our home ownership initiative -- HOPE -- that passed the Congress is a good start for having people own their own homes instead of living in these bad flats. Our enterprise zones, that we hear a lot of lip service about in Congress, would bring jobs into the inner city."
1960,slum clearance,AppealtoEmotion,Loaded Language,More progress in the past eight years than in the whole eighty years before. He talks about the progress in the field of slum clearance and the like. We find four times as many projects undertaken and completed in this Administration than in the previous one.,urban redevelopment,Rephrasing,More progress in the past eight years than in the whole eighty years before. He talks about the progress in the field of urban redevelopment and the like. We find four times as many projects undertaken and completed in this Administration than in the previous one.
2004,an aggressive effort,AppealtoEmotion,Loaded Language,"I agree, we shouldn't have quotas. But we ought to have an aggressive effort to make sure people are educated, to make sure when they get out of high school there's Pell Grants available for them, which is what we've done. We've expanded Pell Grants by a million students.",an effort,Removing adjective,"I agree, we shouldn't have quotas. But we ought to have an effort to make sure people are educated, to make sure when they get out of high school there's Pell Grants available for them, which is what we've done. We've expanded Pell Grants by a million students."
1980,the great people of this country,AppealtoEmotion,Flag waving,"I would like to have a crusade today, and I would like to lead that crusade with your help. And it would be one to take Government off the backs of the great people of this country, and turn you loose again to do those things that I know you can do so well, because you did them and made this country great. Thank you.",the people,Generalizing,"I would like to have a crusade today, and I would like to lead that crusade with your help. And it would be one to take Government off the backs of the people, and turn you loose again to do those things that I know you can do so well, because you did them and made this country great. Thank you."
2000,"It's ironic that there are now -- there is now a smaller percentage of the voters made up of parents with children than ever in American history because of the aging of our population, but at the same time we've got the largest generation of students in public schools ever.",AppealtoEmotion,Loaded Language,"Traditionally, if you've been involved in a campaign like that, you know that the parents with kids in school are the ones that turn out and vote. It's ironic that there are now -- there is now a smaller percentage of the voters made up of parents with children than ever in American history because of the aging of our population, but at the same time we've got the largest generation of students in public schools ever. More than 90% of America's children go to public schools.","There is now a smaller percentage of the voters made up of parents with children than ever in American history because of the aging of our population, but at the same time we've got the largest generation of students in public schools ever.",Removing additional reference,"Traditionally, if you've been involved in a campaign like that, you know that the parents with kids in school are the ones that turn out and vote. There is now a smaller percentage of the voters made up of parents with children than ever in American history because of the aging of our population, but at the same time we've got the largest generation of students in public schools ever. More than 90% of America's children go to public schools."
1992,It is absolutely essential in terms of bringing our banking system and credit system into the new age instead of having it living back in the dark ages. And it's a big fight.,AppealtoEmotion,Loaded Language,"One thing I've called for that has been stymied, and I'll keep on working for it, is a whole financial reform legislation. It is absolutely essential in terms of bringing our banking system and credit system into the new age instead of having it living back in the dark ages. And it's a big fight. And I don't want to give my friend Ross another shot at me here but I am fighting with the Congress to get this through.",It is essential in terms of bringing our banking system and credit system into the new age instead of having it living back in the bad times. And it's a fight.,Weakening,"One thing I've called for that has been stymied, and I'll keep on working for it, is a whole financial reform legislation. It is essential in terms of bringing our banking system and credit system into the new age instead of having it living back in the bad times. And it's a fight. And I don't want to give my friend Ross another shot at me here but I am fighting with the Congress to get this through."
2016,disaster,AppealtoEmotion,Loaded Language,"We invested in a solar company, our country. That was a disaster. They lost plenty of money on that one.",bad idea,Weakening,"We invested in a solar company, our country. That was a bad idea. They lost plenty of money on that one."
2008,the extraordinary honor,AppealtoEmotion,Loaded Language,"I'm absolutely convinced we can do it. I would ask for your vote, and I promise you that if you give me the extraordinary honor of serving as your president, I will work every single day, tirelessly, on your behalf and on the behalf of the future of our children. Thank you very much.",the honor,Removing adjective,"I'm absolutely convinced we can do it. I would ask for your vote, and I promise you that if you give me the honor of serving as your president, I will work every single day, tirelessly, on your behalf and on the behalf of the future of our children. Thank you very much."
1980,this ridiculous proposal,AppealtoEmotion,Loaded Language,"Governor Reagan's proposal, the Reagan - Kemp - Roth proposal, is one of the most highly inflationary ideas that ever has been presented to the American public. He would actually have to cut Government spending by at least $130 billion in order to balance the budget under this ridiculous proposal. I notice that his task force that is working for his future plans had some of their ideas revealed in The Wall Street Journal this week.",this proposal,Removing adjective,"Governor Reagan's proposal, the Reagan - Kemp - Roth proposal, is one of the most highly inflationary ideas that ever has been presented to the American public. He would actually have to cut Government spending by at least $130 billion in order to balance the budget under this proposal. I notice that his task force that is working for his future plans had some of their ideas revealed in The Wall Street Journal this week."
1984,And he has a record of weakness with regard to our national defense that is second to none.,AppealtoEmotion,Loaded Language,"[Laughter] He was against the F - 14 fighter, he was against the M - 1 tank, he was against the B - 1 bomber, he wanted to cut the salary of all of the military, he wanted to bring home half of the American forces in Europe. And he has a record of weakness with regard to our national defense that is second to none. Indeed, he was on that side virtually throughout all his years in the Senate.",And he has a record of vulnerability with regard to our national defense that is second to none.,Rephrasing,"[Laughter] He was against the F - 14 fighter, he was against the M - 1 tank, he was against the B - 1 bomber, he wanted to cut the salary of all of the military, he wanted to bring home half of the American forces in Europe. And he has a record of vulnerability with regard to our national defense that is second to none. Indeed, he was on that side virtually throughout all his years in the Senate."
1996,as our nation's drug czar,AppealtoEmotion,Loaded Language,"Let me tell you what I tried to do about it. I appointed a four - star general who led our efforts south of the border to keep drugs from coming into the country as our nation's drug czar. The most heavily directed, decorated solder in uniform when he retired.",,Removing additional information,"Let me tell you what I tried to do about it. I appointed a four - star general who led our efforts south of the border to keep drugs from coming into the country . The most heavily directed, decorated solder in uniform when he retired."
1988,the most agonizing decisions,AppealtoEmotion,Loaded Language,"Peter, it's one of the most agonizing decisions a president has to make. These are American citizens, we care deeply about them.",the most difficult decisions,Rephrasing,"Peter, it's one of the most difficult decisions a president has to make. These are American citizens, we care deeply about them."
2008,a vigorous supporter,AppealtoEmotion,Loaded Language,"Even FOX News disputes it, and that doesn't happen very often when it comes to accusations about me. So the fact of the matter is that if I occasionally have mistaken your policies for George Bush's policies, it's because on the core economic issues that matter to the American people, on tax policy, on energy policy, on spending priorities, you have been a vigorous supporter of President Bush. Now, you've shown independence -- commendable independence, on some key issues like torture, for example, and I give you enormous credit for that.",a supporter,Removing adjective,"Even FOX News disputes it, and that doesn't happen very often when it comes to accusations about me. So the fact of the matter is that if I occasionally have mistaken your policies for George Bush's policies, it's because on the core economic issues that matter to the American people, on tax policy, on energy policy, on spending priorities, you have been a supporter of President Bush. Now, you've shown independence -- commendable independence, on some key issues like torture, for example, and I give you enormous credit for that."
2008,an enormous burden,AppealtoEmotion,Loaded Language,"It means that we are helping state and local governments set up road projects and bridge projects that keep people in their jobs. And then long - term we've got to fix our health care system, we've got to fix our energy system that is putting such an enormous burden on families. You need somebody working for you and you've got to have somebody in Washington who is thinking about the middle class and not just those who can afford to hire lobbyists.",big load,Rephrasing,"It means that we are helping state and local governments set up road projects and bridge projects that keep people in their jobs. And then long - term we've got to fix our health care system, we've got to fix our energy system that is putting such big load on families. You need somebody working for you and you've got to have somebody in Washington who is thinking about the middle class and not just those who can afford to hire lobbyists."
1960,We were threatened by a veto if we passed a dollar and a quarter,AppealtoEmotion,Loaded Language,And I might say that two - thirds of the Republicans in the House voted against a dollar twenty - five cent minimum wage and a majority of the Democrats sustained it - nearly two - thirds of them voted for the dollar twenty - five. We were threatened by a veto if we passed a dollar and a quarter - it's extremely difficult with the great power that the president does to pass any bill when the president is opposed to it. All the president needs to sustain his veto of any bill is one - third plus one in either the House or the Senate.,We were afraid of a veto if we passed a dollar and a quarter,Weakening,And I might say that two - thirds of the Republicans in the House voted against a dollar twenty - five cent minimum wage and a majority of the Democrats sustained it - nearly two - thirds of them voted for the dollar twenty - five. We were afraid of a veto if we passed a dollar and a quarter - it's extremely difficult with the great power that the president does to pass any bill when the president is opposed to it. All the president needs to sustain his veto of any bill is one - third plus one in either the House or the Senate.
1988,We cannot be strong militarily when we're teeter - tottering on top of a mountain of debt which has been created in the past eight years.,AppealtoEmotion,Loaded Language,Let's not forget that our national security and our economic security go hand in hand. We cannot be strong militarily when we're teeter - tottering on top of a mountain of debt which has been created in the past eight years. That's why we need a Democratic administration in Washington in 1989.,We cannot be strong militarily if we are faltering with a large debt created in the last eight years.,Rephrasing,Let's not forget that our national security and our economic security go hand in hand. We cannot be strong militarily if we are faltering with a large debt created in the last eight years. That's why we need a Democratic administration in Washington in 1989.
1988,But we've got to keep going forward without killing off the engine and throwing people out of work.,AppealtoEmotion,Loaded Language,"And in that there are some Medicaid provisions that will be very helpful to the very kind of people we're talking about here. But we've got to keep going forward without killing off the engine and throwing people out of work. So, the answer lies, it seems to me, in full enforcement of the catastrophic program.",But we've got to keep going forward without killing off the engine and firing.,Rephrasing,"And in that there are some Medicaid provisions that will be very helpful to the very kind of people we're talking about here. But we've got to keep going forward without killing off the engine and firing. So, the answer lies, it seems to me, in full enforcement of the catastrophic program."
2016,It’s an absolute disgrace.,AppealtoEmotion,Loaded Language,"It’s a disgrace. It’s an absolute disgrace. And actually—well, that was very interesting.",,Removing repetition,"It’s a disgrace.  And actually—well, that was very interesting."
1984,unpolluted by,AppealtoEmotion,Loaded Language,"This nation is the most religious nation on Earth -- more people go to church and synagogues than any other nation on Earth -- and it's because we kept the politicians and the state out of the personal exercise of our faith. That's why faith in the United States is pure and unpolluted by the intervention of politicians. And I think if we want to continue -- as I do -- to have a religious nation, lets keep that line and never cross it.",clean from,Weakening,"This nation is the most religious nation on Earth -- more people go to church and synagogues than any other nation on Earth -- and it's because we kept the politicians and the state out of the personal exercise of our faith. That's why faith in the United States is pure and clean from the intervention of politicians. And I think if we want to continue -- as I do -- to have a religious nation, lets keep that line and never cross it."
2008,"Americans are angry, they're upset, and they're a little fearful.",AppealtoEmotion,Flag waving,"You go to the heart of America's worries tonight. Americans are angry, they're upset, and they're a little fearful. It's our job to fix the problem.",,Removing additional reference,You go to the heart of America's worries tonight.  It's our job to fix the problem.
1980,shameful,AppealtoEmotion,Loaded Language,"And as a result, the families of some of our young servicemen are on food stamps today. And I think that's shocking; it's shameful. So, yes, I told the American Legion National!",indecent,Rephrasing,"And as a result, the families of some of our young servicemen are on food stamps today. And I think that's shocking; it's indecent. So, yes, I told the American Legion National!"
1992,strongly favor,AppealtoEmotion,Loaded Language,"And I think you get a certain arrogance, bureaucratic arrogance, if people stay there too long. And so I favor, strongly favor, term limits. And how to get them passed?",,Removing repetition,"And I think you get a certain arrogance, bureaucratic arrogance, if people stay there too long. And so I favor, , term limits. And how to get them passed?"
2008,the other watchdog organizations,AppealtoEmotion,Loaded Language,"So the fact is, let's look at our records, Senator Obama. Let's look at it as graded by the National Taxpayers Union and the Citizens Against Government Waste and the other watchdog organizations. I have fought against spending.",the control organizations,Rephrasing,"So the fact is, let's look at our records, Senator Obama. Let's look at it as graded by the National Taxpayers Union and the Citizens Against Government Waste and the control organizations. I have fought against spending."
2008,those safe havens,AppealtoEmotion,Loaded Language,"Number two, we've got to deal with a growing poppy trade that has exploded over the last several years. Number three, we've got to deal with Pakistan, because Al Qaida and the Taliban have safe havens in Pakistan, across the border in the northwest regions, and although, you know, under George Bush, with the support of Senator McCain, we've been giving them $10 billion over the last seven years, they have not done what needs to be done to get rid of those safe havens. And until we do, Americans here at home are not going to be safe.",those safe shelters,Rephrasing,"Number two, we've got to deal with a growing poppy trade that has exploded over the last several years. Number three, we've got to deal with Pakistan, because Al Qaida and the Taliban have safe havens in Pakistan, across the border in the northwest regions, and although, you know, under George Bush, with the support of Senator McCain, we've been giving them $10 billion over the last seven years, they have not done what needs to be done to get rid of those safe shelters. And until we do, Americans here at home are not going to be safe."
2000,an illusion,AppealtoEmotion,Loaded Language,"The governor, if it's a failing school, would leave the children in that failing school for three years and then give a little bit of money to the parents, a down payment on a down payment for private school tuition, and pretend that that would be enough for them to go out and go to a private school. It's an illusion. Okay.",a fantasy,Rephrasing,"The governor, if it's a failing school, would leave the children in that failing school for three years and then give a little bit of money to the parents, a down payment on a down payment for private school tuition, and pretend that that would be enough for them to go out and go to a private school. It's a fantasy. Okay."
2008,this stubbornness,AppealtoEmotion,Loaded Language,"There are some advantages to experience, and knowledge, and judgment. And I -- and I honestly don't believe that Senator Obama has the knowledge or experience and has made the wrong judgments in a number of areas, including his initial reaction to Russian invasion -- aggression in Georgia, to his -- you know, we've seen this stubbornness before in this administration to cling to a belief that somehow the surge has not succeeded and failing to acknowledge that he was wrong about the surge is -- shows to me that we -- that -- that we need more flexibility in a president of the United States than that. As far as our other issues that he brought up are concerned, I know the veterans.",this perseverance,Weakening,"There are some advantages to experience, and knowledge, and judgment. And I -- and I honestly don't believe that Senator Obama has the knowledge or experience and has made the wrong judgments in a number of areas, including his initial reaction to Russian invasion -- aggression in Georgia, to his -- you know, we've seen this perseverance before in this administration to cling to a belief that somehow the surge has not succeeded and failing to acknowledge that he was wrong about the surge is -- shows to me that we -- that -- that we need more flexibility in a president of the United States than that. As far as our other issues that he brought up are concerned, I know the veterans."
1992,"This is very important. It's a big human problem and a devastating economic problem for America, and I'm going to send a plan to do this within the first 100 days of my presidency. It's terribly important.",AppealtoEmotion,Flag waving,"They now have a plan to cover everybody and their premiums are two - thirds of the rest of the country. This is very important. It's a big human problem and a devastating economic problem for America, and I'm going to send a plan to do this within the first 100 days of my presidency. It's terribly important. I just have to say something.",It's a human and economic problem.,Generalizing + weakening,They now have a plan to cover everybody and their premiums are two - thirds of the rest of the country. It's a human and economic problem. I just have to say something.
2000,"We have the strongest military, and I'll do whatever is necessary, if I'm president, to make sure that it stays that way.",AppealtoEmotion,Flag waving,"And we have to keep our military strong. We have the strongest military, and I'll do whatever is necessary, if I'm president, to make sure that it stays that way. But our real power comes, I think, from our values.",The military forces are strong.,Rephrasing,"And we have to keep our military strong. The military forces are strong. But our real power comes, I think, from our values."
2000,"One of the things the next president must do is to remind people that if we are going to have a responsible period in America, that each of us must love our children with all our heart and all our soul.",AppealtoEmotion,Flag waving,"I wish I knew the law that said all of us would be good parents. One of the things the next president must do is to remind people that if we are going to have a responsible period in America, that each of us must love our children with all our heart and all our soul. I happened to believe strong accountability encourages parental involvement, though.",,Removing additional reference,"I wish I knew the law that said all of us would be good parents.  I happened to believe strong accountability encourages parental involvement, though."
2016,tremendously,AppealtoEmotion,Loaded Language,"We cannot let it happen. Under my plan, I'll be reducing taxes tremendously, from 35 percent to 15 percent for companies, small and big businesses. That's going to be a job creator like we haven't seen since Ronald Reagan.",,Removing adjective,"We cannot let it happen. Under my plan, I'll be reducing taxes , from 35 percent to 15 percent for companies, small and big businesses. That's going to be a job creator like we haven't seen since Ronald Reagan."
1984,"let me sharply disagree with the President on sharing the most advanced, the most dangerous, the most important technology in America with the Soviet Union.",AppealtoEmotion,Loaded Language,"I think that would be the greatest use of a defensive weapon. First of all, let me sharply disagree with the President on sharing the most advanced, the most dangerous, the most important technology in America with the Soviet Union. We have had for many years, understandably, a system of restraints on high technology because the Soviets are behind us.",let me disagree with the President on sharing the main technology in America with the Soviet Union.,Rephrasing,"I think that would be the greatest use of a defensive weapon. First of all, let me disagree with the President on sharing the main technology in America with the Soviet Union. We have had for many years, understandably, a system of restraints on high technology because the Soviets are behind us."
1960,complete uh - economic chaos,AppealtoEmotion,Loaded Language,"That's correct. Well, because I think that if the federal government moved out of the program and withdrew its supports uh - then I think you would have complete uh - economic chaos. The farmer plants in the spring and harvests in the fall.",economic disorder,Rephrasing,"That's correct. Well, because I think that if the federal government moved out of the program and withdrew its supports uh - then I think you would have economic disorder. The farmer plants in the spring and harvests in the fall."
2000,"And my case to the American people is, if you're happy with inactivity, stay with the horse.",AppealtoEmotion,Loaded Language,"And they have not got it done. And my case to the American people is, if you're happy with inactivity, stay with the horse. The horse is up here now.","And my case to the American people is, if you're happy with inactivity, don't vote me.",Rephrasing,"And they have not got it done. And my case to the American people is, if you're happy with inactivity, don't vote me. The horse is up here now."
1960,in every possible circumstance that we can,AppealtoEmotion,Loaded Language,"Von Fremd, the first thing we have to do is to continue to keep confidence abroad in the American dollar. That means that we must continue to have a balanced budget here at home in every possible circumstance that we can; because the moment that we have loss of confidence in our own fiscal policies at home, it results in gold flowing out. Secondly, we have to increase our exports, as compared with our imports.",in any case that we can,Rephrasing,"Von Fremd, the first thing we have to do is to continue to keep confidence abroad in the American dollar. That means that we must continue to have a balanced budget here at home in any case that we can; because the moment that we have loss of confidence in our own fiscal policies at home, it results in gold flowing out. Secondly, we have to increase our exports, as compared with our imports."
1996,this terrible century of war and recession and inflations,AppealtoEmotion,Loaded Language,We need to reform litigation and regulation. And we certainly need to reform this tax code that is a product of this terrible century of war and recession and inflations. It can be done.,this century of war and recession and inflations,Removing adjective,We need to reform litigation and regulation. And we certainly need to reform this tax code that is a product of this century of war and recession and inflations. It can be done.
2004,This president has never once vetoed one bill; the first president in a hundred years not to do that.,AppealtoEmotion,Loaded Language,"I pay for it by changing the relationship with the banks. This president has never once vetoed one bill; the first president in a hundred years not to do that. Well, his rhetoric doesn't match his record.",This president has never once vetoed one bill.,Removing additional reference,"I pay for it by changing the relationship with the banks. This president has never once vetoed one bill. Well, his rhetoric doesn't match his record."
1996,the world's greatest democratic free - enterprise system,AppealtoEmotion,Loaded Language,"You're told where to go to school, you're told what to buy with food stamps. It is a welfare system that is more like a third - world socialist country than what we would expect from the world's greatest democratic free - enterprise system. That must change, and it will under Bob Dole and Jack Kemp.",a democratic free - enterprise system,Removing adjective,"You're told where to go to school, you're told what to buy with food stamps. It is a welfare system that is more like a third - world socialist country than what we would expect from a democratic free - enterprise system. That must change, and it will under Bob Dole and Jack Kemp."
1992,"Nobody's been luckier than I've been, all the way across the spectrum, and the greatest riches of all are my wife and children.",AppealtoEmotion,Loaded Language,"I came from very modest background. Nobody's been luckier than I've been, all the way across the spectrum, and the greatest riches of all are my wife and children. That's true of any family.","Nobody's been luckier than I've been, and the greatest riches of all are my wife and children.",Removing additional information,"I came from very modest background. Nobody's been luckier than I've been, and the greatest riches of all are my wife and children. That's true of any family."
2000,"Are we going to step up to the plate as a nation the way we did after World War II, the way that generation of heroes said okay, the United States is going to be the leader. And the world benefitted tremendously from the courage that they showed in those post - war years.",AppealtoEmotion,Flag waving,"And we have a fundamental choice to make. Are we going to step up to the plate as a nation the way we did after World War II, the way that generation of heroes said okay, the United States is going to be the leader. And the world benefitted tremendously from the courage that they showed in those post - war years. I think that in the aftermath of the Cold War, it's time for us to do something very similar, to step up to the plate, to provide the leadership on the environment, leadership to make sure the world economy keeps moving in the right direction.",,Removing additional reference,"And we have a fundamental choice to make.  I think that in the aftermath of the Cold War, it's time for us to do something very similar, to step up to the plate, to provide the leadership on the environment, leadership to make sure the world economy keeps moving in the right direction."
1988,"We need a strong, credible, effective nuclear deterrent.",AppealtoEmotion,Loaded Language,"And to spend billions and billions of dollars as Mr. Bush apparently wants to, although, he, himself has been all over the lot on this issue lately - on Star Wars - in my judgment makes no sense at all. We need a strong, credible, effective nuclear deterrent. We have 13,000 strategic nuclear warheads right now on land, on sea and in the air, enough to blow up the Soviet Union forty times over.",We need a nuclear deterrent.,Removing adjective,"And to spend billions and billions of dollars as Mr. Bush apparently wants to, although, he, himself has been all over the lot on this issue lately - on Star Wars - in my judgment makes no sense at all. We need a nuclear deterrent. We have 13,000 strategic nuclear warheads right now on land, on sea and in the air, enough to blow up the Soviet Union forty times over."
2000,And I would just like to say that this debate in a way is a living tribute to Mel Carnahan because he loved the vigorous discussion of ideas in our democracy. He was a fantastic governor of Missouri.,AppealtoEmotion,Loaded Language,"Tipper and I were good friends with Mel and Randy, and I know that all of us here want to extend our sympathy and condolences to Jean and the family and to the Sifford family. And I would just like to say that this debate in a way is a living tribute to Mel Carnahan because he loved the vigorous discussion of ideas in our democracy. He was a fantastic governor of Missouri. This state became one of the top five in the nation for health care coverage for children under his leadership.",And I would just like to say that this debate in a way is a living tribute to Mel Carnahan.,Removing additional information,"Tipper and I were good friends with Mel and Randy, and I know that all of us here want to extend our sympathy and condolences to Jean and the family and to the Sifford family. And I would just like to say that this debate in a way is a living tribute to Mel Carnahan. This state became one of the top five in the nation for health care coverage for children under his leadership."
2016,great distress,AppealtoEmotion,Loaded Language,We are a country founded on religious freedom and liberty. How do we do what he has advocated without causing great distress within our own county? Are we going to have religious tests when people fly into our country?,concerns,Rephrasing,We are a country founded on religious freedom and liberty. How do we do what he has advocated without causing concerns within our own county? Are we going to have religious tests when people fly into our country?
1992,The lifeblood of our economy is investment.,AppealtoEmotion,Loaded Language,The lifeblood of our economy is investment. And right now when we pay $350 -- we borrow $350 billion a year it saps the money markets and the private investors are not getting their share.,Our economy is based on investment.,Rephrasing,Our economy is based on investment. And right now when we pay $350 -- we borrow $350 billion a year it saps the money markets and the private investors are not getting their share.
1992,"I don't think there are any villains, but, boy, is the system rotten",AppealtoEmotion,Loaded Language,"They're all nice people, they're just in a bad system. I don't think there are any villains, but, boy, is the system rotten.",The system is corrupted.,Rephrasing + Removing additional info,"They're all nice people, they're just in a bad system. The system is corrupted.."
2016,tremendous,AppealtoEmotion,Loaded Language,"And I don't believe she does have the stamina. To be president of this country, you need tremendous stamina. You have—wait a minute.",a lot of ,Rephrasing,"And I don't believe she does have the stamina. To be president of this country, you need a lot of  stamina. You have—wait a minute."
2000,I think it's a cynicism in Washington and it doesn't have to be that way.,AppealtoEmotion,Loaded Language,"I think it's the attitude. I think it's a cynicism in Washington and it doesn't have to be that way. Before I decided to run, I had to resolve two issues in my mind.",,Removing additional reference,"I think it's the attitude.  Before I decided to run, I had to resolve two issues in my mind."
1960,This is a difficult and sensitive matter.,AppealtoEmotion,Loaded Language,"He can provide an injunction if there's a national emergency for eighty days, then the strike can go on; and there are no other powers or actions that the president could take unless he went to the Congress. This is a difficult and sensitive matter. But to state my view precisely, the president should have a variety of things he could do.",This is a sensitive matter.,Removing adjective,"He can provide an injunction if there's a national emergency for eighty days, then the strike can go on; and there are no other powers or actions that the president could take unless he went to the Congress. This is a sensitive matter. But to state my view precisely, the president should have a variety of things he could do."
1992,an unfair fight,AppealtoEmotion,Loaded Language,"I favor strict controls on how much you can spend running for Congress, strict limits on political action committees, requirements that people running for Congress appear in open public debates like we're doing now. If you did that you could take away the incumbents' advantage because challengers like me would have a chance to run against incumbents like him for House races and Senate races, and then the voters could make up their own mind without being subject to an unfair fight. So that's how I feel about it, and I think if we had the right kind of campaign reform, we'd get the changes you want.",a biased dispute,Rephrasing,"I favor strict controls on how much you can spend running for Congress, strict limits on political action committees, requirements that people running for Congress appear in open public debates like we're doing now. If you did that you could take away the incumbents' advantage because challengers like me would have a chance to run against incumbents like him for House races and Senate races, and then the voters could make up their own mind without being subject to a biased dispute. So that's how I feel about it, and I think if we had the right kind of campaign reform, we'd get the changes you want."
2000,"But it's very important that we not overstep our bounds and I think most people -- most police officers are good, dedicated, honorable citizens who are doing their job, putting their lives at risk who aren't bigoted or aren't prejudiced.",AppealtoEmotion,Loaded Language,"I believe in local control of governments, and obviously if they don't there needs to be a consequence at the federal level. But it's very important that we not overstep our bounds and I think most people -- most police officers are good, dedicated, honorable citizens who are doing their job, putting their lives at risk who aren't bigoted or aren't prejudiced. I don't think they ought to be held guilty.",But it's very important that we not overstep our bounds and I think most people -- most police officers are putting their lives at risk who aren't bigoted or aren't prejudiced.,Removing additional information,"I believe in local control of governments, and obviously if they don't there needs to be a consequence at the federal level. But it's very important that we not overstep our bounds and I think most people -- most police officers are putting their lives at risk who aren't bigoted or aren't prejudiced. I don't think they ought to be held guilty."
1996,gruesome practice,AppealtoEmotion,Loaded Language,"And to think that in this country, for every three births, there is one abortion. But even worse than that, as ugly as that might be -- and I know it's a tragedy to many people both on the pro - choice and pro - life position -- we have a President who vetoed a congressional ban on the ugly and gruesome practice of snatching life away from a child just moments before he or she enters the world. That is unacceptable.",bad practice,Weakening,"And to think that in this country, for every three births, there is one abortion. But even worse than that, as ugly as that might be -- and I know it's a tragedy to many people both on the pro - choice and pro - life position -- we have a President who vetoed a congressional ban on the ugly and bad practice of snatching life away from a child just moments before he or she enters the world. That is unacceptable."
2016,I will knock the hell out of ISIS.,AppealtoEmotion,Loaded Language,"But it’s locker room talk, and it’s one of those things. I will knock the hell out of ISIS. We’re going to defeat ISIS.",I will defeat ISIS.,Rephrasing,"But it’s locker room talk, and it’s one of those things. I will defeat ISIS. We’re going to defeat ISIS."
2016,Horribly wounded.,AppealtoEmotion,Loaded Language,"As an example, in San Bernardino, many people saw the bombs all over the apartment of the two people that killed 14 and wounded many, many people. Horribly wounded. They’ll never be the same.",,Removing repetition,"As an example, in San Bernardino, many people saw the bombs all over the apartment of the two people that killed 14 and wounded many, many people.  They’ll never be the same."
1984,"I will never send troops anywhere on a mission of that kind without telling them that if somebody shoots at them, they can darn well shoot back.",AppealtoEmotion,Loaded Language,"Oh, there were occasional snipings and sometimes some artillery fire, but we did not engage in conflict that was out of line with our mission. I will never send troops anywhere on a mission of that kind without telling them that if somebody shoots at them, they can darn well shoot back. And this is what we did.",I will never send troops anywhere on a mission of that kind without telling them that they can shoot if someone shoots at them.,Rephrasing,"Oh, there were occasional snipings and sometimes some artillery fire, but we did not engage in conflict that was out of line with our mission. I will never send troops anywhere on a mission of that kind without telling them that they can shoot if someone shoots at them. And this is what we did."
1960,the battle for freedom,AppealtoEmotion,Loaded Language,"This one must be stepped up. Beyond that, as far as the gold supply is concerned, and as far as the movement of gold is concerned, uh - we have to bear in mind that we must get more help from our allies abroad in this great venture in which all free men are involved of winning the battle for freedom. Now America has been carrying a tremendous load in this respect.",the right of living,Rephrasing,"This one must be stepped up. Beyond that, as far as the gold supply is concerned, and as far as the movement of gold is concerned, uh - we have to bear in mind that we must get more help from our allies abroad in this great venture in which all free men are involved of winning the right of living. Now America has been carrying a tremendous load in this respect."
1988,It was ignored in that case and it was a very very serious mistake in judgment.,AppealtoEmotion,Loaded Language,That's a basic principle. It was ignored in that case and it was a very very serious mistake in judgment.,It was ignored in that case and it was a mistake in judgment.,Removing repetition,That's a basic principle. It was ignored in that case and it was a mistake in judgment.
1980,I believe that there is enough extravagance and fat in government.,AppealtoEmotion,Loaded Language,"most people, when they think about cutting Government spending, they think in terms of eliminating necessary programs or wiping out something, some service that Government is supposed to perform. I believe that there is enough extravagance and fat in government. As a matter of fact, one of the secretaries of HEW under Mr. Carter testified that he thought there was $7 billion worth of fraud and waste in welfare and in the medical programs associated with it.",The actual government is using a lot of extra money.,Rephrasing,"most people, when they think about cutting Government spending, they think in terms of eliminating necessary programs or wiping out something, some service that Government is supposed to perform. The actual government is using a lot of extra money. As a matter of fact, one of the secretaries of HEW under Mr. Carter testified that he thought there was $7 billion worth of fraud and waste in welfare and in the medical programs associated with it."
1980,"It would have destroyed the economy of California, and, I must say, we had the support of Congress when we pointed out how ridiculous this attempt was by the Environmental Protection Agency.",AppealtoEmotion,Loaded Language,"If it is a well - known fact that I opposed air pollution laws in California, the only thing I can possibly think of is that the President must be suggesting the law that the Federal Government tried to impose on the State of California - not a law, but regulations - that would have made it impossible to drive an automobile within the city limits of any California city, or to have a place to put it if you did drive it against their regulations. It would have destroyed the economy of California, and, I must say, we had the support of Congress when we pointed out how ridiculous this attempt was by the Environmental Protection Agency. We still have the strictest air control, or air pollution laws in the country.","It would have destroyed the economy of California, and, with the support of Congress we pointed out the bad attempt by the Environmental Protection Agency.",Rephrasing,"If it is a well - known fact that I opposed air pollution laws in California, the only thing I can possibly think of is that the President must be suggesting the law that the Federal Government tried to impose on the State of California - not a law, but regulations - that would have made it impossible to drive an automobile within the city limits of any California city, or to have a place to put it if you did drive it against their regulations. It would have destroyed the economy of California, and, with the support of Congress we pointed out the bad attempt by the Environmental Protection Agency. We still have the strictest air control, or air pollution laws in the country."
2016,"Absolutely. I mean, she calls our people deplorable, a large group, and irredeemable.",AppealtoEmotion,Loaded Language,"Absolutely. I mean, she calls our people deplorable, a large group, and irredeemable. I will be a president for all of our people.","Absolutely. I mean, she calls our people using bad words.",Weakening,"Absolutely. I mean, she calls our people using bad words. I will be a president for all of our people."
2004,"Now, that, I think, is one of the most serious, sort of, reversals or mixed messages that you could possibly send.",AppealtoEmotion,Loaded Language,"That happened on this president's watch. Now, that, I think, is one of the most serious, sort of, reversals or mixed messages that you could possibly send. Right.","Now, that, I think, is a bad move.",Weakening,"That happened on this president's watch. Now, that, I think, is a bad move. Right."
1992,But the big argument I have with the governor on this is this taking different positions on different issues -- trying to be one thing to one person here that's opposing the NAFTA agreement and then for it -- what we call waffling. And I do think that you can't turn the White House into the Waffle House.,AppealtoEmotion,Loaded Language,I don't know. But the big argument I have with the governor on this is this taking different positions on different issues -- trying to be one thing to one person here that's opposing the NAFTA agreement and then for it -- what we call waffling. And I do think that you can't turn the White House into the Waffle House. You've got to say what you're for and you've got to -- Excuse me.,But the big argument I have with the governor on this is this taking different positions on different issues -- trying to be one thing to one person here that's opposing the NAFTA agreement and then for it.,Removing additional reference,I don't know. But the big argument I have with the governor on this is this taking different positions on different issues -- trying to be one thing to one person here that's opposing the NAFTA agreement and then for it. You've got to say what you're for and you've got to -- Excuse me.
2000,a significant bread earner,AppealtoEmotion,Loaded Language,"Al Gore and I are committed to closing that gap and achieving that equality. In so many families women are a significant bread earner or the only bread earner. So this cause affects not only the women, but families and the children as well.",the person who works,Rephrasing,"Al Gore and I are committed to closing that gap and achieving that equality. In so many families women are the person who works or the only bread earner. So this cause affects not only the women, but families and the children as well."
1984,"I never, ever conceived of such a thing. I never said any such thing.",AppealtoEmotion,Loaded Language,"You've been all over the country repeating something that, I will admit, the press has also been repeating -- that I believed that nuclear missiles could be fired and then called back. I never, ever conceived of such a thing. I never said any such thing. In a discussion of our strategic arms negotiations, I said that submarines carrying missiles and airplanes carrying missiles were more conventional - type weapons, not as destabilizing as the land - based missiles, and that they were also weapons that -- or carriers -- that if they were sent out and there was a change, you could call them back before they had launched their missiles.",I never said that.,Removing repetition,"You've been all over the country repeating something that, I will admit, the press has also been repeating -- that I believed that nuclear missiles could be fired and then called back. I never said that. In a discussion of our strategic arms negotiations, I said that submarines carrying missiles and airplanes carrying missiles were more conventional - type weapons, not as destabilizing as the land - based missiles, and that they were also weapons that -- or carriers -- that if they were sent out and there was a change, you could call them back before they had launched their missiles."
2000,we had pretty well decimated,AppealtoEmotion,Loaded Language,"We'll have to see if that happens. The thing about Iraq, of course, was at the end of the war we had pretty well decimated their military. We had put them back in the box, so to speak.",they'll lose a lot of ,Weakening,"We'll have to see if that happens. The thing about Iraq, of course, was at the end of the war they'll lose a lot of  their military. We had put them back in the box, so to speak."
1992,It is a bad economy. It's a tough economy.,AppealtoEmotion,Loaded Language,"But let's talk -- you know, you keep talking about trickle - down economics and all this stuff, about the worst economy since Hoover. It is a bad economy. It's a tough economy. The question isn't -- it's not who you're going to blame; it's what are you going to do about it?",,Removing repetition,"But let's talk -- you know, you keep talking about trickle - down economics and all this stuff, about the worst economy since Hoover.  The question isn't -- it's not who you're going to blame; it's what are you going to do about it?"
2000,And we can renew and rekindle the American spirit and make our future what our founders dreamed it could be. We can.,AppealtoEmotion,Flag waving,We need campaign finance reform and we need to shoot straight with young and old alike and tell them what the real choices are. And we can renew and rekindle the American spirit and make our future what our founders dreamed it could be. We can. Tell you what I hear.,,Removing additional reference,We need campaign finance reform and we need to shoot straight with young and old alike and tell them what the real choices are.  Tell you what I hear.
1980,some very misleading and disturbing statements,AppealtoEmotion,Loaded Language,"Yes. Governor Reagan is making some very misleading and disturbing statements. He not only advocates the scrapping of this treaty - and I don't know that these men that he quotes are against the treaty in its final form - but he also advocates the possibility, he said it's been a missing element, of playing a trump card against the Soviet Union of a nuclear arms race, and is insisting upon nuclear superiority by our own nation, as a predication for negotiation in the future with the Soviet Union.",ambiguous statements,Rephrasing,"Yes. Governor Reagan is making ambiguous statements. He not only advocates the scrapping of this treaty - and I don't know that these men that he quotes are against the treaty in its final form - but he also advocates the possibility, he said it's been a missing element, of playing a trump card against the Soviet Union of a nuclear arms race, and is insisting upon nuclear superiority by our own nation, as a predication for negotiation in the future with the Soviet Union."
1984,Why I disagree with the MX is that it's a sitting duck.,AppealtoEmotion,Loaded Language,"And I support the air launch cruise missile, the ground launch cruise missile, the Pershing missile, the Trident submarine, the D - 5 submarine, Stealth technology, the Midgetman -- we have a whole range of technology. Why I disagree with the MX is that it's a sitting duck. It'll draw an attack.",Why I disagree with the MX is that it's too easy to catch it.,Rephrasing,"And I support the air launch cruise missile, the ground launch cruise missile, the Pershing missile, the Trident submarine, the D - 5 submarine, Stealth technology, the Midgetman -- we have a whole range of technology. Why I disagree with the MX is that it's too easy to catch it. It'll draw an attack."
2016,dark things said about Muslims,AppealtoEmotion,Loaded Language,"Well, thank you for asking your question. And I’ve heard this question from a lot of Muslim - Americans across our country, because, unfortunately, there’s been a lot of very divisive, dark things said about Muslims. And even someone like Captain Khan, the young man who sacrificed himself defending our country in the United States Army, has been subject to attack by Donald.",bad things about Muslims,Weakening,"Well, thank you for asking your question. And I’ve heard this question from a lot of Muslim - Americans across our country, because, unfortunately, there’s been a lot of very divisive, bad things about Muslims. And even someone like Captain Khan, the young man who sacrificed himself defending our country in the United States Army, has been subject to attack by Donald."
1984,lopsided,AppealtoEmotion,Loaded Language,"One final point if I might. There's another part of the lopsided economy that we're in today, and that is that these heavy deficits have killed exports and are swamping the Nation with cheap imports. We are now $120 billion of imports, 3 million jobs lost, and farmers are having their worst year.",imbalanced,Rephrasing,"One final point if I might. There's another part of the imbalanced economy that we're in today, and that is that these heavy deficits have killed exports and are swamping the Nation with cheap imports. We are now $120 billion of imports, 3 million jobs lost, and farmers are having their worst year."
1976,embarrassment,AppealtoEmotion,Loaded Language,"First of all, I would quit conducting the decision - making process in secret, as has been a characteristic of Mr. Kissinger and Mr. Ford. In many instances we've made agreements, like in Vietnam, uh - that have uh - been revealed later on to our uh - embarrassment. Recently Ian Smith, the uh - president of uh - Rhodesia, announced that he had unequivocal commitments from Mr. Kissinger that he could not reveal.",confusion,Rephrasing,"First of all, I would quit conducting the decision - making process in secret, as has been a characteristic of Mr. Kissinger and Mr. Ford. In many instances we've made agreements, like in Vietnam, uh - that have uh - been revealed later on to our uh - confusion. Recently Ian Smith, the uh - president of uh - Rhodesia, announced that he had unequivocal commitments from Mr. Kissinger that he could not reveal."
2004,Somebody called that stubborn.,AppealtoEmotion,Loaded Language,"I remember when Ronald Reagan was the president; he stood on principle. Somebody called that stubborn. He stood on principle standing up to the Soviet Union, and we won that conflict.",,Removing additional information,"I remember when Ronald Reagan was the president; he stood on principle.  He stood on principle standing up to the Soviet Union, and we won that conflict."
1996,You're spending millions and millions of dollars in negative ads frightening senior citizens.,AppealtoEmotion,Loaded Language,"It's a question between trust and fear, and I would say, I think, Mr. President, about all you've got going in this campaign is fear. You're spending millions and millions of dollars in negative ads frightening senior citizens. I know this to be a fact because I had one tell me last week, Senator don't cut my Medicare.",You're spending millions and millions of dollars in negative ads that affect senior citizens.,Weakening,"It's a question between trust and fear, and I would say, I think, Mr. President, about all you've got going in this campaign is fear. You're spending millions and millions of dollars in negative ads that affect senior citizens. I know this to be a fact because I had one tell me last week, Senator don't cut my Medicare."
1980,a total misunderstanding,AppealtoEmotion,Loaded Language,"That we are, indeed, an energy - rich nation. Well, Mr. Greenberg, I simply cannot allow to go unpassed the statements that have just been made by Mr. Reagan, who once again, has demonstrated, I think, a total misunderstanding of the energy crisis that confronts, not only this country, but the world, when he suggests that we have 27 years' supply of natural gas, 47 years' supply of oil, and all the rest, and that we really. all we have to do is to get the Government off the back of the oil industry, and that's going to be enough.",a misconception,Rephrasing,"That we are, indeed, an energy - rich nation. Well, Mr. Greenberg, I simply cannot allow to go unpassed the statements that have just been made by Mr. Reagan, who once again, has demonstrated, I think, a misconception of the energy crisis that confronts, not only this country, but the world, when he suggests that we have 27 years' supply of natural gas, 47 years' supply of oil, and all the rest, and that we really. all we have to do is to get the Government off the back of the oil industry, and that's going to be enough."
1980,for heaven's sakes,AppealtoEmotion,Loaded Language,"That meant immediately 46% of your people that were signing up had no reason for signing up. So I think it is a case of pay scale, of recognizing that if we're going to have young men and women responsible for our security, dealing with this sophisticated equipment, then for heaven's sakes, let's go out and have a pay scale that is commensurate with the sacrifice that we're asking of them. Along with this, I think we need something else that has been allowed to deteriorate.",,Removing additional reference,"That meant immediately 46% of your people that were signing up had no reason for signing up. So I think it is a case of pay scale, of recognizing that if we're going to have young men and women responsible for our security, dealing with this sophisticated equipment, then , let's go out and have a pay scale that is commensurate with the sacrifice that we're asking of them. Along with this, I think we need something else that has been allowed to deteriorate."
2004,So the president's wrong.,AppealtoEmotion,Loaded Language,And I'm very proud of that. So the president's wrong.,I don't agree with the president.,Rephrasing,And I'm very proud of that. I don't agree with the president.
2016,a beautiful thing,AppealtoEmotion,Loaded Language,That's going to be a job creator like we haven't seen since Ronald Reagan. It's going to be a beautiful thing to watch. Companies will come.,,Removing additional information,That's going to be a job creator like we haven't seen since Ronald Reagan. It's going to be  to watch. Companies will come.
1980,"It's a lonely job, but with the involvement of the American people in the process, with an open Government, the job is a very gratifying one.",AppealtoEmotion,Flag waving,"And the final judgment about the future of the nation - war, peace, involvement, reticence, thoughtfulness, care, consideration, concern - has to be made by the man in the Oval Office. It's a lonely job, but with the involvement of the American people in the process, with an open Government, the job is a very gratifying one. The American people now are facing, next Tuesday, a lonely decision.","It's a lonely job, but with the involvement of the people, with an open Government, the job is a very gratifying one.",Removing additional reference,"And the final judgment about the future of the nation - war, peace, involvement, reticence, thoughtfulness, care, consideration, concern - has to be made by the man in the Oval Office. It's a lonely job, but with the involvement of the people, with an open Government, the job is a very gratifying one. The American people now are facing, next Tuesday, a lonely decision."
2000,"And to make sure our society is as hopeful as it possibly can be, every single child in America must be educated. I mean every child.",AppealtoEmotion,Flag waving,"She's right. And to make sure our society is as hopeful as it possibly can be, every single child in America must be educated. I mean every child. It starts with making sure every child learns to read.",Children need to be educated to have a hope for our society.,Rephrasing,She's right. Children need to be educated to have a hope for our society. It starts with making sure every child learns to read.
2016,tremendous,AppealtoEmotion,Loaded Language,"I'm very proud of it. It will create tremendous numbers of new jobs. But regulations, you are going to regulate these businesses out of existence.",big,Rephrasing,"I'm very proud of it. It will create big numbers of new jobs. But regulations, you are going to regulate these businesses out of existence."
2008,That's not the way we cut -- we'll cut out all the pork.,AppealtoEmotion,Loaded Language,"Senator Obama has asked for nearly $1 billion in pork - barrel earmark projects... ... including $3 million for an overhead projector in a planetarium in his hometown. That's not the way we cut -- we'll cut out all the pork. Well, look, I think that we do have a disagreement about an across - the - board spending freeze.",I don't agree with this approach.,Rephrasing,"Senator Obama has asked for nearly $1 billion in pork - barrel earmark projects... ... including $3 million for an overhead projector in a planetarium in his hometown. I don't agree with this approach. Well, look, I think that we do have a disagreement about an across - the - board spending freeze."
1996,America is the greatest place on the face of the earth.,AppealtoEmotion,Flag waving,"And ever since that time, I've tried to give something back to my country, to the people who are watching us tonight. America is the greatest place on the face of the earth. Now, I know millions of you still have anxieties.",,Removing additional reference,"And ever since that time, I've tried to give something back to my country, to the people who are watching us tonight.  Now, I know millions of you still have anxieties."
1992,But don't just sit here slow dancing for 4 years doing nothing.,AppealtoEmotion,Loaded Language,"And the way you get things done is bury yourselves in the room with one another, put together the best program, take it to the American people, use the electronic town hall, the kind of thing you're doing here tonight, build a consensus and then do it and then go on to the next one. But don't just sit here slow dancing for 4 years doing nothing.",Try to do something instead to be still.,Rephrasing,"And the way you get things done is bury yourselves in the room with one another, put together the best program, take it to the American people, use the electronic town hall, the kind of thing you're doing here tonight, build a consensus and then do it and then go on to the next one. Try to do something instead to be still."
1960,"I do not suggest in any way, nor have I ever, that that indicates that Mr. Nixon has the slightest sympathy, involvement, or in any way imply any inferences in regard to the Ku Klux Klan.",AppealtoEmotion,Loaded Language,"Well the que- the - Mr. Griffin, I believe, who is the head of the Klan, who lives in Tampa, Florida, indicated a - in a statement, I think, two or three weeks ago that he was not going to vote for me, and that he was going to vote for Mr. Nixon. I do not suggest in any way, nor have I ever, that that indicates that Mr. Nixon has the slightest sympathy, involvement, or in any way imply any inferences in regard to the Ku Klux Klan. That's absurd.","I do not suggest in any way, nor have I ever, that that indicates that Mr. Nixon has some connections with the Ku Klux Klan.",Weakening,"Well the que- the - Mr. Griffin, I believe, who is the head of the Klan, who lives in Tampa, Florida, indicated a - in a statement, I think, two or three weeks ago that he was not going to vote for me, and that he was going to vote for Mr. Nixon. I do not suggest in any way, nor have I ever, that that indicates that Mr. Nixon has some connections with the Ku Klux Klan. That's absurd."
1996,"tremendous courage, vision, wisdom, and leadership",AppealtoEmotion,Loaded Language,"The fighting has stopped in Bosnia. President Bill Clinton showed tremendous courage, vision, wisdom, and leadership in having our country take the lead in rallying our allies, bringing the warring factions together in Dayton, Ohio, and hammering out a peace agreement that has ended the war in Bosnia. We hope that it will stay over with.","a lot of courage, vision, wisdom, and leadership",Weakening,"The fighting has stopped in Bosnia. President Bill Clinton showed a lot of courage, vision, wisdom, and leadership in having our country take the lead in rallying our allies, bringing the warring factions together in Dayton, Ohio, and hammering out a peace agreement that has ended the war in Bosnia. We hope that it will stay over with."
1988,"These programs have been cut and slashed and butchered, and they've hurt kids all over this country.",AppealtoEmotion,Loaded Language,"I know what's happened over the course of the past eight years. These programs have been cut and slashed and butchered, and they've hurt kids all over this country. Well, I said a few minutes ago, Peter, that you could improve the lives of families and youngsters and save money at the same time.",These programs have affected badly the kids all over this country.,Weakening,"I know what's happened over the course of the past eight years. These programs have affected badly the kids all over this country. Well, I said a few minutes ago, Peter, that you could improve the lives of families and youngsters and save money at the same time."
2016,the distinguished federal judge,AppealtoEmotion,Loaded Language,"And Donald insulted and attacked them for weeks over their religion. He never apologized to the distinguished federal judge who was born in Indiana, but Donald said he couldn’t be trusted to be a judge because his parents were, quote, “Mexican.”He never apologized to the reporter that he mimicked and mocked on national television and our children were watching. And he never apologized for the racist lie that President Obama was not born in the United States of America.",the federal judge,Weakening,"And Donald insulted and attacked them for weeks over their religion. He never apologized to the federal judge who was born in Indiana, but Donald said he couldn’t be trusted to be a judge because his parents were, quote, “Mexican.”He never apologized to the reporter that he mimicked and mocked on national television and our children were watching. And he never apologized for the racist lie that President Obama was not born in the United States of America."
1980,an unequaled record in the history of our country,AppealtoEmotion,Loaded Language,"We are energy rich, and coal is one of the great potentials we have. To repeat myself, we have this year the opportunity, which we'll realize, to produce 800 million tons of coal - an unequaled record in the history of our country. Governor Reagan says that this is not a good achievement, and he blames restraints on coal production on regulations - regulations that affect the life and the health and safety of miners, and also regulations that protect the purity of our air and the quality our water and our land.",a unique record in the history of our country,Rephrasing,"We are energy rich, and coal is one of the great potentials we have. To repeat myself, we have this year the opportunity, which we'll realize, to produce 800 million tons of coal - a unique record in the history of our country. Governor Reagan says that this is not a good achievement, and he blames restraints on coal production on regulations - regulations that affect the life and the health and safety of miners, and also regulations that protect the purity of our air and the quality our water and our land."
2016,It’s a disgrace.,AppealtoEmotion,Loaded Language,"And all you have to do is go to a great place like West Virginia or places like Ohio, which is phenomenal, or places like Pennsylvania and you see what they’re doing to the people, miners and others in the energy business. It’s a disgrace. It’s an absolute disgrace.",,Removing repetition,"And all you have to do is go to a great place like West Virginia or places like Ohio, which is phenomenal, or places like Pennsylvania and you see what they’re doing to the people, miners and others in the energy business.  It’s an absolute disgrace."
2000,That is a very happy ending to a terrible story. It's the end of a reign of terror.,AppealtoEmotion,Loaded Language,"There are some press reports that are unconfirmed that say that Milosevic has actually left Belgrade. That is a very happy ending to a terrible story. It's the end of a reign of terror. If that is not confirmed and does not happen, then I think the United States, with its European allies, ought to do everything we can to encourage the people of Serbia to do exactly what they've been doing over the last few days to rise up and end this reign of terror by Milosevic, and bring themselves back into the family of nations where they will be welcomed by the United States and others.",That is a happy ending to a terrible story.,Removing repetition,"There are some press reports that are unconfirmed that say that Milosevic has actually left Belgrade. That is a happy ending to a terrible story. If that is not confirmed and does not happen, then I think the United States, with its European allies, ought to do everything we can to encourage the people of Serbia to do exactly what they've been doing over the last few days to rise up and end this reign of terror by Milosevic, and bring themselves back into the family of nations where they will be welcomed by the United States and others."
1992,a painful program,AppealtoEmotion,Loaded Language,"And right now when we pay $350 -- we borrow $350 billion a year it saps the money markets and the private investors are not getting their share. What we do is work on that budget by an aggressive program, not a painful program, so that we can start borrowing less money and getting more investment money on the street through entrepreneurs who can build factories, who will hire people, and maybe we'll start manufacturing goods here in this country again. That's -- that's my answer.",bad program,Weakening,"And right now when we pay $350 -- we borrow $350 billion a year it saps the money markets and the private investors are not getting their share. What we do is work on that budget by an aggressive program, not bad program, so that we can start borrowing less money and getting more investment money on the street through entrepreneurs who can build factories, who will hire people, and maybe we'll start manufacturing goods here in this country again. That's -- that's my answer."
2004,"I just think trying to be popular, kind of, in the global sense, if it's not in our best interest makes no sense.",AppealtoEmotion,Loaded Language,"My opponent is for joining the International Criminal Court. I just think trying to be popular, kind of, in the global sense, if it's not in our best interest makes no sense. I'm interested in working with our nations and do a lot of it.",,Removing additional information,My opponent is for joining the International Criminal Court.  I'm interested in working with our nations and do a lot of it.
2004,this rosy scenario,AppealtoEmotion,Loaded Language,"But the reality is it was said. Here's what's actually happened in Afghanistan, regardless of this rosy scenario that they paint on Afghanistan, just like they do with Iraq. What's actually happened is they're now providing 75 percent of the world's opium.",this scenario,Removing adjective,"But the reality is it was said. Here's what's actually happened in Afghanistan, regardless of this scenario that they paint on Afghanistan, just like they do with Iraq. What's actually happened is they're now providing 75 percent of the world's opium."
2016,"a disaster education - wise, job - wise, safety - wise, in every way possible",AppealtoEmotion,Loaded Language,"I heard them when they were running for the Senate in New York, where Hillary was going to bring back jobs to upstate New York and she failed. I’ve heard them where Hillary is constantly talking about the inner cities of our country, which are a disaster education - wise, job - wise, safety - wise, in every way possible. I’m going to help the African - Americans.","not good from the job, safety and other point of views.",Rephrasing,"I heard them when they were running for the Senate in New York, where Hillary was going to bring back jobs to upstate New York and she failed. I’ve heard them where Hillary is constantly talking about the inner cities of our country, which are not good from the job, safety and other point of views.. I’m going to help the African - Americans."
2008,And we have former members of Congress now residing in federal prison because of the evils of this earmarking and pork - barrel spending.,AppealtoEmotion,Loaded Language,"It's a gateway to out - of - control spending and corruption. And we have former members of Congress now residing in federal prison because of the evils of this earmarking and pork - barrel spending. You know, we spent $3 million to study the DNA of bears in Montana.",And we have former members of Congress now residing in federal prison because of these approaches.,Removing additional information,"It's a gateway to out - of - control spending and corruption. And we have former members of Congress now residing in federal prison because of these approaches. You know, we spent $3 million to study the DNA of bears in Montana."
2016,a terrible job,AppealtoEmotion,Loaded Language,"I am going to help the inner cities. She’s done a terrible job for the African - Americans. She wants their vote, and she does nothing, and then she comes back four years later.",a bad job,Weakening,"I am going to help the inner cities. She’s done a bad job for the African - Americans. She wants their vote, and she does nothing, and then she comes back four years later."
1992,"Now, finally, if you can't pay the bills you're dead in the water.",AppealtoEmotion,Loaded Language,"And we will have so many people who are qualified for the top job that it will be terrific. Now, finally, if you can't pay the bills you're dead in the water. And we have got to put our nation back to work.","Now, finally, if you can't pay the bills you're in trouble.",Rephrasing,"And we will have so many people who are qualified for the top job that it will be terrific. Now, finally, if you can't pay the bills you're in trouble. And we have got to put our nation back to work."
2000,"I think a lot of times we just spend aid and say we feel better about it and it ends up being spent the wrong way, and there's some pretty egregious examples recently.",AppealtoEmotion,Loaded Language,"I think foreign aid needs to be used to encourage markets and reform. I think a lot of times we just spend aid and say we feel better about it and it ends up being spent the wrong way, and there's some pretty egregious examples recently. One being Russia, where we had IMF loans that ended up in the pockets of a lot of powerful people and didn't help the nation.",I think a lot of times we just spend aid and say we feel better about it and it ends up being spent the wrong way.,Removing additional information,"I think foreign aid needs to be used to encourage markets and reform. I think a lot of times we just spend aid and say we feel better about it and it ends up being spent the wrong way. One being Russia, where we had IMF loans that ended up in the pockets of a lot of powerful people and didn't help the nation."
2000,"But if you have a situation like that right in our backyard with chaos about to break out and flotillas forming to come across the water, and all kinds of violence there, right in one of our neighboring countries there, then I think that we did the right thing there.",AppealtoEmotion,Loaded Language,"That's really about all we can do. But if you have a situation like that right in our backyard with chaos about to break out and flotillas forming to come across the water, and all kinds of violence there, right in one of our neighboring countries there, then I think that we did the right thing there. And as for this idea of nation building, the phrase sounds grandiose.","But if you have a situation like that in our country andin one of our neighboring countries there, then I think that we did the right thing there.",Removing additional information,"That's really about all we can do. But if you have a situation like that in our country andin one of our neighboring countries there, then I think that we did the right thing there. And as for this idea of nation building, the phrase sounds grandiose."
1980,"And it would also be very disturbing to our allies, all of whom support this nuclear arms treaty.",AppealtoEmotion,Loaded Language,"It would change the basic tone and commitment that our nation has experienced ever since the Second World War, with al Presidents, Democratic and Republican. And it would also be very disturbing to our allies, all of whom support this nuclear arms treaty. In addition to that, the adversarial relationship between ourselves and the Soviet Union would undoubtedly deteriorate very rapidly.","And our allies would not appreciate that, all of whom support this nuclear arms treaty.",Rephrasing,"It would change the basic tone and commitment that our nation has experienced ever since the Second World War, with al Presidents, Democratic and Republican. And our allies would not appreciate that, all of whom support this nuclear arms treaty. In addition to that, the adversarial relationship between ourselves and the Soviet Union would undoubtedly deteriorate very rapidly."
2004,He called them coerced and the bribed.,AppealtoEmotion,Loaded Language,You cannot lead the world if you do not honor the contributions of those who are with us. He called them coerced and the bribed. That's not how you bring people together.,He is against them.,Rephrasing,You cannot lead the world if you do not honor the contributions of those who are with us. He is against them. That's not how you bring people together.
1996,"He twisted arms and got six Democrats to vote the other way, but we lost by one vote.",AppealtoEmotion,Loaded Language,"First of all, it's a balanced budget amendment to the Constitution which President Clinton defeated. He twisted arms and got six Democrats to vote the other way, but we lost by one vote. It's balancing a budget by the year 2002.","He convinced six Democrats to vote the other way, but we lost by one vote.",Rephrasing,"First of all, it's a balanced budget amendment to the Constitution which President Clinton defeated. He convinced six Democrats to vote the other way, but we lost by one vote. It's balancing a budget by the year 2002."
1992,That is absolutely outrageous.,AppealtoEmotion,Loaded Language,We do not have any program that encourages companies to close down here and to go and invest on foreign soil. That is absolutely outrageous. Of course American businesses do have business abroad; we've got global competition.,,Removing additional information,We do not have any program that encourages companies to close down here and to go and invest on foreign soil.  Of course American businesses do have business abroad; we've got global competition.
1996,tremendous progress,AppealtoEmotion,Loaded Language,"Look around the world at other places where they have not paid attention to the necessity of promoting harmony of, between different ethnic, racial and religious, and cultural groups. We ought to be very proud in our country, as most Americans are, that we've made tremendous progress, but we ought to recognize that we have more work to do. Now, the first thing that we are trying to do is to create a million new jobs in the inner cities of this country, with tax credits for employers who hire people who are now unemployed.",progress,Removing adjective,"Look around the world at other places where they have not paid attention to the necessity of promoting harmony of, between different ethnic, racial and religious, and cultural groups. We ought to be very proud in our country, as most Americans are, that we've made progress, but we ought to recognize that we have more work to do. Now, the first thing that we are trying to do is to create a million new jobs in the inner cities of this country, with tax credits for employers who hire people who are now unemployed."
1988,"As I've seen abortions sometimes used as a birth control device, for heavens sakes.",AppealtoEmotion,Loaded Language,"Sometimes people feel a little uncomfortable talking about this, but it's much clearer for me now. As I've seen abortions sometimes used as a birth control device, for heavens sakes. See the millions of these killings accumulate, and this is one where you can have an honest difference of opinion.",As I've seen abortions sometimes used as a contraception method.,Rephrasing,"Sometimes people feel a little uncomfortable talking about this, but it's much clearer for me now. As I've seen abortions sometimes used as a contraception method. See the millions of these killings accumulate, and this is one where you can have an honest difference of opinion."
1992,That's just totally ridiculous.,AppealtoEmotion,Loaded Language,"But never have we ever, nor would we, support the idea of someone closing down a factory here and moving overseas. That's just totally ridiculous. It's going on right now; it happened in Tennessee, in Decaturville, Tennessee.",,Removing additional information,"But never have we ever, nor would we, support the idea of someone closing down a factory here and moving overseas.  It's going on right now; it happened in Tennessee, in Decaturville, Tennessee."
2000,disparaging,AppealtoEmotion,Loaded Language,"I want to say something, Jim. This man has been disparaging my plan with all this Washington fuzzy math. I want you to hear a problem weâ€™ve got here in the USA.",minimizing,Rephrasing,"I want to say something, Jim. This man has been minimizing my plan with all this Washington fuzzy math. I want you to hear a problem weâ€™ve got here in the USA."
1984,"We are going to, as I say, we're busy trying to find the centers where these operations stem from, and retaliation will be taken.",AppealtoEmotion,Loaded Language,"These are unidentified people, and after the bomb goes off, they're blown to bits because they are suicidal individuals who think they're going to go to paradise if they perpetrate such an act and lose their life in doing it. We are going to, as I say, we're busy trying to find the centers where these operations stem from, and retaliation will be taken. But we're not going to simply kill some people to say, ""Oh, look, we got even.''","We are going to, as I say, we're busy trying to find the centers where these operations stem from.",Removing additional information,"These are unidentified people, and after the bomb goes off, they're blown to bits because they are suicidal individuals who think they're going to go to paradise if they perpetrate such an act and lose their life in doing it. We are going to, as I say, we're busy trying to find the centers where these operations stem from. But we're not going to simply kill some people to say, ""Oh, look, we got even.''"
1980,mischievous men,AppealtoEmotion,Loaded Language,"And I make it plain again: I am for women's rights. But I would like to call the attention of the people to the fact that that so - called simple amendment would be used by mischievous men to destroy discriminations that properly belong, by law, to women respecting the physical differences between the two sexes, labor laws that protect them against things that would be physically harmful to them. Those would all, could all be challenged by men.",rude men,Rephrasing,"And I make it plain again: I am for women's rights. But I would like to call the attention of the people to the fact that that so - called simple amendment would be used by rude men to destroy discriminations that properly belong, by law, to women respecting the physical differences between the two sexes, labor laws that protect them against things that would be physically harmful to them. Those would all, could all be challenged by men."
1996,much harsher language,AppealtoEmotion,Loaded Language,"That is the issue, not scaring people in America. Well, as I said before, he used much harsher language when he talked about Bob Dole. He said that Bob Dole's solution for every single problem was to increase taxes.",another language,Weakening,"That is the issue, not scaring people in America. Well, as I said before, he used another language when he talked about Bob Dole. He said that Bob Dole's solution for every single problem was to increase taxes."
1980,the very disturbing comment,AppealtoEmotion,Loaded Language,"In countries like Libya or Iraq, we have even alienated some of our closest trade partners because we have insisted upon the control of the spread of nuclear weapons to those potentially terrorist countries. When Governor Reagan has been asked about that, he makes the very disturbing comment that non - proliferation, or the control of the spread of nuclear weapons, is none of our business. And recently when he was asked specifically about Iraq, he said there is nothing we can do about it.",the silly comment,Rephrasing,"In countries like Libya or Iraq, we have even alienated some of our closest trade partners because we have insisted upon the control of the spread of nuclear weapons to those potentially terrorist countries. When Governor Reagan has been asked about that, he makes the silly comment that non - proliferation, or the control of the spread of nuclear weapons, is none of our business. And recently when he was asked specifically about Iraq, he said there is nothing we can do about it."
2000,There is nothing more prejudiced than not educating a child.,AppealtoEmotion,Loaded Language,"And so to make sure we end up getting rid of basic structural prejudice is education. There is nothing more prejudiced than not educating a child. Well, I think we need tough enforcement of the civil rights laws.",It's a bad thing not educating a child.,Rephrasing,"And so to make sure we end up getting rid of basic structural prejudice is education. It's a bad thing not educating a child. Well, I think we need tough enforcement of the civil rights laws."
1976,One of the uh - most embarrassing uh - failures,AppealtoEmotion,Loaded Language,"But not until they have given us the full accounting of our MIAs. One of the uh - most embarrassing uh - failures of the Ford administration, and one that touches specifically on human rights, is his refusal to appoint a presidential commission to go to Vietnam, to go to Laos, to go to Cambodia and try to trade for the release of information about those who are missing in action in those wars. This is what the families of MIAs want.",One of the worst failures,Rephrasing,"But not until they have given us the full accounting of our MIAs. One of the worst failures of the Ford administration, and one that touches specifically on human rights, is his refusal to appoint a presidential commission to go to Vietnam, to go to Laos, to go to Cambodia and try to trade for the release of information about those who are missing in action in those wars. This is what the families of MIAs want."
2008,such an enormous,AppealtoEmotion,Loaded Language,"Our troops have performed brilliantly. The question is for the next president, are we making good judgments about how to keep America safe precisely because sending our military into battle is such an enormous step. And the point that I originally made is that we took our eye off Afghanistan, we took our eye off the folks who perpetrated 9/11, they are still sending out videotapes and Senator McCain, nobody is talking about defeat in Iraq, but I have to say we are having enormous problems in Afghanistan because of that decision.",an important ,Rephrasing,"Our troops have performed brilliantly. The question is for the next president, are we making good judgments about how to keep America safe precisely because sending our military into battle is an important  step. And the point that I originally made is that we took our eye off Afghanistan, we took our eye off the folks who perpetrated 9/11, they are still sending out videotapes and Senator McCain, nobody is talking about defeat in Iraq, but I have to say we are having enormous problems in Afghanistan because of that decision."
1996,Drop dead. Drop dead.,AppealtoEmotion,Loaded Language,"Just say that area qualifies for no Capital Gains Tax, zero, nada. Drop dead. Drop dead. We don't want to change the legislation that would lower the tax rate in D. C., allow welfare mothers to take a job without any tax on the first 90 percent of her income and no Capital Gain Tax that should be done in every urban area of America that would make capital flow back, and you can't have capitalism, Al, without capital.",,Removing repetition,"Just say that area qualifies for no Capital Gains Tax, zero, nada.  We don't want to change the legislation that would lower the tax rate in D. C., allow welfare mothers to take a job without any tax on the first 90 percent of her income and no Capital Gain Tax that should be done in every urban area of America that would make capital flow back, and you can't have capitalism, Al, without capital."
1960,the most dangers- dangerously irresponsible recommendations,AppealtoEmotion,Loaded Language,"Our policies are very different. I think that Senator Kennedy's policies and recommendations for the handling of the Castro regime are probably the most dangers- dangerously irresponsible recommendations that he's made during the course of this campaign. In effect, what Senator Kennedy recommends is that the United States government should give help to the exiles and to those within Cuba who oppose the Castro regime - provided they are anti - Batista.",the worst recommendations,Weakening,"Our policies are very different. I think that Senator Kennedy's policies and recommendations for the handling of the Castro regime are probably the worst recommendations that he's made during the course of this campaign. In effect, what Senator Kennedy recommends is that the United States government should give help to the exiles and to those within Cuba who oppose the Castro regime - provided they are anti - Batista."
1988,"I don't think there's any question about that, and I resent it. I resent it.",AppealtoEmotion,Loaded Language,"Of course, the vice president is questioning my patriotism. I don't think there's any question about that, and I resent it. I resent it. My parents came to this country as immigrants.",,Removing additional information,"Of course, the vice president is questioning my patriotism.  My parents came to this country as immigrants."
1960,deadly competition,AppealtoEmotion,Loaded Language,"There is no question but that we cannot discuss our internal affairs in the United States without recognizing that they have a tremendous bearing on our international position. There is no question but that this nation cannot stand still; because we are in a deadly competition, a competition not only with the men in the Kremlin, but the men in Peking. We're ahead in this competition, as Senator Kennedy, I think, has implied.",competition,Removing adjective,"There is no question but that we cannot discuss our internal affairs in the United States without recognizing that they have a tremendous bearing on our international position. There is no question but that this nation cannot stand still; because we are in a competition, a competition not only with the men in the Kremlin, but the men in Peking. We're ahead in this competition, as Senator Kennedy, I think, has implied."
2004,They're going from tyranny to elections.,AppealtoEmotion,Loaded Language,And he talked about how optimistic he was and the country was about heading toward elections. Think about it: They're going from tyranny to elections. He talked about the reconstruction efforts that are beginning to take hold.,They're changing their behaviour.,Rephrasing,And he talked about how optimistic he was and the country was about heading toward elections. Think about it: They're changing their behaviour. He talked about the reconstruction efforts that are beginning to take hold.
2000,"And the vast majority of all family businesses would be completely exempt, and all of the others would have sharply reduced.",AppealtoEmotion,Loaded Language,"And under the plan that I've proposed, 80% of all family farms will be completely exempt from the estate tax. And the vast majority of all family businesses would be completely exempt, and all of the others would have sharply reduced. So 80% -- now the problem with completely eliminating it goes back to the wealthiest 1%.","Most of family businesses would be exempt, and all of the others would have slightly reduced.",Rephrasing,"And under the plan that I've proposed, 80% of all family farms will be completely exempt from the estate tax. Most of family businesses would be exempt, and all of the others would have slightly reduced. So 80% -- now the problem with completely eliminating it goes back to the wealthiest 1%."
1976,a horrible mess,AppealtoEmotion,Loaded Language,"The budget was more grossly out of balance last year than ever before in the history of our country - $65 billion - primarily because our people are not at work. Inflation is robbing us, as we've already discussed, and the government bureaucracy is uh - just a horrible mess. This doesn't have to be.",chaos,Weakening,"The budget was more grossly out of balance last year than ever before in the history of our country - $65 billion - primarily because our people are not at work. Inflation is robbing us, as we've already discussed, and the government bureaucracy is uh - just chaos. This doesn't have to be."
2004,"And, as a result, America is now bearing this extraordinary burden where we are not as safe as we ought to be.",AppealtoEmotion,Loaded Language,"I believe that this president, regrettably, rushed us into a war, made decisions about foreign policy, pushed alliances away. And, as a result, America is now bearing this extraordinary burden where we are not as safe as we ought to be. The measurement is not: Are we safer?","And, as a result, America is asking if it's safe or not.",Rephrasing,"I believe that this president, regrettably, rushed us into a war, made decisions about foreign policy, pushed alliances away. And, as a result, America is asking if it's safe or not. The measurement is not: Are we safer?"
2000,There's too much bitterness in Washington. There's too much wrangling.,AppealtoEmotion,Loaded Language,It didn't happen. There's too much bitterness in Washington. There's too much wrangling. It's time to have a fresh start.,There's chaos in Washington.,Rephrasing,It didn't happen. There's chaos in Washington. It's time to have a fresh start.
1980,an enormous number of jobs,AppealtoEmotion,Loaded Language,"In the second quarter, we had dropped it down to about 13%. The most recent figures, the last three months, on the third quarter of this year, the inflation rate is 7% - still too high, but it illustrates very vividly that in addition to providing an enormous number of jobs - nine million new jobs in the last three and a half years - that the inflationary threat is still urgent on us. I notice that Governor Reagan recently mentioned the Reagan - Kemp - Roth proposal.",a lot of jobs,Weakening,"In the second quarter, we had dropped it down to about 13%. The most recent figures, the last three months, on the third quarter of this year, the inflation rate is 7% - still too high, but it illustrates very vividly that in addition to providing a lot of jobs - nine million new jobs in the last three and a half years - that the inflationary threat is still urgent on us. I notice that Governor Reagan recently mentioned the Reagan - Kemp - Roth proposal."
1988,"It's taken months and months and months to get Mr. Bush and the administration to support that legislation, and they're still resisting.",AppealtoEmotion,Loaded Language,"The 50 governors of this nation have proposed to the Congress that we help those families to get off of welfare, help those youngsters, help their mothers to become independent and self - sufficient. It's taken months and months and months to get Mr. Bush and the administration to support that legislation, and they're still resisting. That's the way you help people.",It's taken time to get Mr. Bush and the administration to support that legislation,Weakening,"The 50 governors of this nation have proposed to the Congress that we help those families to get off of welfare, help those youngsters, help their mothers to become independent and self - sufficient. It's taken time to get Mr. Bush and the administration to support that legislation That's the way you help people."
2004,"I disagree, strongly disagree with that.",AppealtoEmotion,Loaded Language,"I reject this notion -- and I'm suggesting my opponent isn't -- I reject the notion that some say that if you're Muslim you can't free, you don't desire freedom. I disagree, strongly disagree with that. I couldn't agree more that the Iraqis want to be free and that they could be free.",,Removing repetition,"I reject this notion -- and I'm suggesting my opponent isn't -- I reject the notion that some say that if you're Muslim you can't free, you don't desire freedom.  I couldn't agree more that the Iraqis want to be free and that they could be free."
1980,disgraceful,AppealtoEmotion,Loaded Language,"It comes out of a general fund, but something should be done about it. I think it is disgraceful that the Disability Insurance Fund in Social Security finds checks going every month to tens of thousands of people who are locked up in our institutions for crime or for mental illness, and they are receiving disability checks from Social Security every month while a state institution provides for all of their needs and their care. I think this debate on Social Security, Medicare, national health insurance typifies, as vividly any other subject tonight, the basic historical differences between the Democratic Party and Republican Party.",unrespectable,Rephrasing,"It comes out of a general fund, but something should be done about it. I think it is unrespectable that the Disability Insurance Fund in Social Security finds checks going every month to tens of thousands of people who are locked up in our institutions for crime or for mental illness, and they are receiving disability checks from Social Security every month while a state institution provides for all of their needs and their care. I think this debate on Social Security, Medicare, national health insurance typifies, as vividly any other subject tonight, the basic historical differences between the Democratic Party and Republican Party."
2004,"He changes positions on something as fundamental as what you believe in your core, in your heart of hearts, is right in Iraq.",AppealtoEmotion,Loaded Language,"My concerns about the senator is that, in the course of this campaign, I've been listening very carefully to what he says, and he changes positions on the war in Iraq. He changes positions on something as fundamental as what you believe in your core, in your heart of hearts, is right in Iraq. You cannot lead if you send mixed messages.",,Removing additional reference,"My concerns about the senator is that, in the course of this campaign, I've been listening very carefully to what he says, and he changes positions on the war in Iraq.  You cannot lead if you send mixed messages."
1980,literally thousands of unnecessary regulations that invade every facet of business,AppealtoEmotion,Loaded Language,"So, I think some of those charges are missing the point. I am suggesting that there are literally thousands of unnecessary regulations that invade every facet of business, and indeed, very much of our personal lives, that are unnecessary; that Government can do without; that have added $130 billion to the cost of production in this country; and that are contributing their part to inflation. And I would like to see us a little more free, as we once were.",a lof of issues in the business,Rephrasing,"So, I think some of those charges are missing the point. I am suggesting that there are a lof of issues in the business, and indeed, very much of our personal lives, that are unnecessary; that Government can do without; that have added $130 billion to the cost of production in this country; and that are contributing their part to inflation. And I would like to see us a little more free, as we once were."
1980,a very bright vista,AppealtoEmotion,Loaded Language,"We imported today 2 million barrels of oil less than we did the same date just a year ago. This commitment has been opening up a very bright vista for our nation in the future, because with the windfall profits tax as a base, we now have an opportunity to use American technology and American ability and American natural resources to expand rapidly the production of synthetic fuels, yes; to expand rapidly the production of solar energy, yes; and also to produce the traditional kinds of American energy. We will drill more oil and gas wells this year than any year in history.",a light ,Rephrasing,"We imported today 2 million barrels of oil less than we did the same date just a year ago. This commitment has been opening up a light  for our nation in the future, because with the windfall profits tax as a base, we now have an opportunity to use American technology and American ability and American natural resources to expand rapidly the production of synthetic fuels, yes; to expand rapidly the production of solar energy, yes; and also to produce the traditional kinds of American energy. We will drill more oil and gas wells this year than any year in history."
1980,extremely dangerous and belligerent,AppealtoEmotion,Loaded Language,"In addition to that, the adversarial relationship between ourselves and the Soviet Union would undoubtedly deteriorate very rapidly. This attitude is extremely dangerous and belligerent in its tone, although it's said with a quiet voice. I know the President's supposed to be replying to me, but sometimes, I have a hard time in connecting what he's saying, with what I have said or what my positions are.",a problem,Weakening,"In addition to that, the adversarial relationship between ourselves and the Soviet Union would undoubtedly deteriorate very rapidly. This attitude is a problem in its tone, although it's said with a quiet voice. I know the President's supposed to be replying to me, but sometimes, I have a hard time in connecting what he's saying, with what I have said or what my positions are."
2016,"pigs, slobs and dogs",AppealtoEmotion,Loaded Language,"You know, he tried to switch from looks to stamina. But this is a man who has called women pigs, slobs and dogs, and someone who has said pregnancy is an inconvenience to employers, who has said… I never said that.….",as animals,Weakening,"You know, he tried to switch from looks to stamina. But this is a man who has called women as animals, and someone who has said pregnancy is an inconvenience to employers, who has said… I never said that.…."
1980,"Governor Reagan's proposal, the Reagan - Kemp - Roth proposal, is one of the most highly inflationary ideas that ever has been presented to the American public.",AppealtoEmotion,Loaded Language,"And inflation went down below the national average in California when we returned the money to the people and reduced Government spending. Governor Reagan's proposal, the Reagan - Kemp - Roth proposal, is one of the most highly inflationary ideas that ever has been presented to the American public. He would actually have to cut Government spending by at least $130 billion in order to balance the budget under this ridiculous proposal.",Governor Reagan's proposal has a big negative impact in the inflation.,Rephrasing,And inflation went down below the national average in California when we returned the money to the people and reduced Government spending. Governor Reagan's proposal has a big negative impact in the inflation. He would actually have to cut Government spending by at least $130 billion in order to balance the budget under this ridiculous proposal.
2004,Join me in the wrong war at the wrong time at the wrong place.,AppealtoEmotion,Loaded Language,And what is he going to say to those people that show up at the summit? Join me in the wrong war at the wrong time at the wrong place. Risk your troops in a war you've called a mistake.,,Removing additional reference,And what is he going to say to those people that show up at the summit?  Risk your troops in a war you've called a mistake.
2016,the great Trojan horse of all time.,AppealtoEmotion,Loaded Language,"People are coming into our country like we have no idea who they are, where they are from, what their feelings about our country is, and she wants 550 percent more. This is going to be the great Trojan horse of all time. We have enough problems in this country.",the worst mistake.,Rephrasing,"People are coming into our country like we have no idea who they are, where they are from, what their feelings about our country is, and she wants 550 percent more. This is going to be the worst mistake. We have enough problems in this country."
2000,very distasteful,AppealtoEmotion,Loaded Language,"Bernie, you'll not be surprised to hear that I disagree. First let me talk about that joke about religion which I found very distasteful. And believe me, if anybody has devoted his life to respecting the role of religion in American life and understands that Americans from the beginning of our history have turned to God for strength and purpose, it's me.",inopportune,Rephrasing,"Bernie, you'll not be surprised to hear that I disagree. First let me talk about that joke about religion which I found inopportune. And believe me, if anybody has devoted his life to respecting the role of religion in American life and understands that Americans from the beginning of our history have turned to God for strength and purpose, it's me."
2004,a catastrophic plan,AppealtoEmotion,Loaded Language,"You can save tax - free. You get a catastrophic plan to help you on it. This is different from saying, ""OK, let me incent you to go on the government.""",It's a bad idea,Weakening,"You can save tax - free. You get It's a bad idea to help you on it. This is different from saying, ""OK, let me incent you to go on the government."""
2000,some phony numbers,AppealtoEmotion,Loaded Language,"But it's now time for the next stage of welfare reform, and include fathers and not only mothers. Let me just say that obviously tonight we're going to hear some phony numbers about what I think and what we ought to do. People need to know that over the next ten years it is going to be $25 trillion of revenue that comes into our treasurey and we anticipate spending $21 trillion.",some not real numbers,Rephrasing,"But it's now time for the next stage of welfare reform, and include fathers and not only mothers. Let me just say that obviously tonight we're going to hear some not real numbers about what I think and what we ought to do. People need to know that over the next ten years it is going to be $25 trillion of revenue that comes into our treasurey and we anticipate spending $21 trillion."
2000,fuzzy math,AppealtoEmotion,Loaded Language,Those are very clear differences. The man is practicing fuzzy math again. There's differences.,something strange,Rephrasing,Those are very clear differences. The man is practicing something strange again. There's differences.
1976,a tremendous increase,AppealtoEmotion,Loaded Language,"We had a substantial increase in new permits for housing. As a matter of fact, based on the announcement this week, there will be at an annual rate of a million, eight hundred and some thousand new houses built, which is a tremendous increase over last year and a substantial increase over the earlier part of this year. Now in addition, we had a very - some very good news in the reduction in the rate of inflation.",a large increase,Weakening,"We had a substantial increase in new permits for housing. As a matter of fact, based on the announcement this week, there will be at an annual rate of a million, eight hundred and some thousand new houses built, which is a large increase over last year and a substantial increase over the earlier part of this year. Now in addition, we had a very - some very good news in the reduction in the rate of inflation."
1960,"I've never suggested, even by the vaguest implication, that he did anything but disapprove it.",AppealtoEmotion,Loaded Language,"I would disagree with it. Mr. Nixon knows very well that in this - in this whole matter that's been involved with the so - called religious discussion in this campaign, I've never suggested, even by the vaguest implication, that he did anything but disapprove it. And that's my view now.",I've never suggested he did anything but disapprove it.,Removing additional information,"I would disagree with it. Mr. Nixon knows very well that in this - in this whole matter that's been involved with the so - called religious discussion in this campaign, I've never suggested he did anything but disapprove it. And that's my view now."
1960,sufficient vigor,AppealtoEmotion,Loaded Language,"It's going to be a test of our strength. And because we're going to move in sixty - one and two, partly because we have not maintained our strength with sufficient vigor in the last years, I believe that before we meet that crisis, that the next president of the United States should send a message to Congress asking for a revitalization of our military strength, because come spring or late in the winter we're going to be face to face with the most serious Berlin crisis since l949 or fifty. On the question of the summit, I agree with the position of Mr. Nixon.",effort,Rephrasing,"It's going to be a test of our strength. And because we're going to move in sixty - one and two, partly because we have not maintained our strength with effort in the last years, I believe that before we meet that crisis, that the next president of the United States should send a message to Congress asking for a revitalization of our military strength, because come spring or late in the winter we're going to be face to face with the most serious Berlin crisis since l949 or fifty. On the question of the summit, I agree with the position of Mr. Nixon."
2004,That's the most noble thing that anybody can do.,AppealtoEmotion,Loaded Language,That is noble. That's the most noble thing that anybody can do. And I want to make sure the outcome honors that nobility.,,Removing repetition,That is noble.  And I want to make sure the outcome honors that nobility.
1976,very damaging,AppealtoEmotion,Loaded Language,This is a responsibility of the president. And I think it's very damaging to our country for Mr. Ford to have turned over this responsibility to the secretary of state. Governor Carter again contradicts himself.,a bad idea,Weakening,This is a responsibility of the president. And I think it's a bad idea to our country for Mr. Ford to have turned over this responsibility to the secretary of state. Governor Carter again contradicts himself.
1960,the same kind of woolly thinking,AppealtoEmotion,Loaded Language,"If we do that we start a chain reaction; because the Communists aren't after Quemoy and Matsu, they're a- they're after Formosa. In my opinion this is the same kind of woolly thinking that led to disaster for America in Korea. I am against it.",the same way to think,Weakening,"If we do that we start a chain reaction; because the Communists aren't after Quemoy and Matsu, they're a- they're after Formosa. In my opinion this is the same way to think that led to disaster for America in Korea. I am against it."
1960,defeat,AppealtoEmotion,Loaded Language,"Is the United States standing still? Is it true that this Administration, as Senator Kennedy has charged, has been an Administration of retreat, of defeat, of stagnation? Is it true that, as far as this country is concerned, in the field of electric power, in all of the fields that he has mentioned, we have not been moving ahead.",,Removing adjective,"Is the United States standing still? Is it true that this Administration, as Senator Kennedy has charged, has been an Administration of retreat, of , of stagnation? Is it true that, as far as this country is concerned, in the field of electric power, in all of the fields that he has mentioned, we have not been moving ahead."
1980,"It looks like a bombed - out city - great, gaunt skeletons of buildings. Windows smashed out, painted on one of them ""Unkept promises;"" on another, ""Despair.""",AppealtoEmotion,Loaded Language,"You have to see it to believe it. It looks like a bombed - out city - great, gaunt skeletons of buildings. Windows smashed out, painted on one of them ""Unkept promises;"" on another, ""Despair."" And this was the spot at which President Carter had promised that he was going to bring in a vast program to rebuild this department.",It looks like a bombed - out city.,Removing additional information,You have to see it to believe it. It looks like a bombed - out city. And this was the spot at which President Carter had promised that he was going to bring in a vast program to rebuild this department.
1992,a sorry little post office,AppealtoEmotion,Loaded Language,"Congress has gotten kind of institutionalized. For 38 years one party has controlled the House of Representatives, and the result, a sorry little post office that can't do anything right and a bank that has more overdrafts than all the Chase Bank and Citibank put together. We've got to do something about it.",a tiny post office,Weakening,"Congress has gotten kind of institutionalized. For 38 years one party has controlled the House of Representatives, and the result, a tiny post office that can't do anything right and a bank that has more overdrafts than all the Chase Bank and Citibank put together. We've got to do something about it."
1992,pork barrel,AppealtoEmotion,Loaded Language,"And I think it would discipline not only the Congress, which needs it, but also the executive branch. I'd like to have what 43 governors have -- the line item veto, so if the Congress can't cut, and we've got a reckless spending Congress, let the president have a shot at it by wiping out things that are pork barrel or something of that nature. I've proposed another one.",favors,Rephrasing,"And I think it would discipline not only the Congress, which needs it, but also the executive branch. I'd like to have what 43 governors have -- the line item veto, so if the Congress can't cut, and we've got a reckless spending Congress, let the president have a shot at it by wiping out things that are favors or something of that nature. I've proposed another one."
2012,outrageous,AppealtoEmotion,Loaded Language,"President Bush didn't. President Obama was right, he said that that was outrageous to have deficits as high as half a trillion dollars under the Bush years. He was right, but then he put in place deficits twice that size for every one of his four years.",a shame,Weakening,"President Bush didn't. President Obama was right, he said that that was a shame to have deficits as high as half a trillion dollars under the Bush years. He was right, but then he put in place deficits twice that size for every one of his four years."
2000,a good job of stripping out the capacity,AppealtoEmotion,Loaded Language,"We had put them back in the box, so to speak. We had a strong international coalition raid against them, effective economic sanctions, and a very robust inspection regime was in place under the U. N. auspices and it was able to do a good job of stripping out the capacity to build weapons of mass destruction, the work he had been doing that had not been destroyed during the war in biological and chemical agents, as well as a nuclear program. Unfortunately now we find ourselves in a situation where that started to fray on us, where the coalition now no longer is tied tightly together.",a good job of ridding of the capacity,Rephrasing,"We had put them back in the box, so to speak. We had a strong international coalition raid against them, effective economic sanctions, and a very robust inspection regime was in place under the U. N. auspices and it was able to do a good job of ridding of the capacity to build weapons of mass destruction, the work he had been doing that had not been destroyed during the war in biological and chemical agents, as well as a nuclear program. Unfortunately now we find ourselves in a situation where that started to fray on us, where the coalition now no longer is tied tightly together."
2008,orgy of spending and enormous deficits,AppealtoEmotion,Loaded Language,"John, it's been your president who you said you agreed with 90 percent of the time who presided over this increase in spending. This orgy of spending and enormous deficits you voted for almost all of his budgets. So to stand here and after eight years and say that you're going to lead on controlling spending and, you know, balancing our tax cuts so that they help middle class families when over the last eight years that hasn't happened I think just is, you know, kind of hard to swallow.",expenses and losses,Rephrasing,"John, it's been your president who you said you agreed with 90 percent of the time who presided over this increase in spending. This expenses and losses you voted for almost all of his budgets. So to stand here and after eight years and say that you're going to lead on controlling spending and, you know, balancing our tax cuts so that they help middle class families when over the last eight years that hasn't happened I think just is, you know, kind of hard to swallow."
1960,somewhat unsatisfactory about the figures,AppealtoEmotion,Loaded Language,"I would only suggest that while we do not take the credit for it - I would not presume to - that since that committee has been formed the price line has been held very well within the United States. Well, I would say in the latter that the - and that's what I found uh - somewhat unsatisfactory about the figures uh - Mr. Nixon, that you used in your previous speech, when you talked about the Truman Administration. You - Mr. Truman came to office in nineteen uh - forty - four and at the end of the war, and uh - difficulties that were facing the United States during that period of transition - 1946 when price controls were lifted - so it's rather difficult to use an overall figure taking those seven and a half years and comparing them to the last eight years.",in disagree with your numbers,Rephrasing,"I would only suggest that while we do not take the credit for it - I would not presume to - that since that committee has been formed the price line has been held very well within the United States. Well, I would say in the latter that the - and that's what I found uh - in disagree with your numbers uh - Mr. Nixon, that you used in your previous speech, when you talked about the Truman Administration. You - Mr. Truman came to office in nineteen uh - forty - four and at the end of the war, and uh - difficulties that were facing the United States during that period of transition - 1946 when price controls were lifted - so it's rather difficult to use an overall figure taking those seven and a half years and comparing them to the last eight years."
2004,an aggressive brownfield program,AppealtoEmotion,Loaded Language,"I've got a plan to increase the wetlands by 3 million. We've got an aggressive brownfield program to refurbish inner - city sore spots to useful pieces of property. I proposed to the United States Congress a Clear Skies Initiative to reduce sulfur dioxide, nitrogen oxide and mercury by 70 percent.",a powerful program,Weakening,"I've got a plan to increase the wetlands by 3 million. We've got a powerful program to refurbish inner - city sore spots to useful pieces of property. I proposed to the United States Congress a Clear Skies Initiative to reduce sulfur dioxide, nitrogen oxide and mercury by 70 percent."
1984,ruining,AppealtoEmotion,Loaded Language,"Every chairman of the Finance and Ways and Means Committee, Republican leaders in the Senate and the House are telling you that. That deficit is ruining the long - term hopes for this economy. It's causing high interest rates.",damaging,Rephrasing,"Every chairman of the Finance and Ways and Means Committee, Republican leaders in the Senate and the House are telling you that. That deficit is damaging the long - term hopes for this economy. It's causing high interest rates."
1988,"What we're talking about is a combination of a strong and effective and credible nuclear deterrent. Strong, well - equipped, well - trained, well - maintained conventional forces. And at the same time a willingness to move forward steadily, thoughtfully cautiously.",AppealtoEmotion,Loaded Language,"Nobody is suggesting that we unilaterally disarm or somehow reduce our strength, of course not. What we're talking about is a combination of a strong and effective and credible nuclear deterrent. Strong, well - equipped, well - trained, well - maintained conventional forces. And at the same time a willingness to move forward steadily, thoughtfully cautiously. We have serious differences with the Soviet Union.","Our focus is on maintaining a credible nuclear deterrent and capable conventional forces, while also pursuing progress in a measured and responsible manner.",Rephrasing,"Nobody is suggesting that we unilaterally disarm or somehow reduce our strength, of course not. Our focus is on maintaining a credible nuclear deterrent and capable conventional forces, while also pursuing progress in a measured and responsible manner. We have serious differences with the Soviet Union."
2004,a grave threat,AppealtoEmotion,Loaded Language,"My opponent thought there was weapons there. That's why he called him a grave threat. I wasn't happy when we found out there wasn't weapons, and we've got an intelligence group together to figure out why.",a risk,Weakening,"My opponent thought there was weapons there. That's why he called him a risk. I wasn't happy when we found out there wasn't weapons, and we've got an intelligence group together to figure out why."
1996,"Republicans talk about it, but we're the first the first administration in anybody's lifetime looking at this program to bring that deficit down four years in a row.",AppealtoEmotion,Loaded Language,"I think they're better off, all of us are, that we got the interest rates down and the deficit down. Republicans talk about it, but we're the first the first administration in anybody's lifetime looking at this program to bring that deficit down four years in a row. We still gave tax cuts to 15 million working Americans, and now I've got a plan that's been out there for two years, it could have been passed already, but instead the Republicans shut the government down to try to force their budget and their plan on me, and I couldn't take that.","Republicans talk about it, but we're the first the first administration to bring that deficit down four years in a row.",Removing additional information,"I think they're better off, all of us are, that we got the interest rates down and the deficit down. Republicans talk about it, but we're the first the first administration to bring that deficit down four years in a row. We still gave tax cuts to 15 million working Americans, and now I've got a plan that's been out there for two years, it could have been passed already, but instead the Republicans shut the government down to try to force their budget and their plan on me, and I couldn't take that."
2008,enormous problems,AppealtoEmotion,Loaded Language,"The question is for the next president, are we making good judgments about how to keep America safe precisely because sending our military into battle is such an enormous step. And the point that I originally made is that we took our eye off Afghanistan, we took our eye off the folks who perpetrated 9/11, they are still sending out videotapes and Senator McCain, nobody is talking about defeat in Iraq, but I have to say we are having enormous problems in Afghanistan because of that decision. And it is not true you have consistently been concerned about what happened in Afghanistan.",big troubles,Rephrasing,"The question is for the next president, are we making good judgments about how to keep America safe precisely because sending our military into battle is such an enormous step. And the point that I originally made is that we took our eye off Afghanistan, we took our eye off the folks who perpetrated 9/11, they are still sending out videotapes and Senator McCain, nobody is talking about defeat in Iraq, but I have to say we are having big troubles in Afghanistan because of that decision. And it is not true you have consistently been concerned about what happened in Afghanistan."
2008,"Americans are hurting right now, and they're angry. They're hurting, and they're angry.",AppealtoEmotion,Loaded Language,"It's good to see you again, Senator Obama. Americans are hurting right now, and they're angry. They're hurting, and they're angry. They're innocent victims of greed and excess on Wall Street and as well as Washington, D. C. And they're angry, and they have every reason to be angry.","People is hurting right now, and it's angry.",Removing repetition,"It's good to see you again, Senator Obama. People is hurting right now, and it's angry. They're innocent victims of greed and excess on Wall Street and as well as Washington, D. C. And they're angry, and they have every reason to be angry."
2004,That's totally absurd.,AppealtoEmotion,Loaded Language,"That's not a way to invite people. That's totally absurd. Of course, the U. N. was invited in.",,Removing additional information,"That's not a way to invite people.  Of course, the U. N. was invited in."
1976,I violently disagree with your assessment.,AppealtoEmotion,Loaded Language,"Well, Mr. Kraft, uh - I violently disagree with your assessment. And I don't think the record justifies the conclusion that you come to.",I don't agree with your statement.,Weakening,"Well, Mr. Kraft, uh - I don't agree with your statement. And I don't think the record justifies the conclusion that you come to."
2000,But thank goodness we've always had enough people who have been willing in every generation to push past the fear of a broken heart and become deeply involved in forming a more perfect union.,AppealtoEmotion,Flag waving,"Sometimes people who are very idealistic and have great dreams, as young people do, are apt to stay at arm's length from the political process because they think their good hearts might be brittle, and if they invest their hopes and allow themselves to believe, then they're gonna be let down and disappointed. But thank goodness we've always had enough people who have been willing in every generation to push past the fear of a broken heart and become deeply involved in forming a more perfect union. We're America, and we believe in our future and we know we have the ability to shape our future.",,Removing additional reference,"Sometimes people who are very idealistic and have great dreams, as young people do, are apt to stay at arm's length from the political process because they think their good hearts might be brittle, and if they invest their hopes and allow themselves to believe, then they're gonna be let down and disappointed.  We're America, and we believe in our future and we know we have the ability to shape our future."
2016,the plague of gun violence,AppealtoEmotion,Loaded Language,"We have to make sure they respect the communities and the communities respect them. And we have to tackle the plague of gun violence, which is a big contributor to a lot of the problems that we're seeing today. Well, first of all, Secretary Clinton doesn't want to use a couple of words, and that's law and order.",the violence,Removing adjective,"We have to make sure they respect the communities and the communities respect them. And we have to tackle the violence, which is a big contributor to a lot of the problems that we're seeing today. Well, first of all, Secretary Clinton doesn't want to use a couple of words, and that's law and order."
1996,"We provide the leadership and we're going to have to continue to provide the leadership, but let's do it on our terms when our interests are involved and not when somebody blows the whistle at the United Nations.",AppealtoEmotion,Flag waving,"But the bottom line is, we are the strongest nation in the world. We provide the leadership and we're going to have to continue to provide the leadership, but let's do it on our terms when our interests are involved and not when somebody blows the whistle at the United Nations. Our military is the strongest military in the world.",We provide the leadership and we're going to have to continue to provide the leadership involving our interests.,Removing additional reference,"But the bottom line is, we are the strongest nation in the world. We provide the leadership and we're going to have to continue to provide the leadership involving our interests. Our military is the strongest military in the world."
1996,President Clinton stopped them dead in their tracks.,AppealtoEmotion,Loaded Language,They invited the lobbyists for the biggest polluters in America to come into the Congress and literally rewrite the Clean Water Act and the Clean Air Act. President Clinton stopped them dead in their tracks. We have a positive agenda on the environment because we believe very deeply that it's about our children and our future.,President Clinton stopped them dead at the beginning.,Rephrasing,They invited the lobbyists for the biggest polluters in America to come into the Congress and literally rewrite the Clean Water Act and the Clean Air Act. President Clinton stopped them dead at the beginning. We have a positive agenda on the environment because we believe very deeply that it's about our children and our future.
2012,such a sketchy deal,AppealtoEmotion,Loaded Language,"Now, Governor Romney was a very successful investor. If somebody came to you, Governor, with a plan that said, here, I want to spend $7 or $8 trillion, and then we're going to pay for it, but we can't tell you until maybe after the election how we're going to do it, you wouldn't take such a sketchy deal and neither should you, the American people, because the math doesn't add up. And -- and what's at stake here is one of two things, either Candy -- this blows up the deficit because keep in mind, this is just to pay for the additional spending that he's talking about, $7 trillion - $8 trillion before we even get to the deficit we already have.",a vague deal,Rephrasing,"Now, Governor Romney was a very successful investor. If somebody came to you, Governor, with a plan that said, here, I want to spend $7 or $8 trillion, and then we're going to pay for it, but we can't tell you until maybe after the election how we're going to do it, you wouldn't take a vague deal and neither should you, the American people, because the math doesn't add up. And -- and what's at stake here is one of two things, either Candy -- this blows up the deficit because keep in mind, this is just to pay for the additional spending that he's talking about, $7 trillion - $8 trillion before we even get to the deficit we already have."
1960,It was killed in the Rules Committee.,AppealtoEmotion,Loaded Language,It failed to came to the floor of the House of Representatives. It was killed in the Rules Committee. And it is a fact in the August session that the four members of the Rules Committee who were Republicans joining with two Democrats voted against sending the aid to education bill to the floor of the House.,Rules Committee rejected it.,Rephrasing,It failed to came to the floor of the House of Representatives. Rules Committee rejected it. And it is a fact in the August session that the four members of the Rules Committee who were Republicans joining with two Democrats voted against sending the aid to education bill to the floor of the House.
1984,nitpicking,AppealtoEmotion,Loaded Language,"I don't believe that a leader should be spending his time in the Oval Office deciding who's going to play tennis on the White House court. And you let those people go with the guidelines of overall policy, not looking over their shoulder and nitpicking the manner in which they go at the job. You are ultimately responsible, however, for that job.",complaining,Rephrasing,"I don't believe that a leader should be spending his time in the Oval Office deciding who's going to play tennis on the White House court. And you let those people go with the guidelines of overall policy, not looking over their shoulder and complaining the manner in which they go at the job. You are ultimately responsible, however, for that job."
2000,"You know, in the last, or two decades ago, it was routine for leaders of foreign countries to come over here and say you guys have got to do something about these horrendous deficits because it's causing tremendous problems for the rest of the world, and we were lectured to all the time.",AppealtoEmotion,Loaded Language,"That means not only military strength and our values, it also means keeping our economy strong. You know, in the last, or two decades ago, it was routine for leaders of foreign countries to come over here and say you guys have got to do something about these horrendous deficits because it's causing tremendous problems for the rest of the world, and we were lectured to all the time. The fact that we have the strongest economy in history today is not good enough.","You know, in the last, or two decades ago, it was routine for leaders of foreign countries to come over here attacking our economy, and we were lectured to all the time.",Rephrasing,"That means not only military strength and our values, it also means keeping our economy strong. You know, in the last, or two decades ago, it was routine for leaders of foreign countries to come over here attacking our economy, and we were lectured to all the time. The fact that we have the strongest economy in history today is not good enough."
2004,deteriorating,AppealtoEmotion,Loaded Language,"The key to success in Afghanistan has been, again, to go in and go after the terrorists, which we've done, and also take down the Taliban regime which allowed them to function there, in effect sponsors, if you will, of the Al Qaida organization. John Edwards, two and a half years ago, six months after we went into Afghanistan announced that it was chaotic, the situation was deteriorating, the warlords were about to take over. Here we are, two and a half years later, we're four days away from a democratic election, the first one in history in Afghanistan.",fragile,Rephrasing,"The key to success in Afghanistan has been, again, to go in and go after the terrorists, which we've done, and also take down the Taliban regime which allowed them to function there, in effect sponsors, if you will, of the Al Qaida organization. John Edwards, two and a half years ago, six months after we went into Afghanistan announced that it was chaotic, the situation was fragile, the warlords were about to take over. Here we are, two and a half years later, we're four days away from a democratic election, the first one in history in Afghanistan."
2004,The fact is that the president is driving the largest deficits in American history.,AppealtoEmotion,Loaded Language,Not one of them are paid for. The fact is that the president is driving the largest deficits in American history. He's broken the pay - as - you - go rules.,The deficits is growing.,Rephrasing,Not one of them are paid for. The deficits is growing. He's broken the pay - as - you - go rules.
2000,"The administration, seems like we're having a great love fest tonight, but the administration made the right decision on training Nigerian troops for situations just such as this in Rwanda, and so I thought they made the right decision not to send U. S. troops into Rwanda.",AppealtoEmotion,Loaded Language,"And that's a case where we need to use our influence to have countries in Africa come together and help deal with the situation. The administration, seems like we're having a great love fest tonight, but the administration made the right decision on training Nigerian troops for situations just such as this in Rwanda, and so I thought they made the right decision not to send U. S. troops into Rwanda. I'd like to come back to the question of nation building, but let me address the question directly, first.",The administration made the right decision on training Nigerian troops for situations just such as this in Rwanda.,Removing additional reference,"And that's a case where we need to use our influence to have countries in Africa come together and help deal with the situation. The administration made the right decision on training Nigerian troops for situations just such as this in Rwanda. I'd like to come back to the question of nation building, but let me address the question directly, first."
1960,a disastrous situation,AppealtoEmotion,Loaded Language,"This is important. But it's also tremendously important to bear in mind that when you pour in money without pouring in technical assistance at w- as well, that you have a disastrous situation. We need to step up exchange; we need to step up technical assistance so that trained people in these newly developing countries can operate the economies.",the scenario it's not good,Rephrasing,"This is important. But it's also tremendously important to bear in mind that when you pour in money without pouring in technical assistance at w- as well, that you have the scenario it's not good. We need to step up exchange; we need to step up technical assistance so that trained people in these newly developing countries can operate the economies."
2016,a great display of presidential leadership.,AppealtoEmotion,Loaded Language,"And, yes, President Lincoln was trying to convince some people, he used some arguments, convincing other people, he used other arguments. That was a great—I thought a great display of presidential leadership. But, you know, let’s talk about what’s really going on here, Martha, because our intelligence community just came out and said in the last few days that the Kremlin, meaning Putin and the Russian government, are directing the attacks, the hacking on American accounts to influence our election.",a notable expression of leadership,Rephrasing,"And, yes, President Lincoln was trying to convince some people, he used some arguments, convincing other people, he used other arguments. That was a great—I thought a notable expression of leadership But, you know, let’s talk about what’s really going on here, Martha, because our intelligence community just came out and said in the last few days that the Kremlin, meaning Putin and the Russian government, are directing the attacks, the hacking on American accounts to influence our election."
1996,the ugly and gruesome practice,AppealtoEmotion,Loaded Language,"And to think that in this country, for every three births, there is one abortion. But even worse than that, as ugly as that might be -- and I know it's a tragedy to many people both on the pro - choice and pro - life position -- we have a President who vetoed a congressional ban on the ugly and gruesome practice of snatching life away from a child just moments before he or she enters the world. That is unacceptable.",the practice,Removing adjective,"And to think that in this country, for every three births, there is one abortion. But even worse than that, as ugly as that might be -- and I know it's a tragedy to many people both on the pro - choice and pro - life position -- we have a President who vetoed a congressional ban on the practice of snatching life away from a child just moments before he or she enters the world. That is unacceptable."
2016,a terrible mistake,AppealtoEmotion,Loaded Language,And among the ones that he has suggested are people who would reverse Roe v. Wade and reverse marriage equality. I think that would be a terrible mistake and would take us backwards. I want a Supreme Court that doesn’t always side with corporate interests.,a bad idea,Weakening,And among the ones that he has suggested are people who would reverse Roe v. Wade and reverse marriage equality. I think that would be a bad idea and would take us backwards. I want a Supreme Court that doesn’t always side with corporate interests.
1980,"an irresponsible statement, or, maybe, an ill - advised statement",AppealtoEmotion,Loaded Language,"There have been preliminary skirmishing in the committees of the Senate, but the Treaty has never come to the floor of the Senate for either a debate or a vote. It's understandable that a Senator in the preliminary debates can make an irresponsible statement, or, maybe, an ill - advised statement. You've got 99 other senators to correct that mistake, if it is a mistake.",a mistake,Rephrasing,"There have been preliminary skirmishing in the committees of the Senate, but the Treaty has never come to the floor of the Senate for either a debate or a vote. It's understandable that a Senator in the preliminary debates can make a mistake. You've got 99 other senators to correct that mistake, if it is a mistake."
2000,It is unAmerican,AppealtoEmotion,Loaded Language,"It is just wrong. It is unAmerican, and to think that in the 21st Century this kind of nonsense is still going on. We have to stop it.",It's not common,Weakening,"It is just wrong. It's not common, and to think that in the 21st Century this kind of nonsense is still going on. We have to stop it."
2000,enormous regard,AppealtoEmotion,Loaded Language,"I'm not attacking the military, Joe. I have enormous regard for the men and women of the U. S. military. I had the privilege of working with them for the four years I was the Secretary of Defense.",admiration,Rephrasing,"I'm not attacking the military, Joe. I have admiration for the men and women of the U. S. military. I had the privilege of working with them for the four years I was the Secretary of Defense."
2016,some horrible things,AppealtoEmotion,Loaded Language,"And my whole concept was to make America great again. When I watch the deals being made, when I watch what’s happening with some horrible things like Obamacare, where your health insurance and health care is going up by numbers that are astronomical, 68 percent, 59 percent, 71 percent, when I look at the Iran deal and how bad a deal it is for us, it’s a one - sided transaction where we’re giving back $150 billion to a terrorist state, really, the number one terror state, we’ve made them a strong country from really a very weak country just three years ago. When I look at all of the things that I see and all of the potential that our country has, we have such tremendous potential, whether it’s in business and trade, where we’re doing so badly.",something,Weakening,"And my whole concept was to make America great again. When I watch the deals being made, when I watch what’s happening with something like Obamacare, where your health insurance and health care is going up by numbers that are astronomical, 68 percent, 59 percent, 71 percent, when I look at the Iran deal and how bad a deal it is for us, it’s a one - sided transaction where we’re giving back $150 billion to a terrorist state, really, the number one terror state, we’ve made them a strong country from really a very weak country just three years ago. When I look at all of the things that I see and all of the potential that our country has, we have such tremendous potential, whether it’s in business and trade, where we’re doing so badly."
1984,I believe that many of the things they have done are evil in any concept of morality that we have.,AppealtoEmotion,Loaded Language,"I retract nothing that I have said. I believe that many of the things they have done are evil in any concept of morality that we have. But I also recognize that as the two great superpowers in the world, we have to live with each other.",I believe there was no morality in what they have done.,Rephrasing,"I retract nothing that I have said. I believe there was no morality in what they have done. But I also recognize that as the two great superpowers in the world, we have to live with each other."
1960,The worst thing that I can think can happen in this campaign,AppealtoEmotion,Loaded Language,"We must not be divided on this issue. The worst thing that I can think can happen in this campaign would be for it to be decided on religious issues. I obviously repudiate the Klan; I repudiate anybody who uses the religious issue; I will not tolerate it, I have ordered all of my people to have nothing to do with it and I say - say to this great audience, whoever may be listening, remember, if you believe in America, if you want America to set the right example to the world, that we cannot have religious or racial prejudice.",I think that the worst scenario in this campaign,Rephrasing,"We must not be divided on this issue. I think that the worst scenario in this campaign would be for it to be decided on religious issues. I obviously repudiate the Klan; I repudiate anybody who uses the religious issue; I will not tolerate it, I have ordered all of my people to have nothing to do with it and I say - say to this great audience, whoever may be listening, remember, if you believe in America, if you want America to set the right example to the world, that we cannot have religious or racial prejudice."
1992,There will be a job - sucking sound going south.,AppealtoEmotion,Loaded Language,And you don't care about anything but making money. There will be a job - sucking sound going south. If the people send me to Washington the first thing I'll do is study that 2000-page agreement and make sure it's a 2-way street.,The south isn't in a good work situation.,Rephrasing,And you don't care about anything but making money. The south isn't in a good work situation. If the people send me to Washington the first thing I'll do is study that 2000-page agreement and make sure it's a 2-way street.
2000,cynicism,AppealtoEmotion,Loaded Language,"It's time for a new look. It's time for a fresh start after a season of cynicism. And so I don't know the man well, but I've been disappointed about how he and his administration have conducted the fundraising affairs.",hostility,Rephrasing,"It's time for a new look. It's time for a fresh start after a season of hostility. And so I don't know the man well, but I've been disappointed about how he and his administration have conducted the fundraising affairs."
1980,a kind of a hypocritical policy,AppealtoEmotion,Loaded Language,"Because someone didn't meet exactly our standards of human rights, even though they were an ally of ours, instead of trying patiently to persuade them to change their ways, we have, in a number of instances, aided a revolutionary overthrow which results in complete totalitarianism, instead, for those people. I think that this is a kind of a hypocritical policy when, at the same time, we're maintaining a detente with the one nation in the world where there are no human rights at all - the Soviet Union. Now, there was a second phase in the Iranian affair in which we had something to do with that.",a wrong policy,Weakening,"Because someone didn't meet exactly our standards of human rights, even though they were an ally of ours, instead of trying patiently to persuade them to change their ways, we have, in a number of instances, aided a revolutionary overthrow which results in complete totalitarianism, instead, for those people. I think that this is a wrong policy when, at the same time, we're maintaining a detente with the one nation in the world where there are no human rights at all - the Soviet Union. Now, there was a second phase in the Iranian affair in which we had something to do with that."
2016,this catastrophic war,AppealtoEmotion,Loaded Language,"But there are a lot of refugees, women and children—think of that picture we all saw of that 4-year - old boy with the blood on his forehead because he’d been bombed by the Russian and Syrian air forces. There are children suffering in this catastrophic war, largely, I believe, because of Russian aggression. And we need to do our part.",this war,Removing adjective,"But there are a lot of refugees, women and children—think of that picture we all saw of that 4-year - old boy with the blood on his forehead because he’d been bombed by the Russian and Syrian air forces. There are children suffering in this war, largely, I believe, because of Russian aggression. And we need to do our part."
1960,the lie that we told,AppealtoEmotion,Loaded Language,"I believe we should increase our strength all over the world. But I don't confuse words with strength; and in my judgment if the summit was useful, if it would have brought us closer to peace, that rather than the lie that we told - which has been criticized by all responsible people afterwards - it would have been far better for us to follow the common diplomatic procedure of expressing regrets and then try to move on. I think Kenne- Senator Kennedy is wrong on three counts.",the inaccuracy we told,Rephrasing,"I believe we should increase our strength all over the world. But I don't confuse words with strength; and in my judgment if the summit was useful, if it would have brought us closer to peace, that rather than the inaccuracy we told - which has been criticized by all responsible people afterwards - it would have been far better for us to follow the common diplomatic procedure of expressing regrets and then try to move on. I think Kenne- Senator Kennedy is wrong on three counts."
1992,"And I have said again and again and again let's get off mud wrestling, let's get off personalities and let's talk about jobs, health care, crime, the things that concern the American people.",AppealtoEmotion,Loaded Language,"-- I couldn't agree with you more, couldn't agree with you more. And I have said again and again and again let's get off mud wrestling, let's get off personalities and let's talk about jobs, health care, crime, the things that concern the American people. I'm spending my money -- not PAC money, not foreign money, my money -- to take this message to the people.","Let's talk about jobs, health care, crime, the things that concern the American people.",Removing additional reference,"-- I couldn't agree with you more, couldn't agree with you more. Let's talk about jobs, health care, crime, the things that concern the American people. I'm spending my money -- not PAC money, not foreign money, my money -- to take this message to the people."
1980,"destroy discriminations that properly belong, by law, to women",AppealtoEmotion,Loaded Language,"And I make it plain again: I am for women's rights. But I would like to call the attention of the people to the fact that that so - called simple amendment would be used by mischievous men to destroy discriminations that properly belong, by law, to women respecting the physical differences between the two sexes, labor laws that protect them against things that would be physically harmful to them. Those would all, could all be challenged by men.",destroy other discriminations,Removing additional reference,"And I make it plain again: I am for women's rights. But I would like to call the attention of the people to the fact that that so - called simple amendment would be used by mischievous men to destroy other discriminations respecting the physical differences between the two sexes, labor laws that protect them against things that would be physically harmful to them. Those would all, could all be challenged by men."
2000,a consistent crusader,AppealtoEmotion,Loaded Language,"Al Gore and I have felt for a long time, first as parents and then only second as public officials, that we cannot let America's parents stand alone in this competition that they feel they're in with Hollywood to raise their own kids and give their kids the faith and values they want to give them. I've been a consistent crusader on that behalf. John McCain and I actually requested the Federal Trade Commission report that came out three or four weeks ago which proved conclusively that the entertainment industry was marketing adult - rated products to our children.",a supporter,Rephrasing,"Al Gore and I have felt for a long time, first as parents and then only second as public officials, that we cannot let America's parents stand alone in this competition that they feel they're in with Hollywood to raise their own kids and give their kids the faith and values they want to give them. I've been a supporter on that behalf. John McCain and I actually requested the Federal Trade Commission report that came out three or four weeks ago which proved conclusively that the entertainment industry was marketing adult - rated products to our children."
2016,radical Islamic terrorists,AppealtoEmotion,Loaded Language,Look at Paris. Look at that horrible—these are radical Islamic terrorists. And she won’t even mention the word and nor will President Obama.,terrorists,Removing adjective,Look at Paris. Look at that horrible—these are terrorists. And she won’t even mention the word and nor will President Obama.
1996,"And you know this liberal charge, that's what their party always drags out when they get in a tight race. It's sort of their golden oldie, you know.",AppealtoEmotion,Loaded Language,"When Senator Dole made that remark about all the elitists, all the young elitists in the administration, one of the young men who works for me who grew up in a house trailer looked at me and said, Mr. President, I know how you grew up, who is he talking about. And you know this liberal charge, that's what their party always drags out when they get in a tight race. It's sort of their golden oldie, you know. It's a record they think they can play that everybody loves to hear.",This liberal charge is used when they get in a tight race.,Rephrasing,"When Senator Dole made that remark about all the elitists, all the young elitists in the administration, one of the young men who works for me who grew up in a house trailer looked at me and said, Mr. President, I know how you grew up, who is he talking about. This liberal charge is used when they get in a tight race. It's a record they think they can play that everybody loves to hear."
1980,there will be no negotiation with terrorists of any kind,AppealtoEmotion,Loaded Language,"Yes. I have no quarrel whatsoever with the things that have been done, because I believe it is high time that the civilized countries of the world made it plain that there is no room worldwide for terrorism; there will be no negotiation with terrorists of any kind. And while I have a last word here, I would like to correct a misstatement of fact by the President.",there won't be any kind of negotiation ,Rephrasing,"Yes. I have no quarrel whatsoever with the things that have been done, because I believe it is high time that the civilized countries of the world made it plain that there is no room worldwide for terrorism; there won't be any kind of negotiation . And while I have a last word here, I would like to correct a misstatement of fact by the President."
2000,It will be a huge down payment for a pretty darn good system.,AppealtoEmotion,Loaded Language,"Secondly, that you get a $2,000 rebate from the government if you're a family of $30,000 or less -- it scales down as you get higher -- that you can use to purchase health care in the private markets. It will be a huge down payment for a pretty darn good system. If you allow -- also allow -- convince states to -- allow states to allow the mother to match some of the children's health insurance money with it, the pool purchasing power.",The down payment system will fit the system.,Weakening,"Secondly, that you get a $2,000 rebate from the government if you're a family of $30,000 or less -- it scales down as you get higher -- that you can use to purchase health care in the private markets. The down payment system will fit the system. If you allow -- also allow -- convince states to -- allow states to allow the mother to match some of the children's health insurance money with it, the pool purchasing power."
2000,fishing in troubled waters,AppealtoEmotion,Loaded Language,"He is a danger. We don't want him fishing in troubled waters in the Middle East. And it's going to be hard, it's going to be important to rebuild that coalition to keep the pressure on him.",get in trouble,Rephrasing,"He is a danger. We don't want him get in trouble in the Middle East. And it's going to be hard, it's going to be important to rebuild that coalition to keep the pressure on him."
2008,out - of - control spending and corruption,AppealtoEmotion,Loaded Language,"And the -- the worst symptom on this disease is what my friend, Tom Coburn, calls earmarking as a gateway drug, because it's a gateway. It's a gateway to out - of - control spending and corruption. And we have former members of Congress now residing in federal prison because of the evils of this earmarking and pork - barrel spending.",misuse of money and power,Rephrasing,"And the -- the worst symptom on this disease is what my friend, Tom Coburn, calls earmarking as a gateway drug, because it's a gateway. It's a gateway to misuse of money and power. And we have former members of Congress now residing in federal prison because of the evils of this earmarking and pork - barrel spending."
1976,a bluffing statement,AppealtoEmotion,Loaded Language,"But he also made sure that there was a bipartisan support. The members of Congress, Arthur Vandenberg, Walter George, were part of the process, and before our nation made a secret agreement, or before we made a bluffing statement, we were sure that we had the backing not only of the president and the secretary of state, but also of the Congress and the people. This is a responsibility of the president.",a misleading statement,Weakening,"But he also made sure that there was a bipartisan support. The members of Congress, Arthur Vandenberg, Walter George, were part of the process, and before our nation made a secret agreement, or before we made a misleading statement, we were sure that we had the backing not only of the president and the secretary of state, but also of the Congress and the people. This is a responsibility of the president."
2004,a catastrophic mistake,AppealtoEmotion,Loaded Language,"(LAUGHTER) But history will look back, and I'm fully prepared to accept any mistakes that history judges to my administration, because the president makes the decisions, the president has to take the responsibility. I believe the president made a huge mistake, a catastrophic mistake, not to live up to his own standard, which was: build a true global coalition, give the inspectors time to finish their job and go through the U. N. process to its end and go to war as a last resort. I ask each of you just to look into your hearts, look into your guts.",a considerable mistake,Weakening,"(LAUGHTER) But history will look back, and I'm fully prepared to accept any mistakes that history judges to my administration, because the president makes the decisions, the president has to take the responsibility. I believe the president made a huge mistake, a considerable mistake, not to live up to his own standard, which was: build a true global coalition, give the inspectors time to finish their job and go through the U. N. process to its end and go to war as a last resort. I ask each of you just to look into your hearts, look into your guts."
2000,phony,AppealtoEmotion,Loaded Language,"Let me just say, Jim, you haven't heard the governor deny these numbers. He's called them phony and fuzzy. The fact remains almost 30% of his proposed tax cut goes to -- only to Americans that make more than $1 million per year.",wrong,Rephrasing,"Let me just say, Jim, you haven't heard the governor deny these numbers. He's called them wrong and fuzzy. The fact remains almost 30% of his proposed tax cut goes to -- only to Americans that make more than $1 million per year."
1992,"My argument with Governor Clinton -- you can call it mud wrestling, but I think it's fair to put it in focus is -- I am deeply troubled by someone who demonstrates and organizes demonstration in a foreign land when his country's at war.",AppealtoEmotion,Loaded Language,"That says something about character. My argument with Governor Clinton -- you can call it mud wrestling, but I think it's fair to put it in focus is -- I am deeply troubled by someone who demonstrates and organizes demonstration in a foreign land when his country's at war. Probably a lot of kids here disagree with me.",I don't agree with Governor Clinton that demonstrates and organizes demonstration in a foreign land when his country's at war.,Rephrasing + Removing additional info,That says something about character. I don't agree with Governor Clinton that demonstrates and organizes demonstration in a foreign land when his country's at war. Probably a lot of kids here disagree with me.
2000,You know the Japanese are breathing down our necks on this.,AppealtoEmotion,Loaded Language,"If we take the leadership role and build the new technologies, like the new kinds of cars and trucks that Detroit is itching to build, then we can create millions of good new jobs by being first into the market with these new kinds of cars and trucks and other kinds of technologies. You know the Japanese are breathing down our necks on this. They're moving very rapidly because they know that it is a fast - growing world market.",Japan is very close to us.,Rephrasing,"If we take the leadership role and build the new technologies, like the new kinds of cars and trucks that Detroit is itching to build, then we can create millions of good new jobs by being first into the market with these new kinds of cars and trucks and other kinds of technologies. Japan is very close to us. They're moving very rapidly because they know that it is a fast - growing world market."
2000,This is a bad tax.,AppealtoEmotion,Loaded Language,One reason family farmers are forced to sell early is because of the death tax. This is a bad tax. The President shouldn't have vetoed that bill.,,Removing additional information,One reason family farmers are forced to sell early is because of the death tax.  The President shouldn't have vetoed that bill.
2000,so tremendously impressed,AppealtoEmotion,Loaded Language,I've watched George Bush. And one of the reasons I was eager to sign on when he asked me to become his running mate is because I've been so tremendously impressed with what he's done as the Governor of Texas. He came in when he had a legislature completely controlled by the other party.,so impressed,Removing adjective,I've watched George Bush. And one of the reasons I was eager to sign on when he asked me to become his running mate is because I've been so impressed with what he's done as the Governor of Texas. He came in when he had a legislature completely controlled by the other party.
2008,the worst economic crisis,AppealtoEmotion,Loaded Language,I think we all know America is going through tough times right now. The policies of the last eight years and -- and Washington's unwillingness to tackle the tough problems for decades has left us in the worst economic crisis since the Great Depression. And that's why the biggest risk we could take right now is to adopt the same failed policies and the same failed politics that we've seen over the last eight years and somehow expect a different result.,a period of economic crisis,Weakening,I think we all know America is going through tough times right now. The policies of the last eight years and -- and Washington's unwillingness to tackle the tough problems for decades has left us in a period of economic crisis since the Great Depression. And that's why the biggest risk we could take right now is to adopt the same failed policies and the same failed politics that we've seen over the last eight years and somehow expect a different result.
2004,"He cut if off, sort of arbitrarily.",AppealtoEmotion,Loaded Language,"He didn't. He cut if off, sort of arbitrarily. And we know that there were further diplomatic efforts under way.",He's been stopped.,Rephrasing,He didn't. He's been stopped. And we know that there were further diplomatic efforts under way.
2016,horrible sights all over,AppealtoEmotion,Loaded Language,"But this is locker room talk. You know, when we have a world where you have ISIS chopping off heads, where you have—and, frankly, drowning people in steel cages, where you have wars and horrible, horrible sights all over, where you have so many bad things happening, this is like medieval times. We haven’t seen anything like this, the carnage all over the world.",situations ,Removing additional information,"But this is locker room talk. You know, when we have a world where you have ISIS chopping off heads, where you have—and, frankly, drowning people in steel cages, where you have wars and horrible, situations , where you have so many bad things happening, this is like medieval times. We haven’t seen anything like this, the carnage all over the world."
2004,That's not wishy- washy.,AppealtoEmotion,Loaded Language,I have a plan to put people back to work. That's not wishy- washy. I'm going to close the loopholes that actually encourage companies to go overseas.,It's not banal.,Rephrasing,I have a plan to put people back to work. It's not banal. I'm going to close the loopholes that actually encourage companies to go overseas.
1988,"But if there's one thing we also understand it is that you cannot make concessions to terrorists, ever, ever.",AppealtoEmotion,Loaded Language,"Their families care deeply about them, want them back and understandably so and we want to do everything we can to bring them back. But if there's one thing we also understand it is that you cannot make concessions to terrorists, ever, ever. Because if you do, it's an open invitation to other terrorists to take hostages and to blackmail us.",We can't make concessions to terrorists.,Removing additional information,"Their families care deeply about them, want them back and understandably so and we want to do everything we can to bring them back. We can't make concessions to terrorists. Because if you do, it's an open invitation to other terrorists to take hostages and to blackmail us."
1992,awful hard,AppealtoEmotion,Loaded Language,"And so I'm very proud of the way that came about and I think it's a very, very good beginning. Like Mr. Perot, I am concerned about the deficits and $150 billion is a lot of money, but it's awful hard to say we're going to go out and spend more money when we're trying to get the deficit down. But I would cite that as a major accomplishment.",difficult,Weakening,"And so I'm very proud of the way that came about and I think it's a very, very good beginning. Like Mr. Perot, I am concerned about the deficits and $150 billion is a lot of money, but it's difficult to say we're going to go out and spend more money when we're trying to get the deficit down. But I would cite that as a major accomplishment."
2008,"Well, this has been a tough campaign. It's been a very tough campaign.",AppealtoEmotion,Loaded Language,"Well, this has been a tough campaign. It's been a very tough campaign. And I know from my experience in many campaigns that, if Senator Obama had asked -- responded to my urgent request to sit down, and do town hall meetings, and come before the American people, we could have done at least 10 of them by now.","Well, this has been a tough campaign.",Removing repetition,"Well, this has been a tough campaign. And I know from my experience in many campaigns that, if Senator Obama had asked -- responded to my urgent request to sit down, and do town hall meetings, and come before the American people, we could have done at least 10 of them by now."
2004,"He just doesn't understand how the borders work, evidently, to say that. That is an outrageous claim.",AppealtoEmotion,Loaded Language,"We have much more manpower and much more equipment there. He just doesn't understand how the borders work, evidently, to say that. That is an outrageous claim. And we'll continue to protect our borders.","He just doesn't understand how the borders work, evidently, to say that.",Removing additional information,"We have much more manpower and much more equipment there. He just doesn't understand how the borders work, evidently, to say that. And we'll continue to protect our borders."
2008,"But what is absolutely true is that, once we get through this economic crisis and some of the specific proposals to get us out of this slump, that we're not going to be able to go back to our profligate ways.",AppealtoEmotion,Loaded Language,"If we invest now in our young people and their ability to go to college, that will allow them to drive this economy into the 21st century. But what is absolutely true is that, once we get through this economic crisis and some of the specific proposals to get us out of this slump, that we're not going to be able to go back to our profligate ways. And we're going to have to embrace a culture and an ethic of responsibility, all of us, corporations, the federal government, and individuals out there who may be living beyond their means.","But what is absolutely true is that, once we get through this economic crisis, that we're not going to be able to go back to our profligate ways.",Removing additional information,"If we invest now in our young people and their ability to go to college, that will allow them to drive this economy into the 21st century. But what is absolutely true is that, once we get through this economic crisis, that we're not going to be able to go back to our profligate ways. And we're going to have to embrace a culture and an ethic of responsibility, all of us, corporations, the federal government, and individuals out there who may be living beyond their means."
1996,the bloodiest century in mankind's history,AppealtoEmotion,Loaded Language,"I think this is the most exciting time in the history of the world to be alive. We have lived through what Jean Kirpatrick called the bloodiest century in mankind's history. We have defeated in this system of ours fascism, Nazism, communism, socialism is defunct or debunked around the world, the evil of apartheid has ended.",the lowest century in mankind's history,Weakening,"I think this is the most exciting time in the history of the world to be alive. We have lived through what Jean Kirpatrick called the lowest century in mankind's history. We have defeated in this system of ours fascism, Nazism, communism, socialism is defunct or debunked around the world, the evil of apartheid has ended."
2016,a national catastrophe,AppealtoEmotion,Loaded Language,"There’s no growth. If China has a GDP of 7 percent, it’s like a national catastrophe. We’re down at 1 percent.",bad situation,Weakening,"There’s no growth. If China has a GDP of 7 percent, it’s like bad situation. We’re down at 1 percent."
2008,"look at them, my friends. Look at them. You'll be appalled.",AppealtoEmotion,Loaded Language,"It's throughout. look at them, my friends. Look at them. You'll be appalled. And Senator Obama is a recent convert, after requesting $932 million worth of pork - barrel spending projects.",,Removing repetition,"It's throughout.  And Senator Obama is a recent convert, after requesting $932 million worth of pork - barrel spending projects."
1960,a battle for the minds and the hearts and the souls of men,AppealtoEmotion,Loaded Language,The other point that I would make with regard to economic assistance and technical assistance is that the United States must not rest its case here alone. This is primarily an ideological battle - a battle for the minds and the hearts and the souls of men. We must not meet the Communists purely in the field of gross atheistic materialism.,a battle under all the points of view,Rephrasing,The other point that I would make with regard to economic assistance and technical assistance is that the United States must not rest its case here alone. This is primarily an ideological battle - a battle under all the points of view. We must not meet the Communists purely in the field of gross atheistic materialism.
2016,tremendous respect,AppealtoEmotion,Loaded Language,And I was embarrassed by it. But I have tremendous respect for women. And women have respect for me.,respect,Removing adjective,And I was embarrassed by it. But I have respect for women. And women have respect for me.
1996,the freest press and the greatest First Amendment rights in the history of mankind,AppealtoEmotion,Loaded Language,These issues are fully capable of being understood and reflected upon by the American people. This is a democracy in which we have the freest press and the greatest First Amendment rights in the history of mankind. And Bob and I respect that.,freedom of expression in the press and the First Amendment rights,Rephrasing,These issues are fully capable of being understood and reflected upon by the American people. This is a democracy in which we have freedom of expression in the press and the First Amendment rights. And Bob and I respect that.
1980,a radical departure,AppealtoEmotion,Loaded Language,"First of all, there is the historical perspective that I just described. This is a contest between a Democrat in the mainstream of my party, as exemplified by the actions that I have taken in the Oval Office the last four years, as contrasted with Governor Reagan, who in most cases does typify his party, but in some cases, there is a radical departure by him from the heritage of Eisenhower and others. The most important crucial difference in this election campaign, in my judgment, is the approach to the control of nuclear weaponry and the inclination to control or not to control the spread of atomic weapons to other nations who don't presently have it, particularly terrorist nations.",division,Rephrasing,"First of all, there is the historical perspective that I just described. This is a contest between a Democrat in the mainstream of my party, as exemplified by the actions that I have taken in the Oval Office the last four years, as contrasted with Governor Reagan, who in most cases does typify his party, but in some cases, there is division by him from the heritage of Eisenhower and others. The most important crucial difference in this election campaign, in my judgment, is the approach to the control of nuclear weaponry and the inclination to control or not to control the spread of atomic weapons to other nations who don't presently have it, particularly terrorist nations."
1992,I'm awful proud that the American people rejected that tactic so overwhelmingly,AppealtoEmotion,Loaded Language,"I think the president of the US ought to apologize. I think that he insulted the intelligence of the American people and I'm awful proud that the American people rejected that tactic so overwhelmingly that he decided he had made a mistake. Do you think it was a mistake, too, Dan?",I agree with the American people that rejected that tactic ,Weakening,"I think the president of the US ought to apologize. I think that he insulted the intelligence of the American people and I agree with the American people that rejected that tactic  that he decided he had made a mistake. Do you think it was a mistake, too, Dan?"
1992,an aggressive program,AppealtoEmotion,Loaded Language,"And right now when we pay $350 -- we borrow $350 billion a year it saps the money markets and the private investors are not getting their share. What we do is work on that budget by an aggressive program, not a painful program, so that we can start borrowing less money and getting more investment money on the street through entrepreneurs who can build factories, who will hire people, and maybe we'll start manufacturing goods here in this country again. That's -- that's my answer.",a powerful program,Rephrasing,"And right now when we pay $350 -- we borrow $350 billion a year it saps the money markets and the private investors are not getting their share. What we do is work on that budget by a powerful program, not a painful program, so that we can start borrowing less money and getting more investment money on the street through entrepreneurs who can build factories, who will hire people, and maybe we'll start manufacturing goods here in this country again. That's -- that's my answer."
1996,withering on the vine,AppealtoEmotion,Loaded Language,"The Kennedy - Kassebaum bill that I signed will make it possible for 25 million people to keep their health insurance when they change jobs or when somebody in their family's been sick. I signed a bill to stop these drive - by deliveries when insurance companies can force people out of the hospital after 24 hours and I vetoed Senator Dole's Medicare plan that would have forced a lot of seniors into managed care and taken a lot more money out of their pockets and led to Medicare withering on the vine. Well, many of the provisions in the Kassebaum bill were provisions that -- my provisions, like deductions for long - term care, making certain that self - employed people that are watching tonight can deduct not 30 percent but 80 percent of you pay for premiums.",degenerating,Rephrasing,"The Kennedy - Kassebaum bill that I signed will make it possible for 25 million people to keep their health insurance when they change jobs or when somebody in their family's been sick. I signed a bill to stop these drive - by deliveries when insurance companies can force people out of the hospital after 24 hours and I vetoed Senator Dole's Medicare plan that would have forced a lot of seniors into managed care and taken a lot more money out of their pockets and led to Medicare degenerating. Well, many of the provisions in the Kassebaum bill were provisions that -- my provisions, like deductions for long - term care, making certain that self - employed people that are watching tonight can deduct not 30 percent but 80 percent of you pay for premiums."
1996,tearing me apart,AppealtoEmotion,Loaded Language,"Stop scaring the seniors, Mr. President. You've already spent $45 million scaring seniors and tearing me apart. I think it's time to have a truce.",shattering me,Weakening,"Stop scaring the seniors, Mr. President. You've already spent $45 million scaring seniors and shattering me. I think it's time to have a truce."
1992,great suspicion,AppealtoEmotion,Loaded Language,"I don't say that -- So I think that should be eyed with great suspicion, people that are really kicking the props out from under our grand military establishment prematurely. Now there's other differences between the Perot approach and what we see up here on either side of me, and that has to do with we want to focus our interests, economic and military, more to the Pacific.",a major attention,Rephrasing,"I don't say that -- So I think that should be eyed with a major attention, people that are really kicking the props out from under our grand military establishment prematurely. Now there's other differences between the Perot approach and what we see up here on either side of me, and that has to do with we want to focus our interests, economic and military, more to the Pacific."
2016,Because you’d be in jail.,AppealtoEmotion,Loaded Language,"Last time at the first debate, we had millions of people fact checking, so I expect we’ll have millions more fact checking, because, you know, it is—it’s just awfully good that someone with the temperament of Donald Trump is not in charge of the law in our country. Because you’d be in jail.  Well, Martha, first, let me say—and I’ve said before, but I’ll repeat it, because I want everyone to hear it—that was a mistake, and I take responsibility for using a personal e - mail account.",Because you shouldn't be here.,Rephrasing,"Last time at the first debate, we had millions of people fact checking, so I expect we’ll have millions more fact checking, because, you know, it is—it’s just awfully good that someone with the temperament of Donald Trump is not in charge of the law in our country. Because you shouldn't be here.  Well, Martha, first, let me say—and I’ve said before, but I’ll repeat it, because I want everyone to hear it—that was a mistake, and I take responsibility for using a personal e - mail account."
2008,a terribly painful situation,AppealtoEmotion,Loaded Language,"This will cost some money on the front end, but over the long term this is the only way that not only are we going to make families healthy, but it's also how we're going to save the federal budget, because we can't afford these escalating costs. Well, it is a terribly painful situation for Americans. They're seeing their premiums, their co - pays go up.",a very bad situation,Weakening,"This will cost some money on the front end, but over the long term this is the only way that not only are we going to make families healthy, but it's also how we're going to save the federal budget, because we can't afford these escalating costs. Well, it is a very bad situation for Americans. They're seeing their premiums, their co - pays go up."
